epoc (ms),timestamp (+0800),elapsed (s),x-axis (T),y-axis (T),z-axis (T)
1573804426555,2019-11-15T15.53.46.555,0.000,-0.000001875,-0.000009500,-0.000003563
1573804426594,2019-11-15T15.53.46.594,0.039,-0.000002250,-0.000010250,-0.000003125
1573804426635,2019-11-15T15.53.46.635,0.080,-0.000003688,-0.000010250,-0.000003937
1573804426675,2019-11-15T15.53.46.675,0.120,-0.000002938,-0.000010625,-0.000003563
1573804426714,2019-11-15T15.53.46.714,0.159,-0.000002625,-0.000011000,-0.000003563
1573804426754,2019-11-15T15.53.46.754,0.199,-0.000003312,-0.000009875,-0.000004313
1573804426794,2019-11-15T15.53.46.794,0.239,-0.000001500,-0.000010250,-0.000002750
1573804426833,2019-11-15T15.53.46.833,0.278,-0.000002938,-0.000010625,-0.000003937
1573804426873,2019-11-15T15.53.46.873,0.318,-0.000002625,-0.000010250,-0.000003563
1573804426914,2019-11-15T15.53.46.914,0.359,-0.000002250,-0.000009875,-0.000003937
1573804426953,2019-11-15T15.53.46.953,0.398,-0.000002250,-0.000010625,-0.000004750
1573804426993,2019-11-15T15.53.46.993,0.438,-0.000002625,-0.000011000,-0.000003563
1573804427032,2019-11-15T15.53.47.032,0.477,-0.000002250,-0.000009500,-0.000003563
1573804427072,2019-11-15T15.53.47.072,0.517,-0.000002938,-0.000011375,-0.000003937
1573804427111,2019-11-15T15.53.47.111,0.556,-0.000001875,-0.000010625,-0.000003937
1573804427152,2019-11-15T15.53.47.152,0.597,-0.000002250,-0.000010625,-0.000003563
1573804427192,2019-11-15T15.53.47.192,0.637,-0.000002625,-0.000010250,-0.000004313
1573804427232,2019-11-15T15.53.47.232,0.677,-0.000003312,-0.000010250,-0.000002375
1573804427271,2019-11-15T15.53.47.271,0.716,-0.000003312,-0.000010250,-0.000004313
1573804427311,2019-11-15T15.53.47.311,0.756,-0.000003312,-0.000009875,-0.000002750
1573804427350,2019-11-15T15.53.47.350,0.795,-0.000002625,-0.000010625,-0.000003125
1573804427390,2019-11-15T15.53.47.390,0.835,-0.000002250,-0.000010250,-0.000003563
1573804427431,2019-11-15T15.53.47.431,0.876,-0.000002625,-0.000011375,-0.000003125
1573804427470,2019-11-15T15.53.47.470,0.915,-0.000002938,-0.000010625,-0.000003937
1573804427510,2019-11-15T15.53.47.510,0.955,-0.000002625,-0.000010625,-0.000001562
1573804427549,2019-11-15T15.53.47.549,0.994,-0.000002250,-0.000010625,-0.000003563
1573804427589,2019-11-15T15.53.47.589,1.034,-0.000002938,-0.000010250,-0.000004313
1573804427629,2019-11-15T15.53.47.629,1.074,-0.000002250,-0.000011000,-0.000003563
1573804427668,2019-11-15T15.53.47.668,1.113,-0.000003312,-0.000011000,-0.000003125
1573804427709,2019-11-15T15.53.47.709,1.154,-0.000001875,-0.000009875,-0.000003125
1573804427749,2019-11-15T15.53.47.749,1.194,-0.000003312,-0.000010625,-0.000003125
1573804427788,2019-11-15T15.53.47.788,1.233,-0.000002625,-0.000009875,-0.000003937
1573804427828,2019-11-15T15.53.47.828,1.273,-0.000002625,-0.000009875,-0.000003937
1573804427867,2019-11-15T15.53.47.867,1.312,-0.000001500,-0.000011000,-0.000003563
1573804427907,2019-11-15T15.53.47.907,1.352,-0.000002250,-0.000009875,-0.000003937
1573804427946,2019-11-15T15.53.47.946,1.391,-0.000002250,-0.000009875,-0.000001937
1573804427987,2019-11-15T15.53.47.987,1.432,-0.000003312,-0.000011000,-0.000002750
1573804428027,2019-11-15T15.53.48.027,1.472,-0.000001875,-0.000009875,-0.000004313
1573804428067,2019-11-15T15.53.48.067,1.512,-0.000002625,-0.000010625,-0.000003563
1573804428106,2019-11-15T15.53.48.106,1.551,-0.000002625,-0.000010250,-0.000004313
1573804428146,2019-11-15T15.53.48.146,1.591,-0.000002250,-0.000009875,-0.000003563
1573804428185,2019-11-15T15.53.48.185,1.630,-0.000002938,-0.000011687,-0.000003563
1573804428225,2019-11-15T15.53.48.225,1.670,-0.000001875,-0.000011000,-0.000003563
1573804428266,2019-11-15T15.53.48.266,1.711,-0.000002938,-0.000010625,-0.000003937
1573804428305,2019-11-15T15.53.48.305,1.750,-0.000002625,-0.000010250,-0.000003937
1573804428345,2019-11-15T15.53.48.345,1.790,-0.000001875,-0.000009500,-0.000003937
1573804428384,2019-11-15T15.53.48.384,1.829,-0.000001875,-0.000010625,-0.000003937
1573804428424,2019-11-15T15.53.48.424,1.869,-0.000002938,-0.000009875,-0.000004313
1573804428463,2019-11-15T15.53.48.463,1.908,-0.000002625,-0.000011375,-0.000003563
1573804428503,2019-11-15T15.53.48.503,1.948,-0.000002625,-0.000010625,-0.000003937
1573804428544,2019-11-15T15.53.48.544,1.989,-0.000002625,-0.000010625,-0.000003125
1573804428584,2019-11-15T15.53.48.584,2.029,-0.000002250,-0.000011375,-0.000003937
1573804428623,2019-11-15T15.53.48.623,2.068,-0.000002938,-0.000010625,-0.000003937
1573804428663,2019-11-15T15.53.48.663,2.108,-0.000002625,-0.000009500,-0.000003563
1573804428702,2019-11-15T15.53.48.702,2.147,-0.000002625,-0.000009125,-0.000004313
1573804428742,2019-11-15T15.53.48.742,2.187,-0.000003312,-0.000009875,-0.000003563
1573804428781,2019-11-15T15.53.48.781,2.226,-0.000002250,-0.000011375,-0.000003125
1573804428822,2019-11-15T15.53.48.822,2.267,-0.000002250,-0.000010250,-0.000003563
1573804428862,2019-11-15T15.53.48.862,2.307,-0.000001500,-0.000009500,-0.000004750
1573804428901,2019-11-15T15.53.48.901,2.346,-0.000002250,-0.000010250,-0.000002750
1573804428941,2019-11-15T15.53.48.941,2.386,-0.000001500,-0.000011000,-0.000003563
1573804428981,2019-11-15T15.53.48.981,2.426,-0.000002625,-0.000010625,-0.000003563
1573804429020,2019-11-15T15.53.49.020,2.465,-0.000002250,-0.000009875,-0.000004750
1573804429060,2019-11-15T15.53.49.060,2.505,-0.000002938,-0.000010250,-0.000003125
1573804429101,2019-11-15T15.53.49.101,2.546,-0.000002625,-0.000010625,-0.000001937
1573804429140,2019-11-15T15.53.49.140,2.585,-0.000002250,-0.000010250,-0.000003125
1573804429180,2019-11-15T15.53.49.180,2.625,-0.000001875,-0.000011000,-0.000004313
1573804429219,2019-11-15T15.53.49.219,2.664,-0.000002250,-0.000010250,-0.000004750
1573804429259,2019-11-15T15.53.49.259,2.704,-0.000001125,-0.000010250,-0.000003563
1573804429298,2019-11-15T15.53.49.298,2.743,-0.000002625,-0.000010250,-0.000003563
1573804429338,2019-11-15T15.53.49.338,2.783,-0.000001500,-0.000010625,-0.000003125
1573804429379,2019-11-15T15.53.49.379,2.824,-0.000002250,-0.000010625,-0.000003937
1573804429419,2019-11-15T15.53.49.419,2.864,-0.000001875,-0.000011000,-0.000002375
1573804429458,2019-11-15T15.53.49.458,2.903,-0.000002250,-0.000010250,-0.000003937
1573804429498,2019-11-15T15.53.49.498,2.943,-0.000002938,-0.000009875,-0.000003125
1573804429537,2019-11-15T15.53.49.537,2.982,-0.000002625,-0.000010625,-0.000003937
1573804429577,2019-11-15T15.53.49.577,3.022,-0.000002625,-0.000010625,-0.000002750
1573804429616,2019-11-15T15.53.49.616,3.061,-0.000001875,-0.000009500,-0.000002375
1573804429657,2019-11-15T15.53.49.657,3.102,-0.000002625,-0.000010625,-0.000003125
1573804429697,2019-11-15T15.53.49.697,3.142,-0.000001500,-0.000010250,-0.000003563
1573804429736,2019-11-15T15.53.49.736,3.181,-0.000002625,-0.000010625,-0.000003125
1573804429776,2019-11-15T15.53.49.776,3.221,-0.000001875,-0.000011000,-0.000003125
1573804429816,2019-11-15T15.53.49.816,3.261,-0.000002625,-0.000010250,-0.000003125
1573804429855,2019-11-15T15.53.49.855,3.300,-0.000002625,-0.000010250,-0.000003125
1573804429895,2019-11-15T15.53.49.895,3.340,-0.000002625,-0.000010625,-0.000002375
1573804429936,2019-11-15T15.53.49.936,3.381,-0.000002938,-0.000011375,-0.000003563
1573804429975,2019-11-15T15.53.49.975,3.420,-0.000001875,-0.000010250,-0.000003125
1573804430015,2019-11-15T15.53.50.015,3.460,-0.000001875,-0.000011375,-0.000001937
1573804430054,2019-11-15T15.53.50.054,3.499,-0.000002625,-0.000010625,-0.000003937
1573804430094,2019-11-15T15.53.50.094,3.539,-0.000002625,-0.000010250,-0.000003125
1573804430133,2019-11-15T15.53.50.133,3.578,-0.000002938,-0.000009875,-0.000003937
1573804430174,2019-11-15T15.53.50.174,3.619,-0.000002625,-0.000010625,-0.000003563
1573804430214,2019-11-15T15.53.50.214,3.659,-0.000001125,-0.000009500,-0.000003937
1573804430254,2019-11-15T15.53.50.254,3.699,-0.000002250,-0.000010625,-0.000002750
1573804430293,2019-11-15T15.53.50.293,3.738,-0.000001875,-0.000012062,-0.000003125
1573804430333,2019-11-15T15.53.50.333,3.778,-0.000001125,-0.000009125,-0.000003937
1573804430372,2019-11-15T15.53.50.372,3.817,-0.000002250,-0.000010625,-0.000003563
1573804430412,2019-11-15T15.53.50.412,3.857,-0.000001125,-0.000009875,-0.000002750
1573804430453,2019-11-15T15.53.50.453,3.898,-0.000002625,-0.000010250,-0.000003563
1573804430492,2019-11-15T15.53.50.492,3.937,-0.000001875,-0.000010625,-0.000003563
1573804430532,2019-11-15T15.53.50.532,3.977,-0.000001875,-0.000011000,-0.000003563
1573804430571,2019-11-15T15.53.50.571,4.016,-0.000002938,-0.000011375,-0.000002750
1573804430611,2019-11-15T15.53.50.611,4.056,-0.000001125,-0.000010250,-0.000003563
1573804430650,2019-11-15T15.53.50.650,4.095,-0.000002250,-0.000010625,-0.000003937
1573804430690,2019-11-15T15.53.50.690,4.135,-0.000001500,-0.000010625,-0.000002750
1573804430731,2019-11-15T15.53.50.731,4.176,-0.000002250,-0.000010625,-0.000003563
1573804430771,2019-11-15T15.53.50.771,4.216,-0.000002250,-0.000010625,-0.000003563
1573804430810,2019-11-15T15.53.50.810,4.255,-0.000002250,-0.000010625,-0.000004313
1573804430850,2019-11-15T15.53.50.850,4.295,-0.000001875,-0.000010625,-0.000003937
1573804430889,2019-11-15T15.53.50.889,4.334,-0.000001875,-0.000009875,-0.000003563
1573804430929,2019-11-15T15.53.50.929,4.374,-0.000001500,-0.000009500,-0.000003937
1573804430968,2019-11-15T15.53.50.968,4.413,-0.000002250,-0.000010625,-0.000003937
1573804431009,2019-11-15T15.53.51.009,4.454,-0.000002625,-0.000010625,-0.000001187
1573804431049,2019-11-15T15.53.51.049,4.494,-0.000002250,-0.000010250,-0.000002750
1573804431088,2019-11-15T15.53.51.088,4.533,-0.000001875,-0.000009875,-0.000003937
1573804431128,2019-11-15T15.53.51.128,4.573,-0.000001875,-0.000010625,-0.000003563
1573804431168,2019-11-15T15.53.51.168,4.613,-0.000001125,-0.000011000,-0.000003125
1573804431207,2019-11-15T15.53.51.207,4.652,-0.000002625,-0.000010625,-0.000002375
1573804431247,2019-11-15T15.53.51.247,4.692,-0.000002625,-0.000011000,-0.000002750
1573804431288,2019-11-15T15.53.51.288,4.733,-0.000003312,-0.000009875,-0.000002750
1573804431327,2019-11-15T15.53.51.327,4.772,-0.000002250,-0.000010250,-0.000002375
1573804431367,2019-11-15T15.53.51.367,4.812,-0.000001875,-0.000009875,-0.000003563
1573804431406,2019-11-15T15.53.51.406,4.851,-0.000002250,-0.000009875,-0.000002750
1573804431446,2019-11-15T15.53.51.446,4.891,-0.000003312,-0.000011000,-0.000003563
1573804431485,2019-11-15T15.53.51.485,4.930,-0.000001875,-0.000009125,-0.000003937
1573804431525,2019-11-15T15.53.51.525,4.970,-0.000001500,-0.000011000,-0.000001562
1573804431566,2019-11-15T15.53.51.566,5.011,-0.000001875,-0.000009500,-0.000003563
1573804431606,2019-11-15T15.53.51.606,5.051,-0.000002938,-0.000009500,-0.000002750
1573804431645,2019-11-15T15.53.51.645,5.090,-0.000002938,-0.000010625,-0.000003563
1573804431685,2019-11-15T15.53.51.685,5.130,-0.000001875,-0.000009875,-0.000004313
1573804431724,2019-11-15T15.53.51.724,5.169,-0.000001875,-0.000011000,-0.000002375
1573804431764,2019-11-15T15.53.51.764,5.209,-0.000001500,-0.000010625,-0.000003563
1573804431805,2019-11-15T15.53.51.805,5.250,-0.000002938,-0.000009500,-0.000001562
1573804431844,2019-11-15T15.53.51.844,5.289,-0.000002250,-0.000010625,-0.000003937
1573804431884,2019-11-15T15.53.51.884,5.329,-0.000002938,-0.000011000,-0.000003125
1573804431923,2019-11-15T15.53.51.923,5.368,-0.000001875,-0.000009875,-0.000002375
1573804431963,2019-11-15T15.53.51.963,5.408,-0.000002938,-0.000010625,-0.000003125
1573804432003,2019-11-15T15.53.52.003,5.448,-0.000002938,-0.000010625,-0.000002375
1573804432042,2019-11-15T15.53.52.042,5.487,-0.000001875,-0.000011375,-0.000002750
1573804432082,2019-11-15T15.53.52.082,5.527,-0.000001875,-0.000010250,-0.000002750
1573804432123,2019-11-15T15.53.52.123,5.568,-0.000002625,-0.000011375,-0.000003563
1573804432162,2019-11-15T15.53.52.162,5.607,-0.000002625,-0.000009875,-0.000002750
1573804432202,2019-11-15T15.53.52.202,5.647,-0.000002625,-0.000009875,-0.000003937
1573804432241,2019-11-15T15.53.52.241,5.686,-0.000002938,-0.000009875,-0.000003125
1573804432281,2019-11-15T15.53.52.281,5.726,-0.000002250,-0.000010250,-0.000002375
1573804432320,2019-11-15T15.53.52.320,5.765,-0.000003312,-0.000009875,-0.000003937
1573804432360,2019-11-15T15.53.52.360,5.805,-0.000001500,-0.000011000,-0.000004313
1573804432401,2019-11-15T15.53.52.401,5.846,-0.000001875,-0.000010250,-0.000002750
1573804432441,2019-11-15T15.53.52.441,5.886,-0.000002938,-0.000010250,-0.000003563
1573804432480,2019-11-15T15.53.52.480,5.925,-0.000002625,-0.000010625,-0.000003125
1573804432520,2019-11-15T15.53.52.520,5.965,-0.000001500,-0.000011000,-0.000002375
1573804432559,2019-11-15T15.53.52.559,6.004,-0.000002250,-0.000011000,-0.000003937
1573804432599,2019-11-15T15.53.52.599,6.044,-0.000001875,-0.000009875,-0.000003563
1573804432638,2019-11-15T15.53.52.638,6.083,-0.000002625,-0.000011375,-0.000003563
1573804432679,2019-11-15T15.53.52.679,6.124,-0.000003312,-0.000010625,-0.000003563
1573804432719,2019-11-15T15.53.52.719,6.164,-0.000002250,-0.000009875,-0.000003125
1573804432758,2019-11-15T15.53.52.758,6.203,-0.000003312,-0.000011375,-0.000003125
1573804432798,2019-11-15T15.53.52.798,6.243,-0.000002250,-0.000009875,-0.000002750
1573804432838,2019-11-15T15.53.52.838,6.283,-0.000001875,-0.000009500,-0.000002750
1573804432877,2019-11-15T15.53.52.877,6.322,-0.000002938,-0.000010625,-0.000003125
1573804432917,2019-11-15T15.53.52.917,6.362,-0.000002625,-0.000010625,-0.000003563
1573804432958,2019-11-15T15.53.52.958,6.403,-0.000001875,-0.000011000,-0.000003937
1573804432997,2019-11-15T15.53.52.997,6.442,-0.000002938,-0.000010250,-0.000003125
1573804433037,2019-11-15T15.53.53.037,6.482,-0.000002625,-0.000011000,-0.000003125
1573804433076,2019-11-15T15.53.53.076,6.521,-0.000002938,-0.000010250,-0.000003563
1573804433116,2019-11-15T15.53.53.116,6.561,-0.000002625,-0.000009500,-0.000003125
1573804433155,2019-11-15T15.53.53.155,6.600,-0.000002250,-0.000010625,-0.000002750
1573804433195,2019-11-15T15.53.53.195,6.640,-0.000002250,-0.000011000,-0.000003125
1573804433236,2019-11-15T15.53.53.236,6.681,-0.000002625,-0.000010625,-0.000003563
1573804433275,2019-11-15T15.53.53.275,6.720,-0.000001500,-0.000010250,-0.000003937
1573804433315,2019-11-15T15.53.53.315,6.760,-0.000003312,-0.000010250,-0.000003125
1573804433355,2019-11-15T15.53.53.355,6.800,-0.000002250,-0.000010250,-0.000002750
1573804433394,2019-11-15T15.53.53.394,6.839,-0.000002250,-0.000010250,-0.000004313
1573804433434,2019-11-15T15.53.53.434,6.879,-0.000001500,-0.000010625,-0.000002750
1573804433473,2019-11-15T15.53.53.473,6.918,-0.000003312,-0.000011000,-0.000003125
1573804433514,2019-11-15T15.53.53.514,6.959,-0.000002625,-0.000009875,-0.000004313
1573804433554,2019-11-15T15.53.53.554,6.999,-0.000001500,-0.000009500,-0.000004313
1573804433593,2019-11-15T15.53.53.593,7.038,-0.000001500,-0.000008750,-0.000003563
1573804433633,2019-11-15T15.53.53.633,7.078,-0.000003688,-0.000009875,-0.000003563
1573804433672,2019-11-15T15.53.53.672,7.117,-0.000001875,-0.000010625,-0.000003563
1573804433712,2019-11-15T15.53.53.712,7.157,-0.000001500,-0.000010250,-0.000003125
1573804433752,2019-11-15T15.53.53.752,7.197,-0.000002625,-0.000011000,-0.000002750
1573804433791,2019-11-15T15.53.53.791,7.236,-0.000002625,-0.000010625,-0.000003937
1573804433832,2019-11-15T15.53.53.832,7.277,-0.000002938,-0.000009125,-0.000003125
1573804433872,2019-11-15T15.53.53.872,7.317,-0.000001500,-0.000010250,-0.000002375
1573804433911,2019-11-15T15.53.53.911,7.356,-0.000001500,-0.000011687,-0.000003937
1573804433951,2019-11-15T15.53.53.951,7.396,-0.000001500,-0.000009875,-0.000003563
1573804433990,2019-11-15T15.53.53.990,7.435,-0.000002250,-0.000010250,-0.000003563
1573804434030,2019-11-15T15.53.54.030,7.475,-0.000002625,-0.000009875,-0.000003125
1573804434069,2019-11-15T15.53.54.069,7.514,-0.000002250,-0.000009500,-0.000002375
1573804434110,2019-11-15T15.53.54.110,7.555,-0.000002625,-0.000009500,-0.000003563
1573804434150,2019-11-15T15.53.54.150,7.595,-0.000001875,-0.000010625,-0.000003563
1573804434190,2019-11-15T15.53.54.190,7.635,-0.000002938,-0.000011375,-0.000001937
1573804434229,2019-11-15T15.53.54.229,7.674,-0.000003312,-0.000010250,-0.000002750
1573804434269,2019-11-15T15.53.54.269,7.714,-0.000002250,-0.000010250,-0.000002750
1573804434308,2019-11-15T15.53.54.308,7.753,-0.000001875,-0.000009875,-0.000002375
1573804434348,2019-11-15T15.53.54.348,7.793,-0.000001500,-0.000010250,-0.000003563
1573804434387,2019-11-15T15.53.54.387,7.832,-0.000001875,-0.000010625,-0.000003125
1573804434428,2019-11-15T15.53.54.428,7.873,-0.000002250,-0.000010625,-0.000003937
1573804434468,2019-11-15T15.53.54.468,7.913,-0.000002250,-0.000009125,-0.000002750
1573804434507,2019-11-15T15.53.54.507,7.952,-0.000003688,-0.000009875,-0.000003563
1573804434547,2019-11-15T15.53.54.547,7.992,-0.000001875,-0.000010625,-0.000002750
1573804434587,2019-11-15T15.53.54.587,8.032,-0.000001875,-0.000010625,-0.000002750
1573804434626,2019-11-15T15.53.54.626,8.071,-0.000002250,-0.000011375,-0.000003125
1573804434666,2019-11-15T15.53.54.666,8.111,-0.000002625,-0.000012438,-0.000002375
1573804434707,2019-11-15T15.53.54.707,8.152,-0.000002938,-0.000011000,-0.000004313
1573804434746,2019-11-15T15.53.54.746,8.191,-0.000001875,-0.000010625,-0.000003125
1573804434786,2019-11-15T15.53.54.786,8.231,-0.000001875,-0.000010250,-0.000001562
1573804434825,2019-11-15T15.53.54.825,8.270,-0.000002625,-0.000010625,-0.000003937
1573804434865,2019-11-15T15.53.54.865,8.310,-0.000002938,-0.000010625,-0.000003125
1573804434904,2019-11-15T15.53.54.904,8.349,-0.000001875,-0.000010625,-0.000003125
1573804434944,2019-11-15T15.53.54.944,8.389,-0.000002250,-0.000009875,-0.000003125
1573804434985,2019-11-15T15.53.54.985,8.430,-0.000002250,-0.000010250,-0.000003125
1573804435025,2019-11-15T15.53.55.025,8.470,-0.000002250,-0.000009500,-0.000002375
1573804435064,2019-11-15T15.53.55.064,8.509,-0.000001875,-0.000009875,-0.000003937
1573804435104,2019-11-15T15.53.55.104,8.549,-0.000002625,-0.000009875,-0.000002750
1573804435143,2019-11-15T15.53.55.143,8.588,-0.000002625,-0.000009875,-0.000003563
1573804435183,2019-11-15T15.53.55.183,8.628,-0.000003312,-0.000010250,-0.000002375
1573804435222,2019-11-15T15.53.55.222,8.667,-0.000002938,-0.000009875,-0.000003125
1573804435263,2019-11-15T15.53.55.263,8.708,-0.000002938,-0.000011000,-0.000002375
1573804435303,2019-11-15T15.53.55.303,8.748,-0.000001500,-0.000009875,-0.000003563
1573804435342,2019-11-15T15.53.55.342,8.787,-0.000003312,-0.000009500,-0.000001937
1573804435382,2019-11-15T15.53.55.382,8.827,-0.000001500,-0.000011375,-0.000003563
1573804435421,2019-11-15T15.53.55.421,8.866,-0.000001500,-0.000010625,-0.000002750
1573804435461,2019-11-15T15.53.55.461,8.906,-0.000002625,-0.000010250,-0.000003563
1573804435501,2019-11-15T15.53.55.501,8.946,-0.000001500,-0.000011000,-0.000003937
1573804435540,2019-11-15T15.53.55.540,8.985,-0.000001875,-0.000010625,-0.000003937
1573804435581,2019-11-15T15.53.55.581,9.026,-0.000001875,-0.000009875,-0.000004313
1573804435621,2019-11-15T15.53.55.621,9.066,-0.000003688,-0.000010625,-0.000002750
1573804435660,2019-11-15T15.53.55.660,9.105,-0.000001500,-0.000012062,-0.000001937
1573804435700,2019-11-15T15.53.55.700,9.145,-0.000002625,-0.000010625,-0.000002750
1573804435739,2019-11-15T15.53.55.739,9.184,-0.000001875,-0.000009875,-0.000003125
1573804435779,2019-11-15T15.53.55.779,9.224,-0.000002250,-0.000010250,-0.000002750
1573804435818,2019-11-15T15.53.55.818,9.263,-0.000002250,-0.000009500,-0.000002750
1573804435859,2019-11-15T15.53.55.859,9.304,-0.000002625,-0.000009875,-0.000003125
1573804435899,2019-11-15T15.53.55.899,9.344,-0.000002250,-0.000009875,-0.000003125
1573804435939,2019-11-15T15.53.55.939,9.384,-0.000002250,-0.000009125,-0.000003563
1573804435978,2019-11-15T15.53.55.978,9.423,-0.000002625,-0.000010250,-0.000003563
1573804436018,2019-11-15T15.53.56.018,9.463,-0.000002250,-0.000009500,-0.000002750
1573804436057,2019-11-15T15.53.56.057,9.502,-0.000004438,-0.000010250,-0.000004313
1573804436097,2019-11-15T15.53.56.097,9.542,-0.000002938,-0.000009875,-0.000003937
1573804436138,2019-11-15T15.53.56.138,9.583,-0.000002250,-0.000010250,-0.000002750
1573804436177,2019-11-15T15.53.56.177,9.622,-0.000002938,-0.000009500,-0.000002750
1573804436217,2019-11-15T15.53.56.217,9.662,-0.000002625,-0.000009875,-0.000002375
1573804436256,2019-11-15T15.53.56.256,9.701,-0.000001500,-0.000010250,-0.000003937
1573804436296,2019-11-15T15.53.56.296,9.741,-0.000001125,-0.000010250,-0.000003563
1573804436336,2019-11-15T15.53.56.336,9.781,-0.000002938,-0.000010625,-0.000003125
1573804436375,2019-11-15T15.53.56.375,9.820,-0.000002250,-0.000010625,-0.000001562
1573804436415,2019-11-15T15.53.56.415,9.860,-0.000001875,-0.000009875,-0.000002750
1573804436456,2019-11-15T15.53.56.456,9.901,-0.000002625,-0.000009500,-0.000003563
1573804436495,2019-11-15T15.53.56.495,9.940,-0.000001875,-0.000011000,-0.000003125
1573804436535,2019-11-15T15.53.56.535,9.980,-0.000001875,-0.000009875,-0.000002375
1573804436574,2019-11-15T15.53.56.574,10.019,-0.000002250,-0.000011000,-0.000003563
1573804436614,2019-11-15T15.53.56.614,10.059,-0.000002938,-0.000011000,-0.000003125
1573804436653,2019-11-15T15.53.56.653,10.098,-0.000001500,-0.000009875,-0.000003937
1573804436693,2019-11-15T15.53.56.693,10.138,-0.000001875,-0.000009500,-0.000001937
1573804436734,2019-11-15T15.53.56.734,10.179,-0.000002625,-0.000010250,-0.000003125
1573804436774,2019-11-15T15.53.56.774,10.219,-0.000002250,-0.000009500,-0.000003125
1573804436813,2019-11-15T15.53.56.813,10.258,-0.000003312,-0.000010250,-0.000002375
1573804436853,2019-11-15T15.53.56.853,10.298,-0.000001875,-0.000009500,-0.000003563
1573804436892,2019-11-15T15.53.56.892,10.337,-0.000002250,-0.000010625,-0.000003125
1573804436932,2019-11-15T15.53.56.932,10.377,-0.000002625,-0.000009875,-0.000004313
1573804436971,2019-11-15T15.53.56.971,10.416,-0.000002250,-0.000011687,-0.000003563
1573804437012,2019-11-15T15.53.57.012,10.457,-0.000002938,-0.000009875,-0.000002750
1573804437052,2019-11-15T15.53.57.052,10.497,-0.000002250,-0.000011000,-0.000003125
1573804437091,2019-11-15T15.53.57.091,10.536,-0.000001875,-0.000010250,-0.000003125
1573804437131,2019-11-15T15.53.57.131,10.576,-0.000002250,-0.000009125,-0.000003937
1573804437171,2019-11-15T15.53.57.171,10.616,-0.000002250,-0.000010250,-0.000003937
1573804437210,2019-11-15T15.53.57.210,10.655,-0.000002938,-0.000009875,-0.000002750
1573804437250,2019-11-15T15.53.57.250,10.695,-0.000002250,-0.000010250,-0.000004313
1573804437291,2019-11-15T15.53.57.291,10.736,-0.000002938,-0.000009500,-0.000002375
1573804437330,2019-11-15T15.53.57.330,10.775,-0.000002250,-0.000010250,-0.000003125
1573804437370,2019-11-15T15.53.57.370,10.815,-0.000002250,-0.000010250,-0.000002750
1573804437409,2019-11-15T15.53.57.409,10.854,-0.000002625,-0.000011000,-0.000002750
1573804437449,2019-11-15T15.53.57.449,10.894,-0.000002938,-0.000011375,-0.000003563
1573804437488,2019-11-15T15.53.57.488,10.933,-0.000002250,-0.000009875,-0.000002750
1573804437528,2019-11-15T15.53.57.528,10.973,-0.000002625,-0.000011000,-0.000003125
1573804437567,2019-11-15T15.53.57.567,11.012,-0.000002625,-0.000009125,-0.000003563
1573804437609,2019-11-15T15.53.57.609,11.054,-0.000001875,-0.000010625,-0.000002375
1573804437648,2019-11-15T15.53.57.648,11.093,-0.000001500,-0.000011000,-0.000003937
1573804437688,2019-11-15T15.53.57.688,11.133,-0.000001500,-0.000010250,-0.000003563
1573804437727,2019-11-15T15.53.57.727,11.172,-0.000001875,-0.000010625,-0.000004313
1573804437767,2019-11-15T15.53.57.767,11.212,-0.000001500,-0.000010250,-0.000003125
1573804437806,2019-11-15T15.53.57.806,11.251,-0.000002938,-0.000009875,-0.000002750
1573804437846,2019-11-15T15.53.57.846,11.291,-0.000002625,-0.000009875,-0.000002750
1573804437887,2019-11-15T15.53.57.887,11.332,-0.000002250,-0.000010250,-0.000002750
1573804437926,2019-11-15T15.53.57.926,11.371,-0.000002625,-0.000010250,-0.000002750
1573804437966,2019-11-15T15.53.57.966,11.411,-0.000001125,-0.000011000,-0.000003125
1573804438005,2019-11-15T15.53.58.005,11.450,-0.000002250,-0.000010250,-0.000003125
1573804438045,2019-11-15T15.53.58.045,11.490,-0.000002938,-0.000010625,-0.000003125
1573804438085,2019-11-15T15.53.58.085,11.530,-0.000002625,-0.000010250,-0.000004313
1573804438124,2019-11-15T15.53.58.124,11.569,-0.000003312,-0.000009875,-0.000003125
1573804438165,2019-11-15T15.53.58.165,11.610,-0.000002250,-0.000011000,-0.000002750
1573804438205,2019-11-15T15.53.58.205,11.650,-0.000000750,-0.000010250,-0.000003563
1573804438244,2019-11-15T15.53.58.244,11.689,-0.000002938,-0.000010625,-0.000003937
1573804438284,2019-11-15T15.53.58.284,11.729,-0.000002938,-0.000010625,-0.000002750
1573804438323,2019-11-15T15.53.58.323,11.768,-0.000001500,-0.000009875,-0.000003937
1573804438363,2019-11-15T15.53.58.363,11.808,-0.000002625,-0.000010250,-0.000002750
1573804438402,2019-11-15T15.53.58.402,11.847,-0.000001500,-0.000009500,-0.000002375
1573804438442,2019-11-15T15.53.58.442,11.887,-0.000003312,-0.000011687,-0.000003563
1573804438483,2019-11-15T15.53.58.483,11.928,-0.000001500,-0.000009125,-0.000002375
1573804438523,2019-11-15T15.53.58.523,11.968,-0.000002250,-0.000009500,-0.000003563
1573804438562,2019-11-15T15.53.58.562,12.007,-0.000002938,-0.000009125,-0.000002750
1573804438602,2019-11-15T15.53.58.602,12.047,-0.000002250,-0.000010625,-0.000003125
1573804438641,2019-11-15T15.53.58.641,12.086,-0.000002938,-0.000010250,-0.000003125
1573804438681,2019-11-15T15.53.58.681,12.126,-0.000002250,-0.000010625,-0.000004313
1573804438720,2019-11-15T15.53.58.720,12.165,-0.000002938,-0.000009875,-0.000003125
1573804438761,2019-11-15T15.53.58.761,12.206,-0.000002625,-0.000011000,-0.000004313
1573804438801,2019-11-15T15.53.58.801,12.246,-0.000001500,-0.000010625,-0.000003125
1573804438840,2019-11-15T15.53.58.840,12.285,-0.000002250,-0.000010625,-0.000003125
1573804438880,2019-11-15T15.53.58.880,12.325,-0.000002625,-0.000010250,-0.000003125
1573804438920,2019-11-15T15.53.58.920,12.365,-0.000001500,-0.000010250,-0.000004313
1573804438959,2019-11-15T15.53.58.959,12.404,-0.000002250,-0.000009875,-0.000003937
1573804438999,2019-11-15T15.53.58.999,12.444,-0.000001875,-0.000010250,-0.000003563
1573804439040,2019-11-15T15.53.59.040,12.485,-0.000001875,-0.000010250,-0.000003563
1573804439079,2019-11-15T15.53.59.079,12.524,-0.000001875,-0.000011000,-0.000002375
1573804439119,2019-11-15T15.53.59.119,12.564,-0.000001500,-0.000010250,-0.000003125
1573804439158,2019-11-15T15.53.59.158,12.603,-0.000002625,-0.000010250,-0.000001937
1573804439198,2019-11-15T15.53.59.198,12.643,-0.000002625,-0.000009125,-0.000001937
1573804439237,2019-11-15T15.53.59.237,12.682,-0.000001875,-0.000009875,-0.000001562
1573804439277,2019-11-15T15.53.59.277,12.722,-0.000003312,-0.000008750,-0.000002375
1573804439317,2019-11-15T15.53.59.317,12.762,-0.000002625,-0.000008750,-0.000001562
1573804439358,2019-11-15T15.53.59.358,12.803,-0.000002938,-0.000008750,-0.000001187
1573804439397,2019-11-15T15.53.59.397,12.842,-0.000004063,-0.000008437,-0.000001187
1573804439437,2019-11-15T15.53.59.437,12.882,-0.000002250,-0.000009500,-0.000002375
1573804439476,2019-11-15T15.53.59.476,12.921,-0.000001500,-0.000008437,-0.000000375
1573804439516,2019-11-15T15.53.59.516,12.961,-0.000003312,-0.000008062,-0.000001937
1573804439555,2019-11-15T15.53.59.555,13.000,-0.000003312,-0.000006562,-0.000001937
1573804439595,2019-11-15T15.53.59.595,13.040,-0.000003688,-0.000008062,-0.000003125
1573804439636,2019-11-15T15.53.59.636,13.081,-0.000003688,-0.000006562,-0.000002750
1573804439675,2019-11-15T15.53.59.675,13.120,-0.000004812,-0.000007313,-0.000002750
1573804439715,2019-11-15T15.53.59.715,13.160,-0.000004812,-0.000006938,-0.000003125
1573804439754,2019-11-15T15.53.59.754,13.199,-0.000005187,-0.000004375,-0.000003125
1573804439794,2019-11-15T15.53.59.794,13.239,-0.000007375,-0.000002875,-0.000005938
1573804439834,2019-11-15T15.53.59.834,13.279,-0.000009187,-0.000000312,-0.000005938
1573804439873,2019-11-15T15.53.59.873,13.318,-0.000010688,0.000004812,-0.000006312
1573804439914,2019-11-15T15.53.59.914,13.359,-0.000011062,0.000009938,-0.000007938
1573804439954,2019-11-15T15.53.59.954,13.399,-0.000010688,0.000015437,-0.000008687
1573804439993,2019-11-15T15.53.59.993,13.438,-0.000011437,0.000021313,-0.000011500
1573804440033,2019-11-15T15.54.00.033,13.478,-0.000010688,0.000023188,-0.000013437
1573804440072,2019-11-15T15.54.00.072,13.517,-0.000011062,0.000020563,-0.000012250
1573804440112,2019-11-15T15.54.00.112,13.557,-0.000011750,0.000019125,-0.000013437
1573804440151,2019-11-15T15.54.00.151,13.596,-0.000012500,0.000014000,-0.000014250
1573804440192,2019-11-15T15.54.00.192,13.637,-0.000011437,0.000007375,-0.000013437
1573804440232,2019-11-15T15.54.00.232,13.677,-0.000011062,0.000001500,-0.000011875
1573804440272,2019-11-15T15.54.00.272,13.717,-0.000008500,-0.000004375,-0.000011875
1573804440311,2019-11-15T15.54.00.311,13.756,-0.000007000,-0.000006562,-0.000009875
1573804440351,2019-11-15T15.54.00.351,13.796,-0.000008125,-0.000005500,-0.000009500
1573804440390,2019-11-15T15.54.00.390,13.835,-0.000008812,-0.000004000,-0.000009500
1573804440430,2019-11-15T15.54.00.430,13.875,-0.000007750,-0.000004750,-0.000008687
1573804440469,2019-11-15T15.54.00.469,13.914,-0.000007750,-0.000003250,-0.000009875
1573804440510,2019-11-15T15.54.00.510,13.955,-0.000007375,-0.000002875,-0.000009500
1573804440550,2019-11-15T15.54.00.550,13.995,-0.000008500,-0.000004375,-0.000009125
1573804440589,2019-11-15T15.54.00.589,14.034,-0.000007375,-0.000003250,-0.000007875
1573804440629,2019-11-15T15.54.00.629,14.074,-0.000007750,-0.000003625,-0.000007875
1573804440669,2019-11-15T15.54.00.669,14.114,-0.000007750,-0.000004000,-0.000007938
1573804440708,2019-11-15T15.54.00.708,14.153,-0.000007375,-0.000002562,-0.000008312
1573804440748,2019-11-15T15.54.00.748,14.193,-0.000007375,-0.000004000,-0.000008312
1573804440789,2019-11-15T15.54.00.789,14.234,-0.000006250,-0.000002562,-0.000007500
1573804440828,2019-11-15T15.54.00.828,14.273,-0.000007375,-0.000003625,-0.000008312
1573804440868,2019-11-15T15.54.00.868,14.313,-0.000007375,-0.000002875,-0.000008687
1573804440907,2019-11-15T15.54.00.907,14.352,-0.000007750,-0.000002562,-0.000008687
1573804440947,2019-11-15T15.54.00.947,14.392,-0.000007375,-0.000002188,-0.000008312
1573804440986,2019-11-15T15.54.00.986,14.431,-0.000007375,-0.000002875,-0.000008312
1573804441026,2019-11-15T15.54.01.026,14.471,-0.000007375,-0.000004000,-0.000009500
1573804441067,2019-11-15T15.54.01.067,14.512,-0.000007750,-0.000003625,-0.000008687
1573804441107,2019-11-15T15.54.01.107,14.552,-0.000007750,-0.000004375,-0.000009125
1573804441146,2019-11-15T15.54.01.146,14.591,-0.000009187,-0.000003625,-0.000009500
1573804441186,2019-11-15T15.54.01.186,14.631,-0.000008500,-0.000003250,-0.000009500
1573804441225,2019-11-15T15.54.01.225,14.670,-0.000007750,-0.000002875,-0.000009500
1573804441265,2019-11-15T15.54.01.265,14.710,-0.000007750,-0.000004000,-0.000010313
1573804441304,2019-11-15T15.54.01.304,14.749,-0.000008125,-0.000005125,-0.000010688
1573804441345,2019-11-15T15.54.01.345,14.790,-0.000007375,-0.000005813,-0.000010313
1573804441385,2019-11-15T15.54.01.385,14.830,-0.000008500,-0.000005813,-0.000012688
1573804441424,2019-11-15T15.54.01.424,14.869,-0.000010313,-0.000004750,-0.000016625
1573804441464,2019-11-15T15.54.01.464,14.909,-0.000010688,-0.000004750,-0.000019000
1573804441504,2019-11-15T15.54.01.504,14.949,-0.000011062,-0.000004000,-0.000021000
1573804441543,2019-11-15T15.54.01.543,14.988,-0.000012875,-0.000003250,-0.000024562
1573804441583,2019-11-15T15.54.01.583,15.028,-0.000012125,-0.000001438,-0.000026563
1573804441624,2019-11-15T15.54.01.624,15.069,-0.000012125,-0.000002188,-0.000029750
1573804441663,2019-11-15T15.54.01.663,15.108,-0.000012875,-0.000002562,-0.000033687
1573804441703,2019-11-15T15.54.01.703,15.148,-0.000010313,-0.000002875,-0.000038062
1573804441742,2019-11-15T15.54.01.742,15.187,-0.000011437,-0.000001813,-0.000040437
1573804441782,2019-11-15T15.54.01.782,15.227,-0.000011437,-0.000001063,-0.000040437
1573804441821,2019-11-15T15.54.01.821,15.266,-0.000012500,-0.000001063,-0.000040437
1573804441861,2019-11-15T15.54.01.861,15.306,-0.000011062,-0.000003250,-0.000038875
1573804441902,2019-11-15T15.54.01.902,15.347,-0.000011437,-0.000006187,-0.000038875
1573804441942,2019-11-15T15.54.01.942,15.387,-0.000009563,-0.000006938,-0.000038062
1573804441981,2019-11-15T15.54.01.981,15.426,-0.000009563,-0.000008062,-0.000038062
1573804442021,2019-11-15T15.54.02.021,15.466,-0.000010313,-0.000009875,-0.000037250
1573804442060,2019-11-15T15.54.02.060,15.505,-0.000010313,-0.000009125,-0.000036500
1573804442100,2019-11-15T15.54.02.100,15.545,-0.000010313,-0.000009500,-0.000035687
1573804442139,2019-11-15T15.54.02.139,15.584,-0.000009187,-0.000009875,-0.000035312
1573804442179,2019-11-15T15.54.02.179,15.624,-0.000009563,-0.000009125,-0.000036063
1573804442220,2019-11-15T15.54.02.220,15.665,-0.000008812,-0.000009875,-0.000035312
1573804442259,2019-11-15T15.54.02.259,15.704,-0.000009187,-0.000009875,-0.000036500
1573804442299,2019-11-15T15.54.02.299,15.744,-0.000009187,-0.000009125,-0.000036875
1573804442338,2019-11-15T15.54.02.338,15.783,-0.000009938,-0.000009500,-0.000036063
1573804442378,2019-11-15T15.54.02.378,15.823,-0.000009187,-0.000008437,-0.000036875
1573804442418,2019-11-15T15.54.02.418,15.863,-0.000009563,-0.000007313,-0.000037250
1573804442457,2019-11-15T15.54.02.457,15.902,-0.000009938,-0.000006938,-0.000038438
1573804442498,2019-11-15T15.54.02.498,15.943,-0.000009938,-0.000005813,-0.000037250
1573804442538,2019-11-15T15.54.02.538,15.983,-0.000011062,-0.000005500,-0.000039250
1573804442577,2019-11-15T15.54.02.577,16.022,-0.000011062,-0.000005500,-0.000039688
1573804442617,2019-11-15T15.54.02.617,16.062,-0.000011062,-0.000001063,-0.000037687
1573804442656,2019-11-15T15.54.02.656,16.101,-0.000012125,0.000000375,-0.000038438
1573804442696,2019-11-15T15.54.02.696,16.141,-0.000011750,-0.000001813,-0.000039250
1573804442735,2019-11-15T15.54.02.735,16.180,-0.000011750,-0.000001063,-0.000036500
1573804442776,2019-11-15T15.54.02.776,16.221,-0.000012500,-0.000001063,-0.000036500
1573804442816,2019-11-15T15.54.02.816,16.261,-0.000012500,-0.000000312,-0.000035687
1573804442856,2019-11-15T15.54.02.856,16.301,-0.000013625,-0.000001813,-0.000034500
1573804442895,2019-11-15T15.54.02.895,16.340,-0.000012125,-0.000002562,-0.000034875
1573804442935,2019-11-15T15.54.02.935,16.380,-0.000013250,-0.000003250,-0.000036063
1573804442974,2019-11-15T15.54.02.974,16.419,-0.000013250,-0.000001063,-0.000034500
1573804443014,2019-11-15T15.54.03.014,16.459,-0.000014000,0.000001500,-0.000034500
1573804443053,2019-11-15T15.54.03.053,16.498,-0.000012500,0.000001125,-0.000035312
1573804443094,2019-11-15T15.54.03.094,16.539,-0.000013250,0.000000750,-0.000036063
1573804443134,2019-11-15T15.54.03.134,16.579,-0.000013625,0.000000750,-0.000036063
1573804443173,2019-11-15T15.54.03.173,16.618,-0.000013625,0.000002250,-0.000035687
1573804443213,2019-11-15T15.54.03.213,16.658,-0.000013625,0.000000375,-0.000034125
1573804443253,2019-11-15T15.54.03.253,16.698,-0.000014000,-0.000000688,-0.000034500
1573804443292,2019-11-15T15.54.03.292,16.737,-0.000012875,-0.000001438,-0.000035312
1573804443332,2019-11-15T15.54.03.332,16.777,-0.000012125,-0.000000688,-0.000035312
1573804443373,2019-11-15T15.54.03.373,16.818,-0.000012500,0.000003312,-0.000035687
1573804443412,2019-11-15T15.54.03.412,16.857,-0.000015437,0.000001125,-0.000034500
1573804443452,2019-11-15T15.54.03.452,16.897,-0.000014000,0.000001500,-0.000033312
1573804443491,2019-11-15T15.54.03.491,16.936,-0.000015437,0.000002625,-0.000032125
1573804443531,2019-11-15T15.54.03.531,16.976,-0.000014375,0.000002250,-0.000032937
1573804443570,2019-11-15T15.54.03.570,17.015,-0.000014000,0.000001125,-0.000032125
1573804443610,2019-11-15T15.54.03.610,17.055,-0.000014375,0.000000750,-0.000029750
1573804443651,2019-11-15T15.54.03.651,17.096,-0.000013625,-0.000000312,-0.000030937
1573804443691,2019-11-15T15.54.03.691,17.136,-0.000014000,-0.000000688,-0.000031750
1573804443730,2019-11-15T15.54.03.730,17.175,-0.000013625,0.000002625,-0.000032500
1573804443770,2019-11-15T15.54.03.770,17.215,-0.000014000,0.000002625,-0.000032500
1573804443809,2019-11-15T15.54.03.809,17.254,-0.000013250,0.000001500,-0.000035312
1573804443849,2019-11-15T15.54.03.849,17.294,-0.000014000,0.000001500,-0.000034500
1573804443888,2019-11-15T15.54.03.888,17.333,-0.000014375,0.000002250,-0.000034875
1573804443929,2019-11-15T15.54.03.929,17.374,-0.000015063,0.000001875,-0.000033687
1573804443969,2019-11-15T15.54.03.969,17.414,-0.000014000,0.000000000,-0.000032937
1573804444008,2019-11-15T15.54.04.008,17.453,-0.000012875,0.000000750,-0.000032500
1573804444048,2019-11-15T15.54.04.048,17.493,-0.000012500,-0.000001063,-0.000033687
1573804444088,2019-11-15T15.54.04.088,17.533,-0.000014000,0.000001125,-0.000034500
1573804444127,2019-11-15T15.54.04.127,17.572,-0.000014375,0.000002938,-0.000034500
1573804444167,2019-11-15T15.54.04.167,17.612,-0.000014000,0.000001125,-0.000035312
1573804444208,2019-11-15T15.54.04.208,17.653,-0.000013250,0.000001875,-0.000036875
1573804444247,2019-11-15T15.54.04.247,17.692,-0.000014000,0.000002938,-0.000036500
1573804444287,2019-11-15T15.54.04.287,17.732,-0.000014000,0.000000750,-0.000034875
1573804444326,2019-11-15T15.54.04.326,17.771,-0.000013625,0.000000000,-0.000033687
1573804444366,2019-11-15T15.54.04.366,17.811,-0.000012125,-0.000000312,-0.000034500
1573804444405,2019-11-15T15.54.04.405,17.850,-0.000013250,0.000000375,-0.000034125
1573804444445,2019-11-15T15.54.04.445,17.890,-0.000014375,0.000002938,-0.000035312
1573804444484,2019-11-15T15.54.04.484,17.929,-0.000015063,0.000002625,-0.000035312
1573804444525,2019-11-15T15.54.04.525,17.970,-0.000013625,0.000001500,-0.000034125
1573804444565,2019-11-15T15.54.04.565,18.010,-0.000013250,0.000001875,-0.000036500
1573804444605,2019-11-15T15.54.04.605,18.050,-0.000012875,0.000000750,-0.000035312
1573804444644,2019-11-15T15.54.04.644,18.089,-0.000014000,0.000000750,-0.000033312
1573804444684,2019-11-15T15.54.04.684,18.129,-0.000012500,-0.000000688,-0.000033312
1573804444723,2019-11-15T15.54.04.723,18.168,-0.000012875,-0.000002562,-0.000032937
1573804444763,2019-11-15T15.54.04.763,18.208,-0.000012500,-0.000001063,-0.000034875
1573804444804,2019-11-15T15.54.04.804,18.249,-0.000014000,0.000001875,-0.000034500
1573804444843,2019-11-15T15.54.04.843,18.288,-0.000013250,0.000002625,-0.000035312
1573804444883,2019-11-15T15.54.04.883,18.328,-0.000013250,0.000000375,-0.000035687
1573804444922,2019-11-15T15.54.04.922,18.367,-0.000011437,0.000001500,-0.000036875
1573804444962,2019-11-15T15.54.04.962,18.407,-0.000012875,0.000004063,-0.000034500
1573804445002,2019-11-15T15.54.05.002,18.447,-0.000013625,0.000002938,-0.000034875
1573804445041,2019-11-15T15.54.05.041,18.486,-0.000013250,0.000001125,-0.000032937
1573804445082,2019-11-15T15.54.05.082,18.527,-0.000012875,-0.000001438,-0.000033312
1573804445122,2019-11-15T15.54.05.122,18.567,-0.000012875,-0.000001063,-0.000035312
1573804445161,2019-11-15T15.54.05.161,18.606,-0.000013625,0.000001500,-0.000034125
1573804445201,2019-11-15T15.54.05.201,18.646,-0.000013250,0.000002938,-0.000034125
1573804445240,2019-11-15T15.54.05.240,18.685,-0.000013625,0.000003312,-0.000034125
1573804445280,2019-11-15T15.54.05.280,18.725,-0.000012875,0.000001125,-0.000036500
1573804445319,2019-11-15T15.54.05.319,18.764,-0.000014375,0.000003312,-0.000034125
1573804445360,2019-11-15T15.54.05.360,18.805,-0.000013625,0.000001875,-0.000032500
1573804445400,2019-11-15T15.54.05.400,18.845,-0.000014375,0.000000000,-0.000032500
1573804445440,2019-11-15T15.54.05.440,18.885,-0.000012500,0.000000000,-0.000034125
1573804445479,2019-11-15T15.54.05.479,18.924,-0.000013625,0.000000000,-0.000034125
1573804445519,2019-11-15T15.54.05.519,18.964,-0.000015063,0.000002625,-0.000034500
1573804445558,2019-11-15T15.54.05.558,19.003,-0.000012875,0.000003312,-0.000036500
1573804445598,2019-11-15T15.54.05.598,19.043,-0.000012125,0.000002250,-0.000036063
1573804445639,2019-11-15T15.54.05.639,19.084,-0.000012875,0.000001500,-0.000036875
1573804445678,2019-11-15T15.54.05.678,19.123,-0.000013625,0.000000750,-0.000034875
1573804445718,2019-11-15T15.54.05.718,19.163,-0.000012875,0.000001500,-0.000036875
1573804445757,2019-11-15T15.54.05.757,19.202,-0.000013250,0.000000000,-0.000036063
1573804445797,2019-11-15T15.54.05.797,19.242,-0.000011750,-0.000001438,-0.000034875
1573804445837,2019-11-15T15.54.05.837,19.282,-0.000012125,-0.000002875,-0.000034875
1573804445876,2019-11-15T15.54.05.876,19.321,-0.000013625,0.000000375,-0.000036063
1573804445916,2019-11-15T15.54.05.916,19.361,-0.000012500,0.000001125,-0.000037250
1573804445957,2019-11-15T15.54.05.957,19.402,-0.000013250,0.000001500,-0.000038875
1573804445996,2019-11-15T15.54.05.996,19.441,-0.000011437,0.000002250,-0.000040437
1573804446036,2019-11-15T15.54.06.036,19.481,-0.000010688,-0.000000312,-0.000041250
1573804446075,2019-11-15T15.54.06.075,19.520,-0.000010313,-0.000001438,-0.000040062
1573804446115,2019-11-15T15.54.06.115,19.560,-0.000010688,-0.000003250,-0.000040437
1573804446154,2019-11-15T15.54.06.154,19.599,-0.000007375,-0.000008437,-0.000039250
1573804446194,2019-11-15T15.54.06.194,19.639,-0.000006625,-0.000008750,-0.000041250
1573804446235,2019-11-15T15.54.06.235,19.680,-0.000007750,-0.000009125,-0.000040437
1573804446275,2019-11-15T15.54.06.275,19.720,-0.000007375,-0.000008750,-0.000040437
1573804446314,2019-11-15T15.54.06.314,19.759,-0.000007375,-0.000009125,-0.000040062
1573804446354,2019-11-15T15.54.06.354,19.799,-0.000008125,-0.000007313,-0.000040875
1573804446393,2019-11-15T15.54.06.393,19.838,-0.000008500,-0.000005500,-0.000042812
1573804446433,2019-11-15T15.54.06.433,19.878,-0.000009563,-0.000000688,-0.000045187
1573804446472,2019-11-15T15.54.06.472,19.917,-0.000010688,0.000004812,-0.000046000
1573804446512,2019-11-15T15.54.06.512,19.957,-0.000011437,0.000009938,-0.000044000
1573804446553,2019-11-15T15.54.06.553,19.998,-0.000014000,0.000010688,-0.000036063
1573804446592,2019-11-15T15.54.06.592,20.037,-0.000014000,0.000008500,-0.000030937
1573804446632,2019-11-15T15.54.06.632,20.077,-0.000015063,0.000004063,-0.000032125
1573804446671,2019-11-15T15.54.06.671,20.116,-0.000013250,0.000008500,-0.000037250
1573804446711,2019-11-15T15.54.06.711,20.156,-0.000015437,0.000010688,-0.000034875
1573804446751,2019-11-15T15.54.06.751,20.196,-0.000016563,0.000011437,-0.000030500
1573804446790,2019-11-15T15.54.06.790,20.235,-0.000015437,0.000015063,-0.000033312
1573804446831,2019-11-15T15.54.06.831,20.276,-0.000014687,0.000019500,-0.000036063
1573804446871,2019-11-15T15.54.06.871,20.316,-0.000015437,0.000022437,-0.000035687
1573804446910,2019-11-15T15.54.06.910,20.355,-0.000014687,0.000019500,-0.000032125
1573804446950,2019-11-15T15.54.06.950,20.395,-0.000015437,0.000015437,-0.000036875
1573804446989,2019-11-15T15.54.06.989,20.434,-0.000014000,0.000016937,-0.000040062
1573804447029,2019-11-15T15.54.07.029,20.474,-0.000016563,0.000014687,-0.000035312
1573804447068,2019-11-15T15.54.07.068,20.513,-0.000015063,0.000012125,-0.000037687
1573804447109,2019-11-15T15.54.07.109,20.554,-0.000015063,0.000013625,-0.000040062
1573804447149,2019-11-15T15.54.07.149,20.594,-0.000012500,0.000016187,-0.000044063
1573804447189,2019-11-15T15.54.07.189,20.634,-0.000013250,0.000020250,-0.000045187
1573804447228,2019-11-15T15.54.07.228,20.673,-0.000011750,0.000022437,-0.000044000
1573804447268,2019-11-15T15.54.07.268,20.713,-0.000011750,0.000017625,-0.000044812
1573804447307,2019-11-15T15.54.07.307,20.752,-0.000014000,0.000014000,-0.000043625
1573804447347,2019-11-15T15.54.07.347,20.792,-0.000012500,0.000010313,-0.000043625
1573804447388,2019-11-15T15.54.07.388,20.833,-0.000011062,0.000011062,-0.000044438
1573804447427,2019-11-15T15.54.07.427,20.872,-0.000011437,0.000011062,-0.000046812
1573804447467,2019-11-15T15.54.07.467,20.912,-0.000008812,0.000012875,-0.000050000
1573804447506,2019-11-15T15.54.07.506,20.951,-0.000007375,0.000014000,-0.000051937
1573804447546,2019-11-15T15.54.07.546,20.991,-0.000007375,0.000015813,-0.000052750
1573804447586,2019-11-15T15.54.07.586,21.031,-0.000005563,0.000016937,-0.000053563
1573804447625,2019-11-15T15.54.07.625,21.070,-0.000005187,0.000019125,-0.000054750
1573804447666,2019-11-15T15.54.07.666,21.111,-0.000007750,0.000019125,-0.000050375
1573804447706,2019-11-15T15.54.07.706,21.151,-0.000011437,0.000021687,-0.000042812
1573804447745,2019-11-15T15.54.07.745,21.190,-0.000014687,0.000018000,-0.000037687
1573804447785,2019-11-15T15.54.07.785,21.230,-0.000017625,0.000013625,-0.000034875
1573804447824,2019-11-15T15.54.07.824,21.269,-0.000018000,0.000004438,-0.000036063
1573804447864,2019-11-15T15.54.07.864,21.309,-0.000019500,-0.000002875,-0.000034125
1573804447903,2019-11-15T15.54.07.903,21.348,-0.000019875,-0.000008062,-0.000031312
1573804447944,2019-11-15T15.54.07.944,21.389,-0.000021313,-0.000008750,-0.000029750
1573804447984,2019-11-15T15.54.07.984,21.429,-0.000022437,-0.000004375,-0.000030500
1573804448024,2019-11-15T15.54.08.024,21.469,-0.000023500,-0.000004000,-0.000029375
1573804448063,2019-11-15T15.54.08.063,21.508,-0.000023500,-0.000001063,-0.000027750
1573804448103,2019-11-15T15.54.08.103,21.548,-0.000022063,-0.000002875,-0.000016625
1573804448142,2019-11-15T15.54.08.142,21.587,-0.000018375,-0.000003250,-0.000007500
1573804448182,2019-11-15T15.54.08.182,21.627,-0.000017313,-0.000006187,-0.000007500
1573804448221,2019-11-15T15.54.08.221,21.666,-0.000018000,-0.000005500,-0.000007125
1573804448262,2019-11-15T15.54.08.262,21.707,-0.000017625,-0.000004375,-0.000005938
1573804448302,2019-11-15T15.54.08.302,21.747,-0.000018375,-0.000005125,-0.000005125
1573804448341,2019-11-15T15.54.08.341,21.786,-0.000018000,-0.000005500,-0.000005500
1573804448381,2019-11-15T15.54.08.381,21.826,-0.000018000,-0.000005500,-0.000005938
1573804448421,2019-11-15T15.54.08.421,21.866,-0.000018000,-0.000005125,-0.000005125
1573804448460,2019-11-15T15.54.08.460,21.905,-0.000016563,-0.000004375,-0.000005500
1573804448500,2019-11-15T15.54.08.500,21.945,-0.000017625,-0.000004750,-0.000004750
1573804448541,2019-11-15T15.54.08.541,21.986,-0.000016937,-0.000004750,-0.000004750
1573804448580,2019-11-15T15.54.08.580,22.025,-0.000016937,-0.000004750,-0.000003937
1573804448620,2019-11-15T15.54.08.620,22.065,-0.000017313,-0.000005125,-0.000006312
1573804448659,2019-11-15T15.54.08.659,22.104,-0.000016563,-0.000005125,-0.000004750
1573804448699,2019-11-15T15.54.08.699,22.144,-0.000016563,-0.000005125,-0.000004750
1573804448738,2019-11-15T15.54.08.738,22.183,-0.000016937,-0.000005125,-0.000005938
1573804448778,2019-11-15T15.54.08.778,22.223,-0.000018000,-0.000005500,-0.000005938
1573804448819,2019-11-15T15.54.08.819,22.264,-0.000018000,-0.000004750,-0.000005125
1573804448859,2019-11-15T15.54.08.859,22.304,-0.000018000,-0.000004750,-0.000006687
1573804448898,2019-11-15T15.54.08.898,22.343,-0.000018000,-0.000005813,-0.000005500
1573804448938,2019-11-15T15.54.08.938,22.383,-0.000016937,-0.000005500,-0.000006312
1573804448977,2019-11-15T15.54.08.977,22.422,-0.000016937,-0.000005125,-0.000005500
1573804449017,2019-11-15T15.54.09.017,22.462,-0.000017313,-0.000005813,-0.000005500
1573804449056,2019-11-15T15.54.09.056,22.501,-0.000018000,-0.000005813,-0.000005500
1573804449097,2019-11-15T15.54.09.097,22.542,-0.000017625,-0.000006562,-0.000005938
1573804449137,2019-11-15T15.54.09.137,22.582,-0.000016937,-0.000006187,-0.000006687
1573804449176,2019-11-15T15.54.09.176,22.621,-0.000017625,-0.000006562,-0.000006312
1573804449216,2019-11-15T15.54.09.216,22.661,-0.000018750,-0.000005813,-0.000005938
1573804449255,2019-11-15T15.54.09.255,22.700,-0.000016937,-0.000005813,-0.000006687
1573804449295,2019-11-15T15.54.09.295,22.740,-0.000018375,-0.000006562,-0.000005938
1573804449335,2019-11-15T15.54.09.335,22.780,-0.000017313,-0.000005813,-0.000006312
1573804449376,2019-11-15T15.54.09.376,22.821,-0.000017313,-0.000006187,-0.000006687
1573804449415,2019-11-15T15.54.09.415,22.860,-0.000016937,-0.000005813,-0.000005938
1573804449455,2019-11-15T15.54.09.455,22.900,-0.000017313,-0.000005125,-0.000004750
1573804449494,2019-11-15T15.54.09.494,22.939,-0.000018000,-0.000006187,-0.000005125
1573804449534,2019-11-15T15.54.09.534,22.979,-0.000016563,-0.000004750,-0.000005125
1573804449573,2019-11-15T15.54.09.573,23.018,-0.000018000,-0.000004750,-0.000005500
1573804449613,2019-11-15T15.54.09.613,23.058,-0.000016937,-0.000006187,-0.000004750
1573804449654,2019-11-15T15.54.09.654,23.099,-0.000018000,-0.000004375,-0.000004750
1573804449693,2019-11-15T15.54.09.693,23.138,-0.000016187,-0.000005500,-0.000004750
1573804449733,2019-11-15T15.54.09.733,23.178,-0.000017625,-0.000006187,-0.000005500
1573804449773,2019-11-15T15.54.09.773,23.218,-0.000016937,-0.000006187,-0.000005938
1573804449812,2019-11-15T15.54.09.812,23.257,-0.000016937,-0.000007688,-0.000006687
1573804449852,2019-11-15T15.54.09.852,23.297,-0.000018375,-0.000006938,-0.000007125
1573804449891,2019-11-15T15.54.09.891,23.336,-0.000019125,-0.000005500,-0.000008687
1573804449931,2019-11-15T15.54.09.931,23.376,-0.000020250,-0.000005125,-0.000009875
1573804449972,2019-11-15T15.54.09.972,23.417,-0.000020563,-0.000003250,-0.000009500
1573804450011,2019-11-15T15.54.10.011,23.456,-0.000018000,-0.000002875,-0.000006312
1573804450051,2019-11-15T15.54.10.051,23.496,-0.000013250,-0.000001813,0.000000375
1573804450090,2019-11-15T15.54.10.090,23.535,-0.000007000,-0.000001063,0.000006312
1573804450130,2019-11-15T15.54.10.130,23.575,-0.000002938,-0.000000688,0.000011062
1573804450170,2019-11-15T15.54.10.170,23.615,0.000000312,-0.000002188,0.000011062
1573804450209,2019-11-15T15.54.10.209,23.654,0.000007313,-0.000000312,0.000014250
1573804450249,2019-11-15T15.54.10.249,23.694,0.000015000,0.000001875,0.000015875
1573804450290,2019-11-15T15.54.10.290,23.735,0.000021250,0.000008500,0.000017063
1573804450329,2019-11-15T15.54.10.329,23.774,0.000026375,0.000009563,0.000017437
1573804450369,2019-11-15T15.54.10.369,23.814,0.000026750,0.000011750,0.000015063
1573804450408,2019-11-15T15.54.10.408,23.853,0.000029688,0.000011062,0.000015063
1573804450448,2019-11-15T15.54.10.448,23.893,0.000029312,0.000009563,0.000016250
1573804450487,2019-11-15T15.54.10.487,23.932,0.000029000,0.000008125,0.000014250
1573804450527,2019-11-15T15.54.10.527,23.972,0.000029688,0.000008812,0.000016250
1573804450568,2019-11-15T15.54.10.568,24.013,0.000029312,0.000009563,0.000016250
1573804450608,2019-11-15T15.54.10.608,24.053,0.000029312,0.000008500,0.000014625
1573804450647,2019-11-15T15.54.10.647,24.092,0.000030062,0.000008812,0.000015875
1573804450687,2019-11-15T15.54.10.687,24.132,0.000030438,0.000010688,0.000016625
1573804450726,2019-11-15T15.54.10.726,24.171,0.000030062,0.000007750,0.000016625
1573804450766,2019-11-15T15.54.10.766,24.211,0.000029688,0.000008125,0.000015437
1573804450805,2019-11-15T15.54.10.805,24.250,0.000030438,0.000008500,0.000015437
1573804450846,2019-11-15T15.54.10.846,24.291,0.000030062,0.000007750,0.000016250
1573804450886,2019-11-15T15.54.10.886,24.331,0.000028250,0.000008812,0.000016250
1573804450925,2019-11-15T15.54.10.925,24.370,0.000029688,0.000007375,0.000016250
1573804450965,2019-11-15T15.54.10.965,24.410,0.000029688,0.000007375,0.000014250
1573804451004,2019-11-15T15.54.11.004,24.449,0.000028625,0.000007375,0.000015437
1573804451044,2019-11-15T15.54.11.044,24.489,0.000028250,0.000003688,0.000015437
1573804451084,2019-11-15T15.54.11.084,24.529,0.000024562,0.000002938,0.000014250
1573804451125,2019-11-15T15.54.11.125,24.570,0.000022000,0.000001500,0.000013437
1573804451164,2019-11-15T15.54.11.164,24.609,0.000020500,0.000000000,0.000013063
1573804451204,2019-11-15T15.54.11.204,24.649,0.000017938,-0.000000688,0.000011875
1573804451243,2019-11-15T15.54.11.243,24.688,0.000020500,-0.000001813,0.000012250
1573804451283,2019-11-15T15.54.11.283,24.728,0.000024188,0.000000000,0.000012688
1573804451322,2019-11-15T15.54.11.322,24.767,0.000025687,0.000001500,0.000012688
1573804451362,2019-11-15T15.54.11.362,24.807,0.000027500,0.000002625,0.000015063
1573804451403,2019-11-15T15.54.11.403,24.848,0.000031188,0.000005563,0.000015437
1573804451442,2019-11-15T15.54.11.442,24.887,0.000035187,0.000012875,0.000015437
1573804451482,2019-11-15T15.54.11.482,24.927,0.000039250,0.000023500,0.000013437
1573804451522,2019-11-15T15.54.11.522,24.967,0.000038125,0.000032312,0.000008687
1573804451561,2019-11-15T15.54.11.561,25.006,0.000035938,0.000036750,0.000005938
1573804451601,2019-11-15T15.54.11.601,25.046,0.000039625,0.000037875,0.000005938
1573804451640,2019-11-15T15.54.11.640,25.085,0.000040000,0.000035250,0.000007938
1573804451680,2019-11-15T15.54.11.680,25.125,0.000042937,0.000032688,0.000005938
1573804451721,2019-11-15T15.54.11.721,25.166,0.000042563,0.000032688,0.000007125
1573804451760,2019-11-15T15.54.11.760,25.205,0.000043312,0.000032000,0.000008312
1573804451800,2019-11-15T15.54.11.800,25.245,0.000043688,0.000032688,0.000007500
1573804451839,2019-11-15T15.54.11.839,25.284,0.000042937,0.000030875,0.000008312
1573804451879,2019-11-15T15.54.11.879,25.324,0.000043312,0.000031625,0.000007938
1573804451919,2019-11-15T15.54.11.919,25.364,0.000042937,0.000030500,0.000009125
1573804451958,2019-11-15T15.54.11.958,25.403,0.000044000,0.000030125,0.000008687
1573804451999,2019-11-15T15.54.11.999,25.444,0.000043688,0.000029750,0.000008312
1573804452039,2019-11-15T15.54.12.039,25.484,0.000042937,0.000030125,0.000009125
1573804452078,2019-11-15T15.54.12.078,25.523,0.000043312,0.000029062,0.000009125
1573804452118,2019-11-15T15.54.12.118,25.563,0.000043688,0.000029062,0.000009500
1573804452157,2019-11-15T15.54.12.157,25.602,0.000043688,0.000028688,0.000009875
1573804452197,2019-11-15T15.54.12.197,25.642,0.000044000,0.000028312,0.000009500
1573804452236,2019-11-15T15.54.12.236,25.681,0.000044000,0.000027563,0.000009875
1573804452277,2019-11-15T15.54.12.277,25.722,0.000043312,0.000024625,0.000009500
1573804452317,2019-11-15T15.54.12.317,25.762,0.000041437,0.000023875,0.000010688
1573804452357,2019-11-15T15.54.12.357,25.802,0.000040000,0.000023500,0.000010688
1573804452396,2019-11-15T15.54.12.396,25.841,0.000038125,0.000021687,0.000009875
1573804452436,2019-11-15T15.54.12.436,25.881,0.000038125,0.000019125,0.000009500
1573804452475,2019-11-15T15.54.12.475,25.920,0.000035938,0.000017625,0.000008687
1573804452515,2019-11-15T15.54.12.515,25.960,0.000034875,0.000019875,0.000008687
1573804452554,2019-11-15T15.54.12.554,25.999,0.000033000,0.000023188,0.000008312
1573804452595,2019-11-15T15.54.12.595,26.040,0.000029000,0.000025375,0.000006687
1573804452635,2019-11-15T15.54.12.635,26.080,0.000024562,0.000027563,0.000005500
1573804452674,2019-11-15T15.54.12.674,26.119,0.000017938,0.000029062,0.000005500
1573804452714,2019-11-15T15.54.12.714,26.159,0.000013937,0.000027187,0.000005938
1573804452754,2019-11-15T15.54.12.754,26.199,0.000010625,0.000027187,0.000005938
1573804452793,2019-11-15T15.54.12.793,26.238,0.000008062,0.000027563,0.000004313
1573804452833,2019-11-15T15.54.12.833,26.278,0.000004750,0.000027187,0.000002750
1573804452874,2019-11-15T15.54.12.874,26.319,0.000006562,0.000025000,0.000003125
1573804452913,2019-11-15T15.54.12.913,26.358,0.000004750,0.000023500,0.000005125
1573804452953,2019-11-15T15.54.12.953,26.398,0.000005125,0.000023875,0.000004750
1573804452992,2019-11-15T15.54.12.992,26.437,0.000006562,0.000022063,0.000006312
1573804453032,2019-11-15T15.54.13.032,26.477,0.000005125,0.000022813,0.000004750
1573804453071,2019-11-15T15.54.13.071,26.516,0.000005500,0.000022063,0.000005938
1573804453111,2019-11-15T15.54.13.111,26.556,0.000005813,0.000023500,0.000005500
1573804453152,2019-11-15T15.54.13.152,26.597,0.000006562,0.000023188,0.000005938
1573804453192,2019-11-15T15.54.13.192,26.637,0.000005125,0.000023875,0.000005938
1573804453231,2019-11-15T15.54.13.231,26.676,0.000005813,0.000022437,0.000004313
1573804453271,2019-11-15T15.54.13.271,26.716,0.000005500,0.000023875,0.000005938
1573804453310,2019-11-15T15.54.13.310,26.755,0.000005125,0.000022437,0.000005125
1573804453350,2019-11-15T15.54.13.350,26.795,0.000004750,0.000022063,0.000005125
1573804453389,2019-11-15T15.54.13.389,26.834,0.000005125,0.000021687,0.000006687
1573804453429,2019-11-15T15.54.13.429,26.874,0.000005125,0.000022813,0.000005938
1573804453470,2019-11-15T15.54.13.470,26.915,0.000005125,0.000021687,0.000004313
1573804453509,2019-11-15T15.54.13.509,26.954,0.000005813,0.000022063,0.000005125
1573804453549,2019-11-15T15.54.13.549,26.994,0.000005813,0.000021687,0.000005938
1573804453588,2019-11-15T15.54.13.588,27.033,0.000005125,0.000022437,0.000005938
1573804453628,2019-11-15T15.54.13.628,27.073,0.000005813,0.000019500,0.000005500
1573804453668,2019-11-15T15.54.13.668,27.113,0.000005125,0.000019875,0.000005938
1573804453707,2019-11-15T15.54.13.707,27.152,0.000003625,0.000019500,0.000005125
1573804453748,2019-11-15T15.54.13.748,27.193,0.000004000,0.000018750,0.000005938
1573804453788,2019-11-15T15.54.13.788,27.233,0.000002875,0.000022063,0.000004750
1573804453827,2019-11-15T15.54.13.827,27.272,0.000003625,0.000023188,0.000002375
1573804453867,2019-11-15T15.54.13.867,27.312,0.000004750,0.000022437,0.000003563
1573804453906,2019-11-15T15.54.13.906,27.351,0.000003625,0.000022813,0.000001937
1573804453946,2019-11-15T15.54.13.946,27.391,0.000002562,0.000021687,0.000001187
1573804453985,2019-11-15T15.54.13.985,27.430,0.000000688,0.000020250,0.000001562
1573804454026,2019-11-15T15.54.14.026,27.471,-0.000000750,0.000018750,0.000000750
1573804454066,2019-11-15T15.54.14.066,27.511,-0.000004063,0.000018000,-0.000003125
1573804454106,2019-11-15T15.54.14.106,27.551,-0.000004438,0.000018750,-0.000003125
1573804454145,2019-11-15T15.54.14.145,27.590,-0.000005875,0.000019500,-0.000007125
1573804454185,2019-11-15T15.54.14.185,27.630,-0.000007375,0.000019875,-0.000011062
1573804454224,2019-11-15T15.54.14.224,27.669,-0.000008500,0.000020937,-0.000014687
1573804454264,2019-11-15T15.54.14.264,27.709,-0.000007000,0.000023875,-0.000017063
1573804454303,2019-11-15T15.54.14.303,27.748,-0.000005875,0.000025750,-0.000018625
1573804454344,2019-11-15T15.54.14.344,27.789,-0.000004812,0.000027187,-0.000018625
1573804454384,2019-11-15T15.54.14.384,27.829,-0.000004063,0.000027937,-0.000021000
1573804454423,2019-11-15T15.54.14.423,27.868,-0.000002625,0.000028312,-0.000020187
1573804454463,2019-11-15T15.54.14.463,27.908,-0.000002250,0.000028688,-0.000021813
1573804454503,2019-11-15T15.54.14.503,27.948,-0.000002625,0.000029375,-0.000025000
1573804454542,2019-11-15T15.54.14.542,27.987,-0.000002625,0.000028312,-0.000023812
1573804454582,2019-11-15T15.54.14.582,28.027,-0.000000750,0.000030500,-0.000023812
1573804454623,2019-11-15T15.54.14.623,28.068,-0.000000375,0.000029062,-0.000024188
1573804454662,2019-11-15T15.54.14.662,28.107,0.000000000,0.000028688,-0.000022625
1573804454702,2019-11-15T15.54.14.702,28.147,0.000001438,0.000029062,-0.000023000
1573804454741,2019-11-15T15.54.14.741,28.186,0.000002875,0.000029750,-0.000021375
1573804454781,2019-11-15T15.54.14.781,28.226,0.000003625,0.000029750,-0.000020625
1573804454820,2019-11-15T15.54.14.820,28.265,0.000005125,0.000029750,-0.000019438
1573804454860,2019-11-15T15.54.14.860,28.305,0.000005125,0.000030500,-0.000018250
1573804454900,2019-11-15T15.54.14.900,28.345,0.000005500,0.000029062,-0.000017812
1573804454941,2019-11-15T15.54.14.941,28.386,0.000006187,0.000029375,-0.000017063
1573804454980,2019-11-15T15.54.14.980,28.425,0.000005813,0.000028688,-0.000015437
1573804455020,2019-11-15T15.54.15.020,28.465,0.000005125,0.000028312,-0.000018250
1573804455059,2019-11-15T15.54.15.059,28.504,0.000004750,0.000027937,-0.000017812
1573804455099,2019-11-15T15.54.15.099,28.544,0.000005125,0.000027937,-0.000017812
1573804455138,2019-11-15T15.54.15.138,28.583,0.000005813,0.000028312,-0.000019000