93.207558,-1923.787964,1040.644165,
93.237198,-1923.747437,1040.632324,
93.249977,-1923.737061,1040.637817,
93.256294,-1923.739502,1040.658813,
93.247932,-1923.739380,1040.696045,
93.232872,-1923.723145,1040.727417,
93.211449,-1923.689941,1040.752808,
93.200287,-1923.676392,1040.752319,
93.206253,-1923.677612,1040.755371,
93.208847,-1923.677612,1040.770020,
93.185799,-1923.685303,1040.793579,
93.153870,-1923.706665,1040.810791,
93.158287,-1923.728882,1040.813354,
93.166588,-1923.765137,1040.802368,
93.147812,-1923.803711,1040.783081,
93.126747,-1923.828735,1040.772095,
93.107834,-1923.849854,1040.776855,
93.092033,-1923.867676,1040.784912,
93.074364,-1923.904297,1040.797363,
93.060997,-1923.952759,1040.814331,
93.049477,-1923.973511,1040.830322,
93.047287,-1923.965820,1040.844604,
93.045822,-1923.990479,1040.866699,
93.049271,-1924.015747,1040.904297,
93.037331,-1923.993286,1040.943359,
93.030495,-1923.970215,1040.972290,
93.033325,-1923.969971,1040.996582,
93.033470,-1923.972046,1041.036865,
93.021317,-1923.954224,1041.067749,
92.993866,-1923.921997,1041.088989,
92.960747,-1923.920166,1041.124146,
92.935600,-1923.922241,1041.141724,
92.930214,-1923.878052,1041.146973,
92.929298,-1923.848633,1041.176758,
92.925423,-1923.845703,1041.216675,
92.934258,-1923.832275,1041.254150,
92.949371,-1923.815796,1041.267090,
92.939819,-1923.830566,1041.267334,
92.925789,-1923.843506,1041.268311,
92.927269,-1923.840698,1041.268066,
92.952888,-1923.850220,1041.257813,
92.993195,-1923.891968,1041.243164,
93.021980,-1923.935425,1041.243774,
93.015968,-1923.957153,1041.231323,
93.010620,-1923.976685,1041.213135,
93.045387,-1924.010742,1041.214600,
93.090767,-1924.077393,1041.232300,
93.138206,-1924.141357,1041.244751,
93.180840,-1924.189819,1041.245972,
93.211563,-1924.224121,1041.248535,
93.237740,-1924.247437,1041.241943,
93.273041,-1924.284790,1041.227417,
93.304321,-1924.335083,1041.217529,
93.316483,-1924.385864,1041.218018,
93.354240,-1924.434448,1041.213257,
93.389839,-1924.471558,1041.203613,
93.401573,-1924.491455,1041.224609,
93.431496,-1924.525879,1041.245728,
93.474220,-1924.564941,1041.229370,
93.492661,-1924.592163,1041.197876,
93.513840,-1924.632080,1041.198975,
93.546043,-1924.669800,1041.219238,
93.559776,-1924.668457,1041.217163,
93.553802,-1924.652710,1041.198853,
93.562691,-1924.668457,1041.192383,
93.585831,-1924.673584,1041.195557,
93.623940,-1924.649902,1041.196167,
93.650452,-1924.622925,1041.217407,
93.667099,-1924.597168,1041.229370,
93.673531,-1924.586548,1041.237793,
93.682899,-1924.578735,1041.232666,
93.696426,-1924.544922,1041.200562,
93.690453,-1924.508423,1041.167603,
93.692055,-1924.510376,1041.171265,
93.716431,-1924.520386,1041.165527,
93.730896,-1924.483765,1041.129395,
93.728889,-1924.455078,1041.122925,
93.738647,-1924.455811,1041.147583,
93.746101,-1924.462402,1041.155029,
93.753410,-1924.449707,1041.150513,
93.772575,-1924.422852,1041.142212,
93.783806,-1924.413940,1041.133423,
93.783455,-1924.415283,1041.135132,
93.782333,-1924.416626,1041.137451,
93.783073,-1924.420654,1041.128174,
93.777168,-1924.409546,1041.132935,
93.762383,-1924.379028,1041.151489,
93.760773,-1924.352661,1041.162720,
93.775452,-1924.328247,1041.167358,
93.790199,-1924.318604,1041.170166,
93.799019,-1924.319214,1041.176392,
93.798584,-1924.320557,1041.168213,
93.799614,-1924.322388,1041.153320,
93.794418,-1924.319580,1041.171631,
93.810036,-1924.305664,1041.185425,
93.834763,-1924.280762,1041.171997,
93.843300,-1924.271240,1041.166016,
93.860664,-1924.272827,1041.178955,
93.890793,-1924.261963,1041.185181,
93.901421,-1924.246582,1041.175049,
93.921684,-1924.261353,1041.177856,
93.934647,-1924.276367,1041.180054,
93.939026,-1924.277344,1041.175293,
93.951431,-1924.279907,1041.160767,
93.967125,-1924.286011,1041.142090,
93.984169,-1924.274048,1041.152832,
94.002319,-1924.245361,1041.168457,
94.014427,-1924.223755,1041.177490,
94.035194,-1924.203003,1041.186035,
94.047539,-1924.169189,1041.205200,
94.040405,-1924.102783,1041.218140,
94.035706,-1924.042847,1041.214600,
94.062241,-1924.000122,1041.203125,
94.099709,-1923.957642,1041.186646,
94.102119,-1923.908691,1041.185303,
94.098320,-1923.862671,1041.193970,
94.102928,-1923.818481,1041.213013,
94.121696,-1923.761475,1041.214844,
94.127678,-1923.685791,1041.210938,
94.133217,-1923.624268,1041.215942,
94.136909,-1923.576782,1041.227295,
94.141609,-1923.533325,1041.216797,
94.141891,-1923.486572,1041.209839,
94.155334,-1923.436646,1041.223145,
94.172661,-1923.390747,1041.221191,
94.199310,-1923.347046,1041.214844,
94.214127,-1923.298706,1041.220581,
94.200935,-1923.239258,1041.225220,
94.190224,-1923.177368,1041.240601,
94.191864,-1923.133179,1041.241577,
94.205856,-1923.075928,1041.236084,
94.218391,-1923.016846,1041.257690,
94.208946,-1922.959229,1041.268311,
94.203415,-1922.876587,1041.267456,
94.213654,-1922.764160,1041.279297,
94.229713,-1922.650513,1041.304565,
94.223969,-1922.570801,1041.322998,
94.213867,-1922.487549,1041.345337,
94.212730,-1922.390259,1041.374878,
94.205650,-1922.293945,1041.380249,
94.183868,-1922.187744,1041.371948,
94.162148,-1922.063843,1041.387573,
94.156776,-1921.953857,1041.405762,
94.153427,-1921.869019,1041.401001,
94.148376,-1921.811035,1041.406128,
94.144485,-1921.764282,1041.430176,
94.110588,-1921.713379,1041.434326,
94.086571,-1921.661377,1041.438721,
94.099037,-1921.622925,1041.470581,
94.099213,-1921.601807,1041.475708,
94.086899,-1921.569092,1041.447876,
94.101151,-1921.534424,1041.437256,
94.106781,-1921.510864,1041.440308,
94.085846,-1921.485474,1041.441895,
94.071411,-1921.474731,1041.455444,
94.071754,-1921.474976,1041.469849,
94.064064,-1921.462280,1041.473022,
94.043045,-1921.435303,1041.460083,
94.042099,-1921.411377,1041.462158,
94.064606,-1921.385010,1041.494995,
94.075958,-1921.371948,1041.517334,
94.067337,-1921.359253,1041.517334,
94.047142,-1921.333130,1041.512085,
94.034302,-1921.317749,1041.520264,
94.032303,-1921.306641,1041.522827,
94.036789,-1921.294434,1041.513184,
94.035286,-1921.296265,1041.527954,
94.037148,-1921.269531,1041.555420,
94.026733,-1921.230591,1041.552612,
94.016182,-1921.219727,1041.540283,
94.017929,-1921.221191,1041.554810,
94.016220,-1921.207031,1041.585449,
93.997505,-1921.177002,1041.602295,
93.980110,-1921.162842,1041.606567,
93.970757,-1921.164795,1041.607788,
93.971649,-1921.167358,1041.608521,
93.964775,-1921.164063,1041.592896,
93.964104,-1921.163208,1041.561890,
93.967087,-1921.191528,1041.548462,
93.955566,-1921.247437,1041.539795,
93.948227,-1921.269165,1041.534302,
93.950249,-1921.265991,1041.525635,
93.943916,-1921.281128,1041.516846,
93.917450,-1921.308594,1041.530029,
93.885376,-1921.301025,1041.542114,
93.864510,-1921.269287,1041.534180,
93.851852,-1921.269043,1041.530762,
93.815781,-1921.284790,1041.543457,
93.767525,-1921.268921,1041.556885,
93.750275,-1921.253418,1041.559814,
93.754837,-1921.251587,1041.557861,
93.760399,-1921.254028,1041.557251,
93.752556,-1921.266724,1041.562378,
93.716179,-1921.278076,1041.569580,
93.674599,-1921.261230,1041.565308,
93.660675,-1921.248413,1041.567627,
93.646317,-1921.232666,1041.595215,
93.614403,-1921.203491,1041.607300,
93.596153,-1921.190186,1041.592651,
93.594376,-1921.192749,1041.582764,
93.597557,-1921.199463,1041.575439,
93.612549,-1921.193726,1041.567871,
93.633919,-1921.147095,1041.569336,
93.633789,-1921.071411,1041.561035,
93.630455,-1921.009399,1041.571655,
93.657394,-1920.953003,1041.597412,
93.671211,-1920.870361,1041.596191,
93.662270,-1920.769653,1041.598755,
93.673820,-1920.681030,1041.630859,
93.713234,-1920.623535,1041.655151,
93.737053,-1920.580688,1041.655884,
93.732117,-1920.534058,1041.665039,
93.753601,-1920.487549,1041.672241,
93.814522,-1920.445679,1041.654297,
93.863907,-1920.389648,1041.644409,
93.876411,-1920.329590,1041.627808,
93.886711,-1920.300537,1041.598267,
93.921677,-1920.269165,1041.589600,
93.954544,-1920.222168,1041.612183,
93.961876,-1920.173584,1041.626465,
93.972641,-1920.116455,1041.610962,
93.981438,-1920.056519,1041.584229,
93.992561,-1920.025269,1041.571411,
94.015381,-1920.003540,1041.575317,
94.018074,-1919.982056,1041.585449,
93.994957,-1919.957397,1041.569702,
93.984955,-1919.926025,1041.541992,
93.989578,-1919.875854,1041.535645,
93.977570,-1919.838867,1041.562622,
93.944786,-1919.810913,1041.577148,
93.920891,-1919.785889,1041.586670,
93.894226,-1919.753906,1041.609375,
93.862610,-1919.729614,1041.612793,
93.838173,-1919.706787,1041.597778,
93.826073,-1919.682373,1041.590576,
93.812256,-1919.654297,1041.582520,
93.789612,-1919.655029,1041.577515,
93.751808,-1919.681763,1041.590942,
93.724579,-1919.691650,1041.618408,
93.712158,-1919.687378,1041.630249,
93.710831,-1919.685547,1041.626587,
93.692528,-1919.684814,1041.619263,
93.649811,-1919.683105,1041.626831,
93.641716,-1919.693237,1041.657593,
93.671112,-1919.716675,1041.675049,
93.683701,-1919.725586,1041.684082,
93.665482,-1919.734985,1041.697754,
93.639824,-1919.757690,1041.701050,
93.640572,-1919.781250,1041.681885,
93.661118,-1919.806519,1041.684082,
93.669197,-1919.815918,1041.698853,
93.667564,-1919.839600,1041.686768,
93.666039,-1919.892944,1041.682861,
93.658119,-1919.917725,1041.682861,
93.641090,-1919.923462,1041.687378,
93.639427,-1919.956177,1041.691162,
93.649170,-1920.005981,1041.677490,
93.638382,-1920.042847,1041.671143,
93.624893,-1920.075439,1041.667969,
93.621574,-1920.125977,1041.658691,
93.626953,-1920.175293,1041.646973,
93.633720,-1920.237183,1041.651733,
93.638824,-1920.295288,1041.647827,
93.635963,-1920.343262,1041.620972,
93.647499,-1920.401611,1041.608032,
93.656807,-1920.486938,1041.606445,
93.653664,-1920.584595,1041.602417,
93.651283,-1920.677734,1041.608887,
93.649361,-1920.767456,1041.617065,
93.652557,-1920.862183,1041.606445,
93.668236,-1920.972046,1041.603394,
93.688431,-1921.096802,1041.596069,
93.713676,-1921.215698,1041.582031,
93.743446,-1921.335327,1041.582153,
93.764069,-1921.456665,1041.573730,
93.788597,-1921.568115,1041.560303,
93.817581,-1921.646240,1041.560913,
93.835968,-1921.727173,1041.559326,
93.839554,-1921.823242,1041.560181,
93.834061,-1921.919922,1041.578613,
93.838295,-1922.000122,1041.604370,
93.866943,-1922.069092,1041.614014,
93.890785,-1922.153931,1041.609375,
93.879318,-1922.237427,1041.606079,
93.870926,-1922.306030,1041.615112,
93.905441,-1922.390259,1041.618774,
93.934479,-1922.466187,1041.602051,
93.943520,-1922.510376,1041.584717,
93.950005,-1922.568848,1041.593384,
93.964188,-1922.640869,1041.607910,
93.978714,-1922.716187,1041.602539,
93.990250,-1922.776733,1041.590332,
93.975304,-1922.836182,1041.585693,
93.959969,-1922.893677,1041.576538,
93.966408,-1922.936401,1041.557861,
93.973053,-1923.012085,1041.553467,
93.960007,-1923.098999,1041.567749,
93.952492,-1923.145996,1041.560913,
93.975082,-1923.166992,1041.537476,
93.982178,-1923.201538,1041.524902,
93.991455,-1923.241333,1041.511230,
94.007813,-1923.280273,1041.506348,
94.017273,-1923.329956,1041.521606,
94.039795,-1923.360229,1041.530151,
94.077660,-1923.394043,1041.533325,
94.106194,-1923.453735,1041.542725,
94.120819,-1923.517456,1041.535645,
94.138145,-1923.551025,1041.513306,
94.157402,-1923.596802,1041.521484,
94.176437,-1923.671997,1041.548950,
94.210670,-1923.725098,1041.550781,
94.239899,-1923.746338,1041.536133,
94.248367,-1923.777954,1041.544800,
94.232513,-1923.813843,1041.559082,
94.232552,-1923.838379,1041.551758,
94.257553,-1923.865845,1041.529663,
94.273796,-1923.887573,1041.531616,
94.277107,-1923.920288,1041.550171,
94.281586,-1923.968384,1041.551392,
94.292778,-1924.015869,1041.582275,
94.267326,-1924.045776,1041.623535,
94.246292,-1924.052856,1041.625977,
94.256744,-1924.061401,1041.627441,
94.274712,-1924.096680,1041.647095,
94.268555,-1924.134399,1041.660278,
94.266945,-1924.157837,1041.656860,
94.299232,-1924.184082,1041.647217,
94.316383,-1924.193848,1041.645996,
94.312775,-1924.190552,1041.649048,
94.323784,-1924.203735,1041.647339,
94.354370,-1924.233276,1041.649536,
94.384918,-1924.244385,1041.656738,
94.437157,-1924.255859,1041.664429,
94.488579,-1924.283447,1041.668579,
94.505684,-1924.298828,1041.648193,
94.509941,-1924.298096,1041.634521,
94.527824,-1924.308838,1041.641357,
94.549995,-1924.337402,1041.650879,
94.584122,-1924.352295,1041.644409,
94.639336,-1924.351196,1041.639771,
94.659172,-1924.349731,1041.645996,
94.666130,-1924.363525,1041.631958,
94.701714,-1924.380981,1041.607910,
94.753258,-1924.384399,1041.587646,
94.797897,-1924.403076,1041.573364,
94.822441,-1924.407349,1041.561890,
94.858070,-1924.398926,1041.532593,
94.900452,-1924.392456,1041.507568,
94.916298,-1924.351440,1041.505493,
94.911728,-1924.322632,1041.527954,
94.931847,-1924.322632,1041.570435,
94.985565,-1924.327881,1041.593994,
95.019150,-1924.317017,1041.589600,
95.043861,-1924.291626,1041.585938,
95.068398,-1924.280029,1041.603027,
95.085114,-1924.270508,1041.613647,
95.101517,-1924.247803,1041.612427,
95.107101,-1924.211670,1041.625732,
95.105362,-1924.157593,1041.643677,
95.111275,-1924.121704,1041.671265,
95.141968,-1924.099121,1041.693970,
95.171082,-1924.068970,1041.694580,
95.175133,-1924.015625,1041.690063,
95.163658,-1923.968384,1041.700562,
95.162193,-1923.919922,1041.715332,
95.171371,-1923.874268,1041.739868,
95.155602,-1923.807983,1041.761230,
95.130211,-1923.736450,1041.772949,
95.128387,-1923.663574,1041.790894,
95.139450,-1923.582886,1041.805420,
95.133614,-1923.472778,1041.804443,
95.126511,-1923.365479,1041.801392,
95.129257,-1923.269775,1041.810547,
95.130142,-1923.172974,1041.834229,
95.131882,-1923.076294,1041.859619,
95.136482,-1922.982910,1041.867676,
95.139015,-1922.889160,1041.872070,
95.141754,-1922.795410,1041.874878,
95.144119,-1922.698486,1041.884521,
95.148163,-1922.602295,1041.898438,
95.147697,-1922.509155,1041.918335,
95.139679,-1922.403198,1041.928223,
95.134300,-1922.266724,1041.921143,
95.138626,-1922.145508,1041.917480,
95.129028,-1922.069702,1041.922852,
95.132347,-1921.978882,1041.942749,
95.158615,-1921.857666,1041.956543,
95.177078,-1921.735596,1041.966187,
95.186317,-1921.605591,1041.970093,
95.195885,-1921.487793,1041.967529,
95.227989,-1921.386719,1041.967407,
95.247757,-1921.256470,1041.952515,
95.244797,-1921.138306,1041.937988,
95.230682,-1921.046143,1041.929932,
95.232552,-1920.956421,1041.934082,
95.246010,-1920.852661,1041.923950,
95.237976,-1920.729858,1041.906616,
95.226166,-1920.622070,1041.903442,
95.228142,-1920.532104,1041.895386,
95.244141,-1920.428955,1041.890259,
95.267746,-1920.308472,1041.887817,
95.282227,-1920.203003,1041.881592,
95.283600,-1920.111816,1041.867798,
95.281929,-1920.017334,1041.869873,
95.286980,-1919.920776,1041.887817,
95.294472,-1919.826050,1041.909058,
95.299904,-1919.729980,1041.925659,
95.300171,-1919.633545,1041.943237,
95.298775,-1919.539673,1041.957153,
95.292564,-1919.442505,1041.958008,
95.287796,-1919.344604,1041.962402,
95.296356,-1919.272461,1041.975586,
95.303429,-1919.230835,1042.002197,
95.315880,-1919.171997,1042.010254,
95.340103,-1919.100830,1042.012573,
95.339676,-1919.027466,1042.016602,
95.325348,-1918.970947,1042.009277,
95.336990,-1918.915039,1041.985596,
95.342461,-1918.842651,1041.963501,
95.322716,-1918.791748,1041.965454,
95.309860,-1918.760498,1041.985596,
95.309196,-1918.713379,1041.993530,
95.306229,-1918.663574,1041.986816,
95.306076,-1918.611206,1041.976440,
95.280296,-1918.590454,1041.978271,
95.222183,-1918.568604,1041.985107,
95.198425,-1918.515381,1041.994019,
95.195610,-1918.474731,1042.025635,
95.174812,-1918.449463,1042.036377,
95.145309,-1918.427856,1042.023926,
95.116264,-1918.401245,1042.008789,
95.076973,-1918.389404,1042.011963,
95.028824,-1918.387451,1042.035156,
94.996422,-1918.372559,1042.048340,
94.967651,-1918.343994,1042.040405,
94.946060,-1918.322754,1042.033081,
94.920082,-1918.299927,1042.031616,
94.889397,-1918.274170,1042.030518,
94.849930,-1918.256348,1042.033691,
94.809631,-1918.268799,1042.042236,
94.787987,-1918.268066,1042.040649,
94.763794,-1918.253784,1042.029907,
94.739372,-1918.269531,1042.030518,
94.724869,-1918.282959,1042.029419,
94.693115,-1918.270630,1042.002319,
94.645584,-1918.253174,1041.981079,
94.614151,-1918.266602,1041.984375,
94.581802,-1918.278931,1041.999146,
94.525429,-1918.275757,1042.018433,
94.498695,-1918.271240,1042.018433,
94.493141,-1918.268921,1041.991089,
94.476669,-1918.279541,1041.967041,
94.460655,-1918.317993,1041.969727,
94.452820,-1918.359009,1041.975708,
94.431694,-1918.381104,1041.971558,
94.424507,-1918.401733,1041.973633,
94.410988,-1918.420776,1041.986206,
94.383774,-1918.445435,1041.983154,
94.363327,-1918.465210,1041.980103,
94.345924,-1918.484985,1041.987549,
94.336693,-1918.517090,1041.994263,
94.322716,-1918.579468,1042.002075,
94.298996,-1918.628052,1042.004395,
94.283356,-1918.650635,1041.989136,
94.279305,-1918.682983,1041.981323,
94.277603,-1918.728516,1041.995361,
94.260468,-1918.777344,1042.011353,
94.251427,-1918.825562,1042.010986,
94.235634,-1918.858398,1042.000977,
94.224426,-1918.889160,1042.005859,
94.211655,-1918.949707,1042.018799,
94.183830,-1919.000244,1042.009644,
94.166801,-1919.032227,1041.996948,
94.160255,-1919.078857,1041.989868,
94.159271,-1919.125122,1041.993774,
94.166153,-1919.185913,1042.016968,
94.173370,-1919.243896,1042.041504,
94.171585,-1919.288452,1042.049683,
94.186211,-1919.320679,1042.042480,
94.196350,-1919.355835,1042.043213,
94.190506,-1919.409912,1042.054932,
94.190727,-1919.432983,1042.051880,
94.224907,-1919.434082,1042.033691,
94.269356,-1919.446899,1042.035034,
94.264038,-1919.448120,1042.052124,
94.240494,-1919.418091,1042.053589,
94.237045,-1919.422607,1042.051514,
94.259010,-1919.426392,1042.052246,
94.266167,-1919.384033,1042.062012,
94.278145,-1919.341064,1042.072876,
94.290192,-1919.335815,1042.064453,
94.279213,-1919.330566,1042.053467,
94.274887,-1919.291626,1042.062012,
94.303955,-1919.254150,1042.060303,
94.320808,-1919.245972,1042.058472,
94.331596,-1919.238892,1042.043457,
94.346535,-1919.215454,1042.028076,
94.349609,-1919.203735,1042.026245,
94.361259,-1919.195801,1042.022827,
94.383316,-1919.174805,1042.010254,
94.406036,-1919.152710,1042.003296,
94.440193,-1919.123657,1042.007813,
94.470375,-1919.099976,1042.009399,
94.491325,-1919.091064,1042.006958,
94.501862,-1919.098999,1041.998535,
94.542366,-1919.077271,1041.970581,
94.577034,-1919.041016,1041.959839,
94.575630,-1919.027832,1041.973022,
94.585762,-1919.020020,1041.964233,
94.634888,-1919.011475,1041.949097,
94.672661,-1919.025757,1041.962524,
94.695213,-1919.026489,1041.959229,
94.747459,-1919.016602,1041.942383,
94.796150,-1919.036743,1041.931519,
94.827080,-1919.053711,1041.915894,
94.875046,-1919.055786,1041.898926,
94.910568,-1919.065918,1041.886353,
94.934303,-1919.093018,1041.887207,
94.959190,-1919.120605,1041.893433,
94.985062,-1919.149536,1041.889038,
95.019020,-1919.162476,1041.865723,
95.059402,-1919.172363,1041.852661,
95.081757,-1919.196167,1041.869629,
95.120667,-1919.232666,1041.876587,
95.167572,-1919.275513,1041.868408,
95.206657,-1919.300293,1041.844849,
95.237694,-1919.341309,1041.831543,
95.296005,-1919.378296,1041.821411,
95.347923,-1919.416992,1041.809204,
95.374672,-1919.474243,1041.815918,
95.399277,-1919.538696,1041.829590,
95.439308,-1919.588989,1041.820190,
95.481812,-1919.639893,1041.829224,
95.500839,-1919.674805,1041.825195,
95.526833,-1919.700317,1041.804321,
95.554947,-1919.711670,1041.790771,
95.559784,-1919.733887,1041.799316,
95.551300,-1919.784058,1041.819824,
95.561974,-1919.820557,1041.816528,
95.600533,-1919.846069,1041.799316,
95.626915,-1919.864990,1041.800415,
95.637169,-1919.888428,1041.797852,
95.646980,-1919.925903,1041.796753,
95.670395,-1919.990112,1041.807373,
95.696770,-1920.037231,1041.806396,
95.704391,-1920.069946,1041.806396,
95.707077,-1920.131958,1041.815796,
95.725555,-1920.182861,1041.817749,
95.758278,-1920.206787,1041.809570,
95.788841,-1920.230347,1041.794922,
95.795891,-1920.240234,1041.796997,
95.789726,-1920.257690,1041.819336,
95.785538,-1920.310303,1041.811401,
95.782143,-1920.362549,1041.785278,
95.784531,-1920.410889,1041.789917,
95.786674,-1920.430176,1041.801147,
95.779228,-1920.441528,1041.796143,
95.756569,-1920.463135,1041.813599,
95.741188,-1920.472046,1041.829346,
95.729362,-1920.468262,1041.831787,
95.699089,-1920.465942,1041.843872,
95.645897,-1920.466553,1041.874756,
95.616608,-1920.454712,1041.888062,
95.588921,-1920.413086,1041.876099,
95.547897,-1920.367798,1041.875366,
95.507385,-1920.353760,1041.892090,
95.460777,-1920.357056,1041.894287,
95.424881,-1920.348511,1041.892090,
95.366302,-1920.318359,1041.904907,
95.298180,-1920.275024,1041.922607,
95.253716,-1920.220215,1041.923584,
95.194115,-1920.185913,1041.910645,
95.112961,-1920.159668,1041.908936,
95.027039,-1920.131470,1041.922974,
94.976135,-1920.102051,1041.924927,
94.945030,-1920.091431,1041.922119,
94.878036,-1920.078369,1041.934448,
94.800858,-1920.049927,1041.946777,
94.742928,-1920.012451,1041.960693,
94.698730,-1919.956177,1041.966675,
94.645554,-1919.902832,1041.971436,
94.605476,-1919.860107,1041.984741,
94.565170,-1919.855469,1041.985352,
94.518211,-1919.832397,1041.976563,
94.465012,-1919.776367,1041.983765,
94.425674,-1919.733643,1041.987061,
94.403587,-1919.728394,1041.981567,
94.388748,-1919.716919,1041.994263,
94.370392,-1919.684692,1042.005981,
94.344627,-1919.682617,1042.006348,
94.319046,-1919.700562,1042.006104,
94.326195,-1919.690063,1041.999268,
94.332367,-1919.663940,1042.000000,
94.317123,-1919.633911,1042.021484,
94.304565,-1919.620361,1042.043823,
94.304108,-1919.621460,1042.044189,
94.297379,-1919.635254,1042.041260,
94.270065,-1919.658569,1042.053467,
94.242317,-1919.664185,1042.076904,
94.233383,-1919.660034,1042.091187,
94.239540,-1919.659180,1042.081055,
94.245705,-1919.657104,1042.075684,
94.242683,-1919.655518,1042.086792,
94.226982,-1919.669067,1042.108154,
94.217499,-1919.684204,1042.121338,
94.220795,-1919.658569,1042.125854,
94.188507,-1919.630005,1042.133301,
94.149048,-1919.618164,1042.151245,
94.141602,-1919.576782,1042.154541,
94.130875,-1919.541626,1042.144409,
94.099159,-1919.518799,1042.137817,
94.086647,-1919.487549,1042.127441,
94.085060,-1919.425537,1042.102417,
94.061485,-1919.375366,1042.091431,
94.023338,-1919.352783,1042.107910,
93.995934,-1919.330688,1042.113892,
93.991196,-1919.299316,1042.093506,
93.994087,-1919.247559,1042.071045,
93.993576,-1919.220947,1042.072632,
93.994865,-1919.221802,1042.081299,
93.997856,-1919.227173,1042.075439,
94.000000,-1919.228149,1042.055664,
94.009048,-1919.216797,1042.038086,
94.044899,-1919.207397,1042.025757,
94.088600,-1919.226074,1042.029541,
94.100723,-1919.238647,1042.035889,
94.095322,-1919.236450,1042.037354,
94.108246,-1919.247925,1042.033081,
94.143600,-1919.276855,1042.015625,
94.174889,-1919.292236,1041.983276,
94.210854,-1919.309448,1041.952759,
94.241501,-1919.337646,1041.955933,
94.274719,-1919.348755,1041.966797,
94.288223,-1919.345947,1041.967896,
94.302589,-1919.355469,1041.970703,
94.334221,-1919.381348,1041.979126,
94.338943,-1919.404785,1041.984131,
94.327202,-1919.441528,1041.987549,
94.337700,-1919.479858,1041.991699,
94.344566,-1919.489136,1042.011963,
94.342911,-1919.483521,1042.015015,
94.351730,-1919.482910,1041.991577,
94.377060,-1919.499023,1041.978271,
94.402596,-1919.528198,1041.985840,
94.410431,-1919.540527,1041.990601,
94.409317,-1919.541016,1041.982178,
94.399925,-1919.548584,1041.983032,
94.380608,-1919.570313,1041.997559,
94.371254,-1919.606201,1042.008789,
94.370255,-1919.656738,1042.019409,
94.367729,-1919.675781,1042.023315,
94.363174,-1919.694214,1042.011963,
94.363701,-1919.743774,1042.000122,
94.374809,-1919.782104,1041.998169,
94.385048,-1919.819214,1042.002930,
94.372108,-1919.852905,1042.012207,
94.360977,-1919.882202,1042.028198,
94.362740,-1919.928711,1042.044312,
94.366760,-1919.977173,1042.038086,
94.366974,-1920.030029,1042.035278,
94.374237,-1920.059326,1042.039795,
94.379456,-1920.093140,1042.037231,
94.362198,-1920.155029,1042.038330,
94.353210,-1920.219238,1042.044434,
94.367416,-1920.250977,1042.050171,
94.366371,-1920.281006,1042.070068,
94.331627,-1920.312500,1042.084839,
94.325073,-1920.334839,1042.087280,
94.350319,-1920.364746,1042.062866,
94.360207,-1920.381836,1042.036133,
94.344093,-1920.367065,1042.033569,
94.322716,-1920.333008,1042.042725,
94.316856,-1920.318604,1042.036377,
94.309143,-1920.331421,1042.059570,
94.289131,-1920.358887,1042.088379,
94.280708,-1920.369873,1042.084351,
94.283447,-1920.366699,1042.047363,
94.292984,-1920.378540,1042.023560,
94.315971,-1920.430786,1042.051147,
94.323822,-1920.494873,1042.078369,
94.298157,-1920.515381,1042.068115,
94.262955,-1920.520996,1042.061157,
94.266464,-1920.542847,1042.072510,
94.278023,-1920.556641,1042.068359,
94.263107,-1920.571533,1042.043823,
94.232124,-1920.596436,1042.029419,
94.219139,-1920.606567,1042.025513,
94.214119,-1920.616455,1042.029663,
94.194939,-1920.643799,1042.020264,
94.173637,-1920.669067,1042.004883,
94.143188,-1920.692993,1041.994751,
94.109276,-1920.709351,1042.000244,
94.083565,-1920.730469,1041.996460,
94.079582,-1920.766357,1041.976685,
94.084671,-1920.821411,1041.978516,
94.074776,-1920.855713,1041.980103,
94.046097,-1920.876831,1041.982300,
94.015221,-1920.896729,1041.980591,
93.989891,-1920.918945,1041.971924,
93.976654,-1920.927002,1041.966553,
93.978386,-1920.952515,1041.960205,
93.981552,-1921.008667,1041.953247,
93.973541,-1921.033813,1041.948120,
93.958305,-1921.029053,1041.947754,
93.956863,-1921.025024,1041.956299,
93.961296,-1921.024902,1041.976318,
93.950935,-1921.025146,1041.980713,
93.942993,-1921.024658,1041.978149,
93.942879,-1921.023071,1041.982422,
93.946541,-1921.022217,1041.993286,
93.959137,-1921.022217,1042.010010,
93.968712,-1921.022583,1042.017212,
93.957687,-1921.023438,1042.016357,
93.956657,-1921.023682,1042.015625,
93.981667,-1921.013306,1042.012817,
93.997910,-1920.998535,1042.007202,
93.992813,-1921.001587,1042.004761,
94.018188,-1921.005127,1042.008301,
94.055061,-1921.010864,1042.020020,
94.057808,-1920.985596,1042.008545,
94.064873,-1920.948120,1041.995117,
94.085266,-1920.921875,1041.988159,
94.098930,-1920.888062,1041.964844,
94.093552,-1920.865845,1041.950439,
94.115929,-1920.870361,1041.958130,
94.161133,-1920.861328,1041.972656,
94.199196,-1920.840698,1041.964233,
94.225479,-1920.805176,1041.933350,
94.237587,-1920.771484,1041.920288,
94.257843,-1920.751587,1041.928833,
94.266457,-1920.719971,1041.923218,
94.282364,-1920.684570,1041.917603,
94.292526,-1920.649170,1041.928345,
94.289177,-1920.607666,1041.929688,
94.306366,-1920.589355,1041.923340,
94.340218,-1920.566650,1041.918823,
94.365532,-1920.549194,1041.916382,
94.381119,-1920.511963,1041.893311,
94.410255,-1920.481934,1041.869751,
94.443146,-1920.459473,1041.870605,
94.462578,-1920.438965,1041.870972,
94.479149,-1920.415527,1041.860840,
94.488808,-1920.406250,1041.869873,
94.505676,-1920.393555,1041.896606,
94.538956,-1920.355103,1041.896484,
94.566574,-1920.318359,1041.880859,
94.575142,-1920.311157,1041.884033,
94.591843,-1920.304443,1041.898315,
94.619492,-1920.270020,1041.893066,
94.635475,-1920.234741,1041.885864,
94.659241,-1920.214966,1041.891724,
94.675690,-1920.179199,1041.888794,
94.699974,-1920.140015,1041.887817,
94.713531,-1920.129272,1041.888184,
94.723305,-1920.123047,1041.881836,
94.740532,-1920.101318,1041.875854,
94.742424,-1920.078491,1041.876221,
94.743439,-1920.041992,1041.877563,
94.761719,-1920.003052,1041.883179,
94.764664,-1919.986328,1041.907471,
94.771454,-1919.989136,1041.927124,
94.781136,-1919.995728,1041.930664,
94.783653,-1919.984253,1041.915649,
94.780731,-1919.941528,1041.905396,
94.759109,-1919.914429,1041.904419,
94.725510,-1919.934204,1041.905029,
94.701691,-1919.937622,1041.909058,
94.691673,-1919.896240,1041.894165,
94.696136,-1919.854370,1041.877075,
94.691841,-1919.833008,1041.872192,
94.654388,-1919.812500,1041.869019,
94.615051,-1919.790527,1041.864136,
94.604469,-1919.752930,1041.847534,
94.582832,-1919.714111,1041.849243,
94.569580,-1919.702393,1041.852295,
94.554008,-1919.693237,1041.848755,
94.512375,-1919.679688,1041.850098,
94.485619,-1919.681274,1041.843384,
94.490082,-1919.659058,1041.802002,
94.475838,-1919.634766,1041.770752,
94.444496,-1919.635864,1041.782227,
94.438133,-1919.621948,1041.788574,
94.443375,-1919.609863,1041.784180,
94.435555,-1919.621216,1041.786011,
94.424309,-1919.636230,1041.790649,
94.426193,-1919.631226,1041.793823,
94.415222,-1919.639404,1041.806885,
94.407829,-1919.651611,1041.816772,
94.414833,-1919.654907,1041.822021,
94.420464,-1919.653809,1041.822510,
94.408310,-1919.662109,1041.817505,
94.379845,-1919.682983,1041.833496,
94.376816,-1919.705811,1041.871582,
94.407249,-1919.731079,1041.879028,
94.435738,-1919.733521,1041.857544,
94.451553,-1919.732666,1041.851318,
94.472496,-1919.758057,1041.873169,
94.502686,-1919.757324,1041.880005,
94.532898,-1919.759399,1041.877075,
94.564110,-1919.774292,1041.879883,
94.591248,-1919.761230,1041.879761,
94.607208,-1919.749756,1041.871094,
94.621689,-1919.752808,1041.862549,
94.635551,-1919.744263,1041.857300,
94.657387,-1919.721680,1041.833374,
94.669403,-1919.711548,1041.829224,
94.679123,-1919.700073,1041.841187,
94.704140,-1919.675659,1041.834961,
94.727768,-1919.666260,1041.831055,
94.733681,-1919.668213,1041.828369,
94.742470,-1919.657959,1041.834229,
94.750244,-1919.644409,1041.843750,
94.751312,-1919.647705,1041.853271,
94.779190,-1919.634399,1041.842041,
94.797981,-1919.623169,1041.822754,
94.808342,-1919.638672,1041.806152,
94.841400,-1919.660034,1041.803833,
94.884109,-1919.645020,1041.803223,
94.906288,-1919.617554,1041.796631,
94.930977,-1919.616577,1041.802856,
94.965759,-1919.649536,1041.832397,
94.988701,-1919.648804,1041.849121,
94.991714,-1919.633911,1041.852051,
95.016434,-1919.633179,1041.848511,
95.072456,-1919.638794,1041.855103,
95.110542,-1919.643311,1041.847900,
95.124352,-1919.632446,1041.833984,
95.146164,-1919.606445,1041.828491,
95.170738,-1919.593384,1041.842407,
95.191353,-1919.582275,1041.859375,
95.210358,-1919.556885,1041.866089,
95.210960,-1919.543091,1041.879150,
95.205688,-1919.545166,1041.887939,
95.222443,-1919.549194,1041.889038,
95.254623,-1919.538818,1041.884399,
95.261276,-1919.512329,1041.874878,
95.258270,-1919.498169,1041.875244,
95.248596,-1919.497192,1041.879639,
95.244354,-1919.502197,1041.873779,
95.243591,-1919.502808,1041.879517,
95.228539,-1919.486572,1041.903076,
95.207024,-1919.459106,1041.924072,
95.212997,-1919.434937,1041.940308,
95.223877,-1919.398804,1041.922729,
95.187065,-1919.372559,1041.911255,
95.138199,-1919.374390,1041.923706,
95.105408,-1919.361084,1041.926270,
95.084656,-1919.334961,1041.929565,
95.046776,-1919.295288,1041.929565,
95.000534,-1919.256958,1041.931274,
94.992371,-1919.233887,1041.937256,
94.999344,-1919.209229,1041.954834,
94.976921,-1919.194702,1041.978760,
94.934715,-1919.190308,1041.985352,
94.877785,-1919.189697,1041.975830,
94.846176,-1919.187988,1041.980469,
94.839043,-1919.175537,1041.989990,
94.846382,-1919.162231,1041.993774,
94.828484,-1919.165283,1041.977295,
94.796875,-1919.151001,1041.954834,
94.772034,-1919.137451,1041.956665,
94.747002,-1919.137329,1041.967163,
94.710983,-1919.136597,1041.971191,
94.700645,-1919.123657,1041.966797,
94.699036,-1919.108521,1041.969971,
94.662308,-1919.108521,1041.988647,
94.617302,-1919.094604,1041.990845,
94.604347,-1919.082397,1041.986572,
94.593796,-1919.068848,1041.986450,
94.563889,-1919.041382,1041.982422,
94.539955,-1919.013794,1041.982788,
94.514458,-1918.987427,1041.999878,
94.484314,-1918.988037,1042.018921,
94.456642,-1918.992188,1042.009277,
94.444473,-1918.966064,1041.979492,
94.434219,-1918.954834,1041.964478,
94.411850,-1918.941040,1041.970947,
94.375214,-1918.931152,1041.974487,
94.353554,-1918.918701,1041.974731,
94.330460,-1918.889771,1041.984253,
94.302391,-1918.871704,1042.002808,
94.295349,-1918.870728,1042.020996,
94.299881,-1918.871460,1042.030640,
94.302673,-1918.872070,1042.032349,
94.303276,-1918.873413,1042.032227,
94.294205,-1918.863647,1042.029053,
94.275291,-1918.837036,1042.018066,
94.271324,-1918.810181,1042.002319,
94.277748,-1918.793091,1041.995728,
94.273567,-1918.807983,1042.015991,
94.266731,-1918.824219,1042.028809,
94.266930,-1918.813477,1042.038696,
94.273705,-1918.772461,1042.059692,
94.268562,-1918.734009,1042.062378,
94.241333,-1918.712891,1042.051270,
94.216751,-1918.690063,1042.044434,
94.220886,-1918.665527,1042.045532,
94.231979,-1918.625854,1042.045166,
94.218399,-1918.585693,1042.057495,
94.207336,-1918.575195,1042.083496,
94.202698,-1918.581177,1042.107422,
94.211937,-1918.570801,1042.115479,
94.227608,-1918.527588,1042.111328,
94.219719,-1918.486450,1042.100342,
94.207985,-1918.478516,1042.093018,
94.206863,-1918.483032,1042.091309,
94.218224,-1918.471924,1042.091431,
94.231949,-1918.458008,1042.081543,
94.231369,-1918.461304,1042.072998,
94.238777,-1918.449951,1042.070068,
94.255783,-1918.440674,1042.056152,
94.281334,-1918.431274,1042.051880,
94.307602,-1918.409058,1042.062012,
94.311943,-1918.387695,1042.070068,
94.297554,-1918.352417,1042.070679,
94.301620,-1918.306641,1042.062744,
94.316673,-1918.258179,1042.070435,
94.337296,-1918.197754,1042.091919,
94.360550,-1918.124390,1042.098389,
94.375832,-1918.063843,1042.108765,
94.355515,-1918.002930,1042.118896,
94.330582,-1917.941406,1042.110474,
94.326851,-1917.896484,1042.116943,
94.322533,-1917.833862,1042.135986,
94.302895,-1917.759766,1042.142212,
94.292557,-1917.694580,1042.150879,
94.297745,-1917.650024,1042.166870,
94.300812,-1917.602295,1042.168701,
94.296440,-1917.557739,1042.173584,
94.295166,-1917.505859,1042.170166,
94.299271,-1917.459106,1042.163940,
94.303688,-1917.408936,1042.173462,
94.303329,-1917.386353,1042.192261,
94.305031,-1917.365723,1042.193237,
94.308159,-1917.315186,1042.198853,
94.318489,-1917.279663,1042.206177,
94.333847,-1917.257568,1042.211426,
94.335899,-1917.224976,1042.215210,
94.350098,-1917.160278,1042.224976,
94.384392,-1917.110352,1042.256226,
94.401161,-1917.079712,1042.264038,
94.411758,-1917.022339,1042.246826,
94.426102,-1916.960693,1042.244263,
94.427689,-1916.909424,1042.256714,
94.444138,-1916.861328,1042.276489,
94.471237,-1916.817017,1042.286987,
94.488678,-1916.770508,1042.293823,
94.508659,-1916.707520,1042.306519,
94.525139,-1916.631714,1042.319824,
94.549347,-1916.587891,1042.335449,
94.573303,-1916.556641,1042.348511,
94.591019,-1916.493774,1042.340942,
94.611786,-1916.445435,1042.340332,
94.635330,-1916.427856,1042.333618,
94.653946,-1916.399536,1042.324951,
94.661713,-1916.351440,1042.327637,
94.675468,-1916.287476,1042.328979,
94.684731,-1916.225586,1042.336182,
94.697449,-1916.195435,1042.357300,
94.733276,-1916.151855,1042.364746,
94.756538,-1916.066772,1042.353638,
94.750412,-1915.990234,1042.339355,
94.741150,-1915.947388,1042.343018,
94.761154,-1915.891113,1042.361572,
94.775696,-1915.829712,1042.363770,
94.756752,-1915.767700,1042.354492,
94.745934,-1915.707764,1042.365601,
94.739799,-1915.662720,1042.387451,
94.735428,-1915.587891,1042.390991,
94.736801,-1915.513184,1042.380127,
94.729324,-1915.481323,1042.369385,
94.710533,-1915.438599,1042.355591,
94.707680,-1915.376587,1042.349609,
94.717567,-1915.329102,1042.352173,
94.706665,-1915.268799,1042.344238,
94.669289,-1915.221191,1042.349243,
94.642563,-1915.197510,1042.359619,
94.620430,-1915.150513,1042.343628,
94.607964,-1915.088745,1042.315430,
94.610329,-1915.056763,1042.318359,
94.608055,-1915.022949,1042.347900,
94.604065,-1914.973511,1042.356445,
94.596924,-1914.923218,1042.338745,
94.605782,-1914.877686,1042.326416,
94.596680,-1914.842529,1042.333862,
94.596878,-1914.820557,1042.343872,
94.623634,-1914.799316,1042.335083,
94.634384,-1914.791870,1042.310303,
94.614731,-1914.780396,1042.306763,
94.586662,-1914.753906,1042.298096,
94.573997,-1914.742188,1042.277466,
94.577301,-1914.744263,1042.269165,
94.580734,-1914.744507,1042.270142,
94.556366,-1914.743164,1042.271240,
94.511795,-1914.752686,1042.274658,
94.498199,-1914.765625,1042.271606,
94.478539,-1914.762939,1042.252808,
94.441795,-1914.775024,1042.249146,
94.417473,-1914.784180,1042.254028,
94.416740,-1914.782715,1042.250732,
94.412941,-1914.795410,1042.244385,
94.375877,-1914.833374,1042.245483,
94.324600,-1914.867554,1042.244019,
94.299232,-1914.887329,1042.239014,
94.295341,-1914.924072,1042.224243,
94.292366,-1914.972778,1042.219482,
94.251991,-1915.017822,1042.250977,
94.219513,-1915.061279,1042.260620,
94.233940,-1915.096313,1042.242310,
94.250801,-1915.129639,1042.234131,
94.244614,-1915.189697,1042.246094,
94.213493,-1915.259644,1042.256226,
94.172531,-1915.328369,1042.264282,
94.157539,-1915.384155,1042.259399,
94.163002,-1915.452393,1042.252930,
94.141632,-1915.551270,1042.238403,
94.118057,-1915.648560,1042.233398,
94.122513,-1915.756470,1042.253418,
94.112831,-1915.846680,1042.279175,
94.078682,-1915.912598,1042.282715,
94.064484,-1915.990601,1042.288818,
94.062904,-1916.082153,1042.308350,
94.056465,-1916.176270,1042.319946,
94.050339,-1916.272095,1042.338135,
94.046959,-1916.368042,1042.366455,
94.044617,-1916.435181,1042.391113,
94.043411,-1916.473145,1042.384644,
94.042854,-1916.545898,1042.363770,
94.040894,-1916.643066,1042.378784,
94.029068,-1916.722656,1042.411865,
94.007088,-1916.784668,1042.433105,
93.995781,-1916.868164,1042.452393,
93.991959,-1916.964355,1042.475708,
93.984993,-1917.032959,1042.487915,
93.978806,-1917.071167,1042.491577,
93.984543,-1917.132568,1042.487915,
94.011848,-1917.206177,1042.484009,
94.038078,-1917.265869,1042.500732,
94.039192,-1917.307373,1042.505737,
94.023193,-1917.369873,1042.512695,
94.012993,-1917.430542,1042.520874,
94.021324,-1917.467041,1042.510864,
94.014786,-1917.487061,1042.503784,
94.010818,-1917.516968,1042.522339,
94.026344,-1917.549561,1042.541504,
94.028877,-1917.586792,1042.550659,
94.018936,-1917.640625,1042.564331,
94.016777,-1917.650269,1042.568359,
94.005196,-1917.620728,1042.549927,
93.998207,-1917.616943,1042.548096,
94.006630,-1917.643433,1042.574463,
94.016479,-1917.655640,1042.590576,
94.011360,-1917.651245,1042.579102,
93.995483,-1917.664185,1042.567993,
93.980461,-1917.695435,1042.570557,
93.989075,-1917.698364,1042.564331,
94.002533,-1917.669678,1042.555786,
94.002632,-1917.653442,1042.567993,
94.002991,-1917.655396,1042.575317,
94.017639,-1917.658569,1042.548706,
94.025711,-1917.655640,1042.531982,
94.014824,-1917.666260,1042.531982,
94.001640,-1917.711670,1042.527466,
94.013641,-1917.754761,1042.524902,
94.033623,-1917.749634,1042.528809,
94.046524,-1917.729370,1042.515869,
94.040344,-1917.753906,1042.525879,
94.052238,-1917.794922,1042.552856,
94.078957,-1917.810181,1042.546631,
94.086540,-1917.808594,1042.525146,
94.079079,-1917.804932,1042.511230,
94.074745,-1917.805420,1042.505005,
94.085129,-1917.820313,1042.501709,
94.106926,-1917.847290,1042.498657,
94.108948,-1917.870605,1042.488281,
94.098915,-1917.905518,1042.494385,
94.115776,-1917.941772,1042.506470,
94.121155,-1917.967651,1042.498413,
94.093376,-1918.004883,1042.483521,
94.098892,-1918.040894,1042.485474,
94.134033,-1918.060791,1042.502686,
94.147148,-1918.097290,1042.509644,
94.126503,-1918.135376,1042.501587,
94.122330,-1918.144897,1042.501099,
94.132332,-1918.166626,1042.500000,
94.136749,-1918.217651,1042.511353,
94.135223,-1918.239014,1042.520508,
94.116898,-1918.246826,1042.521362,
94.094948,-1918.283569,1042.517090,
94.110596,-1918.323486,1042.501953,
94.121979,-1918.346436,1042.484741,
94.114571,-1918.381836,1042.485474,
94.114471,-1918.419434,1042.490356,
94.097084,-1918.441040,1042.495361,
94.085396,-1918.476563,1042.509521,
94.112679,-1918.512817,1042.515625,
94.127350,-1918.520142,1042.500366,
94.118034,-1918.540283,1042.496216,
94.127632,-1918.609253,1042.505859,
94.151428,-1918.661865,1042.496582,
94.163330,-1918.669189,1042.473389,
94.162102,-1918.685791,1042.472656,
94.163521,-1918.737061,1042.488403,
94.177490,-1918.777100,1042.495361,
94.202156,-1918.813477,1042.506592,
94.236717,-1918.847778,1042.504639,
94.259026,-1918.869263,1042.477905,
94.272224,-1918.904053,1042.475708,
94.281364,-1918.955566,1042.491821,
94.296692,-1918.998779,1042.495728,
94.304077,-1919.010498,1042.492920,
94.302856,-1919.004883,1042.494263,
94.303452,-1919.002563,1042.484009,
94.314560,-1919.014526,1042.482056,
94.332542,-1919.040283,1042.517212,
94.351242,-1919.064209,1042.530762,
94.374626,-1919.077759,1042.518677,
94.381119,-1919.073486,1042.505371,
94.389862,-1919.088135,1042.513672,
94.399925,-1919.105225,1042.510986,
94.397400,-1919.094238,1042.506226,
94.390915,-1919.052002,1042.498413,
94.384682,-1919.024780,1042.479736,
94.361862,-1919.040283,1042.486206,
94.351158,-1919.054199,1042.502075,
94.346725,-1919.053589,1042.492310,
94.343712,-1919.054565,1042.482544,
94.344582,-1919.056763,1042.483398,
94.345970,-1919.033813,1042.476318,
94.338989,-1918.991699,1042.460327,
94.328110,-1918.982056,1042.456299,
94.329063,-1918.984253,1042.457153,
94.328224,-1918.989014,1042.457642,
94.339767,-1918.974121,1042.452271,
94.346306,-1918.961426,1042.457642,
94.343224,-1918.960693,1042.468628,
94.344948,-1918.962769,1042.458374,
94.347519,-1918.963013,1042.448364,
94.347481,-1918.965820,1042.449707,
94.348373,-1918.967529,1042.452148,
94.349709,-1918.944092,1042.442627,
94.341461,-1918.903809,1042.425293,
94.328598,-1918.895508,1042.428833,
94.336174,-1918.882935,1042.448242,
94.340111,-1918.857544,1042.465332,
94.320297,-1918.828491,1042.474487,
94.288849,-1918.805664,1042.479614,
94.263054,-1918.780762,1042.479370,
94.241905,-1918.757813,1042.468018,
94.210785,-1918.732666,1042.458374,
94.200516,-1918.721802,1042.447754,
94.194565,-1918.708862,1042.448486,
94.173828,-1918.685303,1042.452271,
94.158089,-1918.675293,1042.456299,
94.138306,-1918.661987,1042.459839,
94.104256,-1918.621460,1042.456665,
94.065201,-1918.579956,1042.459351,
94.043053,-1918.567993,1042.464233,
94.041344,-1918.571289,1042.464600,
94.027412,-1918.571045,1042.453003,
93.991638,-1918.569824,1042.440552,
93.980911,-1918.581787,1042.456055,
93.985451,-1918.596069,1042.470947,
93.962463,-1918.579956,1042.463379,
93.941551,-1918.566284,1042.464111,
93.937729,-1918.566406,1042.483276,
93.950500,-1918.556152,1042.494263,
93.953552,-1918.528442,1042.493530,
93.914024,-1918.503052,1042.484497,
93.889282,-1918.467529,1042.475220,
93.899879,-1918.431396,1042.486694,
93.887436,-1918.406494,1042.509766,
93.859566,-1918.378418,1042.517944,
93.841896,-1918.353271,1042.510986,
93.825684,-1918.330688,1042.499268,
93.818626,-1918.323364,1042.494263,
93.818779,-1918.300537,1042.494141,
93.816711,-1918.248169,1042.498779,
93.808792,-1918.223633,1042.508179,
93.797905,-1918.202271,1042.509766,
93.790016,-1918.140625,1042.505371,
93.772545,-1918.086914,1042.511719,
93.759605,-1918.054077,1042.523438,
93.759361,-1918.008911,1042.512939,
93.764145,-1917.963379,1042.493530,
93.768478,-1917.912598,1042.484131,
93.755234,-1917.879150,1042.501953,
93.726685,-1917.842529,1042.520630,
93.728424,-1917.795288,1042.518677,
93.746796,-1917.746948,1042.513916,
93.759506,-1917.700439,1042.504150,
93.759071,-1917.654053,1042.486328,
93.770546,-1917.620361,1042.493286,
93.768440,-1917.599243,1042.517944,
93.757309,-1917.560425,1042.523071,
93.758873,-1917.510742,1042.506592,
93.750633,-1917.474609,1042.490601,
93.752327,-1917.455566,1042.488770,
93.765099,-1917.431274,1042.489502,
93.759590,-1917.396240,1042.478638,
93.760094,-1917.344727,1042.479736,
93.778625,-1917.306885,1042.513550,
93.785248,-1917.270386,1042.520996,
93.767982,-1917.237671,1042.504883,
93.745964,-1917.215942,1042.502197,
93.734161,-1917.177124,1042.501953,
93.749580,-1917.139404,1042.491089,
93.759468,-1917.131714,1042.504150,
93.751717,-1917.121826,1042.531494,
93.742699,-1917.082520,1042.529297,
93.754555,-1917.042969,1042.513062,
93.763588,-1917.034058,1042.508545,
93.769066,-1917.042114,1042.508423,
93.785828,-1917.035522,1042.501953,
93.798409,-1916.996216,1042.491699,
93.790245,-1916.954346,1042.484253,
93.771889,-1916.940552,1042.484497,
93.766083,-1916.944824,1042.484741,
93.767174,-1916.947754,1042.489624,
93.759468,-1916.939575,1042.483521,
93.748764,-1916.905396,1042.455688,
93.748337,-1916.856201,1042.419556,
93.742554,-1916.821899,1042.399780,
93.743073,-1916.817383,1042.388794,
93.744179,-1916.801392,1042.363892,
93.736839,-1916.749878,1042.339722,
93.726707,-1916.699097,1042.340942,
93.733574,-1916.648926,1042.355835,
93.745148,-1916.607910,1042.364624,
93.750366,-1916.561035,1042.351929,
93.751953,-1916.517334,1042.338989,
93.745766,-1916.465210,1042.329956,
93.731346,-1916.421143,1042.316040,
93.732994,-1916.372314,1042.301147,
93.749374,-1916.325317,1042.310913,
93.758492,-1916.274902,1042.323975,
93.769577,-1916.245972,1042.314453,
93.796051,-1916.215698,1042.309570,
93.819580,-1916.170166,1042.309570,
93.825172,-1916.110474,1042.291504,
93.839424,-1916.040894,1042.261597,
93.864250,-1915.973633,1042.255615,
93.863449,-1915.903076,1042.256226,
93.849449,-1915.843628,1042.270630,
93.862961,-1915.784668,1042.281250,
93.869949,-1915.712646,1042.269409,
93.858177,-1915.653320,1042.259644,
93.863441,-1915.594849,1042.270508,
93.883461,-1915.533325,1042.278320,
93.908150,-1915.499634,1042.270630,
93.928192,-1915.479736,1042.258301,
93.931931,-1915.460083,1042.260620,
93.925758,-1915.422241,1042.252930,
93.936562,-1915.387451,1042.243408,
93.946159,-1915.380493,1042.243042,
93.946571,-1915.360596,1042.234253,
93.947052,-1915.308228,1042.212769,
93.951309,-1915.282715,1042.215576,
93.955643,-1915.285034,1042.244507,
93.947762,-1915.276611,1042.253296,
93.939278,-1915.235840,1042.236938,
93.952026,-1915.196655,1042.222290,
93.950256,-1915.200073,1042.216553,
93.933556,-1915.218872,1042.206421,
93.941292,-1915.206177,1042.194458,
93.952339,-1915.192017,1042.190674,
93.954201,-1915.190674,1042.191162,
93.952827,-1915.193237,1042.191406,
93.942444,-1915.202881,1042.194946,
93.930748,-1915.213623,1042.200317,
93.941368,-1915.224854,1042.200928,
93.952133,-1915.268921,1042.198242,
93.955894,-1915.292236,1042.184448,
93.961319,-1915.298218,1042.174194,
93.974625,-1915.343018,1042.165161,
93.996010,-1915.422485,1042.151733,
94.028091,-1915.499512,1042.140015,
94.051453,-1915.574707,1042.135254,
94.058853,-1915.632813,1042.126099,
94.059326,-1915.680542,1042.101074,
94.084518,-1915.739990,1042.094116,
94.109650,-1915.816162,1042.085449,
94.122345,-1915.892456,1042.055420,
94.130058,-1915.982178,1042.028931,
94.150948,-1916.070801,1042.026855,
94.177635,-1916.141113,1042.012207,
94.200424,-1916.211304,1041.987183,
94.236473,-1916.293823,1041.997437,
94.269241,-1916.406738,1042.019043,
94.303558,-1916.505249,1042.005371,
94.360794,-1916.578735,1041.983521,
94.418396,-1916.664185,1041.984863,
94.459801,-1916.752197,1041.988037,
94.510803,-1916.826172,1041.985474,
94.570145,-1916.887817,1041.979248,
94.608498,-1916.921021,1041.961304,
94.633507,-1916.972290,1041.931885,
94.667442,-1917.052124,1041.922974,
94.717377,-1917.119019,1041.922607,
94.760353,-1917.170166,1041.926270,
94.793495,-1917.203979,1041.931641,
94.813972,-1917.212769,1041.932007,
94.820938,-1917.224121,1041.942505,
94.848534,-1917.239746,1041.949219,
94.900314,-1917.237671,1041.939087,
94.945732,-1917.249390,1041.943115,
94.977295,-1917.273926,1041.960693,
95.013527,-1917.292847,1041.962402,
95.062981,-1917.290405,1041.959961,
95.101463,-1917.305664,1041.943359,
95.130646,-1917.334839,1041.922241,
95.159149,-1917.363525,1041.927124,
95.197105,-1917.375732,1041.930298,
95.247093,-1917.376587,1041.919312,
95.287117,-1917.391357,1041.906738,
95.332832,-1917.420654,1041.910889,
95.402191,-1917.424683,1041.905640,
95.462273,-1917.411255,1041.890625,
95.503326,-1917.412109,1041.903076,
95.536530,-1917.409424,1041.924683,
95.589890,-1917.423706,1041.942993,
95.673874,-1917.439941,1041.952271,
95.740883,-1917.441772,1041.987305,
95.775230,-1917.432129,1042.007202,
95.812347,-1917.398926,1041.994141,
95.856544,-1917.339600,1041.965454,
95.880173,-1917.276489,1041.942871,
95.902084,-1917.244385,1041.944946,
95.942627,-1917.215088,1041.941650,
95.977394,-1917.182861,1041.943237,
95.993279,-1917.147949,1041.957031,
96.013977,-1917.086060,1041.954224,
96.060890,-1917.026978,1041.950439,
96.103439,-1916.995117,1041.947144,
96.135063,-1916.982910,1041.945313,
96.170944,-1916.951416,1041.951416,
96.207848,-1916.889893,1041.954346,
96.244118,-1916.816284,1041.952271,
96.285500,-1916.757446,1041.955811,
96.324348,-1916.700439,1041.962646,
96.340416,-1916.641846,1041.967407,
96.354752,-1916.606812,1041.992798,
96.387154,-1916.559570,1042.026978,
96.412048,-1916.488525,1042.019775,
96.436356,-1916.418335,1041.992920,
96.469643,-1916.348145,1041.982056,
96.512856,-1916.290405,1041.997314,
96.555206,-1916.232422,1042.010986,
96.591331,-1916.175293,1042.006226,
96.634575,-1916.132202,1042.019409,
96.675713,-1916.071289,1042.034180,
96.716438,-1916.014526,1042.025879,
96.765175,-1915.971436,1042.003174,
96.814804,-1915.929688,1041.986328,
96.858047,-1915.894775,1041.996216,
96.877869,-1915.861694,1042.018555,
96.895744,-1915.803223,1042.022583,
96.936844,-1915.748291,1042.010742,
96.987251,-1915.693970,1042.003418,
97.029556,-1915.610840,1042.006104,
97.081665,-1915.512939,1042.019043,
97.115456,-1915.429810,1042.043091,
97.156410,-1915.352539,1042.071777,
97.197945,-1915.242065,1042.082642,
97.217049,-1915.132935,1042.086792,
97.236244,-1915.051514,1042.095703,
97.280960,-1914.974609,1042.100586,
97.336533,-1914.881592,1042.096436,
97.369331,-1914.803101,1042.106079,
97.392319,-1914.711426,1042.106689,
97.429855,-1914.590088,1042.121338,
97.449295,-1914.479370,1042.142090,
97.456299,-1914.374756,1042.149536,
97.483040,-1914.258789,1042.144287,
97.519875,-1914.141846,1042.141724,
97.552383,-1914.025024,1042.138794,
97.563805,-1913.921753,1042.141235,
97.579124,-1913.819580,1042.135742,
97.620445,-1913.705566,1042.118164,
97.628784,-1913.589844,1042.106323,
97.585136,-1913.457031,1042.088745,
97.551704,-1913.325317,1042.069458,
97.542641,-1913.216187,1042.085083,
97.516983,-1913.117188,1042.106445,
97.470711,-1913.030273,1042.120361,
97.431297,-1912.978394,1042.159180,
97.403664,-1912.951172,1042.228027,
97.367332,-1912.910400,1042.279541,
97.302856,-1912.864502,1042.297852,
97.219955,-1912.834595,1042.308228,
97.129936,-1912.818115,1042.337036,
97.011635,-1912.814453,1042.379395,
96.860748,-1912.776733,1042.416504,
96.674965,-1912.702515,1042.443237,
96.442299,-1912.625366,1042.485107,
96.166924,-1912.552856,1042.541748,
95.863525,-1912.424316,1042.579590,
95.504829,-1912.254883,1042.614258,
95.075356,-1912.066895,1042.685913,
94.584854,-1911.861328,1042.775757,
94.076637,-1911.659790,1042.871216,
93.563034,-1911.459717,1042.975708,
92.993935,-1911.250366,1043.053833,
92.341919,-1910.998535,1043.093872,
91.639282,-1910.718750,1043.144287,
90.885948,-1910.424438,1043.206421,
90.059166,-1910.110229,1043.240967,
89.162987,-1909.785645,1043.278809,
88.222771,-1909.439819,1043.300171,
87.216164,-1909.026123,1043.281494,
86.133430,-1908.541260,1043.271606,
85.002754,-1908.030518,1043.291504,
83.814026,-1907.516113,1043.311646,
82.555328,-1906.949585,1043.317261,
81.268372,-1906.317627,1043.295044,
79.938705,-1905.653442,1043.251831,
78.551720,-1904.983521,1043.216797,
77.097542,-1904.272949,1043.181885,
75.598595,-1903.496094,1043.091919,
74.076988,-1902.728516,1042.968872,
72.507950,-1901.981567,1042.863037,
70.888733,-1901.177490,1042.755859,
69.253998,-1900.310669,1042.653076,
67.601875,-1899.446655,1042.548828,
65.899254,-1898.625366,1042.401001,
64.161255,-1897.813599,1042.186768,
62.420853,-1896.961548,1041.950317,
60.718807,-1896.092041,1041.711060,
59.015854,-1895.270142,1041.452637,
57.302444,-1894.465576,1041.190063,
55.577427,-1893.632446,1040.931519,
53.789646,-1892.782593,1040.692383,
51.922768,-1891.908203,1040.473145,
50.033367,-1890.972900,1040.225098,
48.139435,-1889.965454,1039.956787,
46.200226,-1888.884888,1039.685547,
44.276180,-1887.747437,1039.413208,
42.356258,-1886.554810,1039.133179,
40.459637,-1885.290405,1038.862061,
38.655487,-1883.968384,1038.603760,
36.927582,-1882.605225,1038.344360,
35.261806,-1881.187622,1038.066772,
33.685120,-1879.692749,1037.770508,
32.192944,-1878.125610,1037.449829,
30.798552,-1876.523071,1037.092407,
29.542099,-1874.943726,1036.700439,
28.423264,-1873.350342,1036.283325,
27.457300,-1871.678345,1035.858154,
26.655462,-1869.952026,1035.437500,
25.981255,-1868.163696,1035.011108,
25.412605,-1866.272217,1034.585449,
24.919422,-1864.242432,1034.182007,
24.473053,-1862.080078,1033.812012,
24.088352,-1859.808594,1033.467651,
23.781845,-1857.425415,1033.093994,
23.541584,-1854.937622,1032.724731,
23.348009,-1852.307129,1032.386597,
23.188948,-1849.526611,1032.038818,
23.045893,-1846.629150,1031.652100,
22.910011,-1843.604614,1031.247803,
22.812115,-1840.497314,1030.807983,
22.759377,-1837.343384,1030.305298,
22.806187,-1834.148315,1029.801025,
22.983027,-1830.926025,1029.317261,
23.271955,-1827.659546,1028.811157,
23.640968,-1824.279907,1028.219360,
24.079811,-1820.785645,1027.552734,
24.608213,-1817.252686,1026.846802,
25.202703,-1813.659912,1026.120605,
25.860384,-1809.947876,1025.371094,
26.584620,-1806.136719,1024.565552,
27.396624,-1802.223022,1023.713440,
28.301733,-1798.237549,1022.875793,
29.325161,-1794.189575,1022.044250,
30.479864,-1790.067993,1021.205688,
31.754999,-1785.860107,1020.345764,
33.172077,-1781.561401,1019.473267,
34.724876,-1777.184204,1018.590942,
36.393524,-1772.719116,1017.724609,
38.183464,-1768.151978,1016.861389,
40.130646,-1763.465088,1015.979065,
42.179771,-1758.655640,1015.147278,
44.262569,-1753.769409,1014.407776,
46.403866,-1748.751953,1013.710876,
48.653725,-1743.489136,1012.994873,
50.989601,-1738.023804,1012.293457,
53.337040,-1732.354248,1011.655945,
55.730007,-1726.437134,1011.056274,
58.188656,-1720.388794,1010.477966,
60.764553,-1714.250000,1009.910706,
63.407066,-1708.014038,1009.411316,
65.945190,-1701.641846,1009.048096,
68.268890,-1695.142334,1008.804260,
70.413170,-1688.587036,1008.595764,
72.534271,-1682.038452,1008.437500,
74.777176,-1675.457275,1008.376038,
77.083885,-1668.835815,1008.452820,
79.356262,-1662.134155,1008.641663,
81.593735,-1655.391235,1008.931824,
83.759010,-1648.708130,1009.322327,
85.916519,-1642.138062,1009.833557,
88.229408,-1635.815796,1010.527344,
90.802628,-1629.802734,1011.410278,
93.652260,-1624.088867,1012.395691,
96.731644,-1618.669434,1013.336670,
99.969727,-1613.523926,1014.115723,
103.227844,-1608.693115,1014.673462,
106.404160,-1604.146606,1014.905701,
109.402115,-1599.801880,1014.840454,
112.196877,-1595.625977,1014.520203,
114.802673,-1591.555908,1013.980591,
117.155739,-1587.577026,1013.379150,
119.260139,-1583.666260,1012.850098,
121.247307,-1579.794800,1012.497559,
123.161781,-1575.975830,1012.411865,
125.009964,-1572.147949,1012.576355,
126.816139,-1568.267822,1012.937256,
128.557938,-1564.364990,1013.480591,
130.220032,-1560.492310,1014.140320,
131.785172,-1556.712646,1014.888672,
133.225998,-1552.994263,1015.702209,
134.548813,-1549.269775,1016.542847,
135.758057,-1545.536499,1017.385254,
136.829178,-1541.832397,1018.210144,
137.818756,-1538.150391,1019.022461,
138.767227,-1534.484375,1019.863159,
139.639969,-1530.886719,1020.707275,
140.441071,-1527.326904,1021.541626,
141.207809,-1523.783447,1022.366821,
141.888809,-1520.254395,1023.113708,
142.415970,-1516.682617,1023.747498,
142.754852,-1513.079102,1024.360718,
142.875717,-1509.428101,1024.938843,
142.769897,-1505.675903,1025.342163,
142.462402,-1501.828735,1025.588867,
142.006165,-1497.991333,1025.742554,
141.445190,-1494.129395,1025.805420,
140.711151,-1490.206543,1025.819458,
139.816360,-1486.277710,1025.821167,
138.898590,-1482.385010,1025.790039,
137.979233,-1478.575073,1025.738647,
137.006912,-1474.898926,1025.712769,
136.108170,-1471.394165,1025.715698,
135.392273,-1468.048340,1025.736816,
134.817398,-1464.857300,1025.823364,
134.368179,-1461.795410,1025.904053,
134.056488,-1458.800659,1025.929443,
133.826324,-1455.912231,1025.928223,
133.593582,-1453.153198,1025.984253,
133.359177,-1450.421509,1026.126709,
133.090408,-1447.670654,1026.346680,
132.687134,-1444.977051,1026.676147,
132.145920,-1442.340332,1027.042725,
131.466568,-1439.762695,1027.390503,
130.627197,-1437.279053,1027.641724,
129.699600,-1434.963257,1027.839478,
128.761642,-1432.789307,1028.006714,
127.826981,-1430.678101,1028.138550,
126.886620,-1428.703125,1028.266479,
125.965324,-1426.917114,1028.399292,
125.071419,-1425.199951,1028.498047,
124.190735,-1423.536255,1028.571655,
123.337990,-1421.936523,1028.627808,
122.462029,-1420.396118,1028.668823,
121.527267,-1418.907837,1028.739014,
120.568245,-1417.507202,1028.838135,
119.646835,-1416.181030,1028.910156,
118.754112,-1414.877075,1028.927368,
117.896698,-1413.636353,1028.914551,
117.065559,-1412.471680,1028.856812,
116.199806,-1411.347534,1028.775269,
115.315735,-1410.265137,1028.700562,
114.443932,-1409.250610,1028.622925,
113.540733,-1408.289795,1028.544678,
112.613213,-1407.357910,1028.496826,
111.718758,-1406.455811,1028.460083,
110.846436,-1405.599976,1028.385742,
110.029327,-1404.811768,1028.306152,
109.323395,-1404.097534,1028.273682,
108.710320,-1403.481812,1028.260254,
108.170921,-1402.951416,1028.257324,
107.670418,-1402.538330,1028.281982,
107.220558,-1402.203979,1028.310791,
106.813362,-1401.898193,1028.335083,
106.407471,-1401.660889,1028.382080,
106.019966,-1401.517578,1028.456055,
105.702881,-1401.411621,1028.540894,
105.440201,-1401.328247,1028.628418,
105.240120,-1401.380127,1028.733643,
105.113693,-1401.583984,1028.864624,
105.091576,-1401.887207,1029.000854,
105.187309,-1402.293213,1029.120605,
105.397522,-1402.817871,1029.250977,
105.701614,-1403.400513,1029.337036,
106.069656,-1404.097168,1029.356567,
106.553253,-1404.926270,1029.359131,
107.203995,-1405.860352,1029.346191,
107.951317,-1406.912964,1029.353638,
108.790207,-1408.094727,1029.366211,
109.737221,-1409.394897,1029.310669,
110.779129,-1410.791138,1029.186035,
111.888428,-1412.277222,1029.040771,
113.112045,-1413.875977,1028.885254,
114.459717,-1415.594971,1028.715454,
115.897209,-1417.467896,1028.521362,
117.419174,-1419.459351,1028.289185,
119.007721,-1421.549316,1028.031250,
120.677307,-1423.787476,1027.755371,
122.442307,-1426.193481,1027.460571,
124.273468,-1428.746704,1027.130615,
126.199951,-1431.455200,1026.774292,
128.168823,-1434.333374,1026.405884,
130.141754,-1437.378052,1026.092773,
132.188675,-1440.597900,1025.805420,
134.318161,-1443.962891,1025.527100,
136.508209,-1447.413940,1025.263428,
138.761505,-1450.958496,1025.025146,
141.062851,-1454.614990,1024.823730,
143.410507,-1458.353271,1024.695557,
145.816071,-1462.136963,1024.667114,
148.243774,-1465.959351,1024.723145,
150.649582,-1469.754150,1024.808105,
153.051254,-1473.489014,1024.926392,
155.371597,-1477.175659,1025.113037,
157.575653,-1480.761230,1025.292236,
159.711929,-1484.119873,1025.464844,
161.793167,-1487.308105,1025.699341,
163.769928,-1490.423340,1026.042114,
165.630753,-1493.439819,1026.447021,
167.346252,-1496.270020,1026.845825,
168.906509,-1498.930786,1027.213623,
170.352951,-1501.490234,1027.559326,
171.670914,-1503.938477,1027.874878,
172.906525,-1506.265503,1028.159058,
174.109055,-1508.537354,1028.427002,
175.288696,-1510.804443,1028.661865,
176.428650,-1513.045288,1028.851196,
177.538467,-1515.181885,1028.962891,
178.572281,-1517.224487,1029.048828,
179.524445,-1519.219482,1029.148560,
180.425385,-1521.186523,1029.219727,
181.240677,-1523.074829,1029.215210,
181.959961,-1524.913086,1029.172119,
182.603714,-1526.737549,1029.130737,
183.165421,-1528.559326,1029.083984,
183.650330,-1530.401245,1029.024170,
184.105545,-1532.256592,1028.974121,
184.531052,-1534.161377,1028.920532,
184.940781,-1536.135864,1028.835693,
185.336853,-1538.176758,1028.740723,
185.710724,-1540.255737,1028.635498,
186.083145,-1542.443726,1028.499390,
186.525452,-1544.817505,1028.379883,
187.030670,-1547.384766,1028.273438,
187.590225,-1550.093994,1028.188599,
188.203522,-1552.938965,1028.195801,
188.849228,-1555.926758,1028.270752,
189.531860,-1559.035767,1028.345825,
190.216583,-1562.249878,1028.415283,
190.870499,-1565.576172,1028.481567,
191.519104,-1569.032959,1028.537842,
192.224808,-1572.618408,1028.595703,
192.952728,-1576.351807,1028.658447,
193.675644,-1580.251831,1028.676880,
194.401428,-1584.309814,1028.573730,
195.107773,-1588.505249,1028.333984,
195.802536,-1592.832520,1028.003296,
196.479355,-1597.276245,1027.609009,
197.087433,-1601.841431,1027.121216,
197.627365,-1606.549316,1026.502075,
198.105225,-1611.369263,1025.743774,
198.466980,-1616.255981,1024.857910,
198.653122,-1621.216431,1023.891785,
198.691193,-1626.294189,1022.832642,
198.643097,-1631.575684,1021.617188,
198.533951,-1637.056641,1020.291016,
198.389252,-1642.664185,1018.946167,
198.213333,-1648.330688,1017.634277,
198.013779,-1654.028687,1016.419556,
197.856979,-1659.762451,1015.366394,
197.808472,-1665.515015,1014.508362,
197.849304,-1671.167603,1013.799622,
197.968842,-1676.701538,1013.200195,
198.150040,-1682.149292,1012.692810,
198.392609,-1687.419434,1012.189697,
198.706543,-1692.549316,1011.694641,
199.080231,-1697.633301,1011.208801,
199.461807,-1702.672485,1010.627075,
199.787491,-1707.586670,1009.942139,
200.061890,-1712.359131,1009.211365,
200.286087,-1717.048584,1008.519897,
200.451874,-1721.614746,1007.917969,
200.579865,-1726.010986,1007.399170,
200.637741,-1730.256714,1006.956970,
200.546356,-1734.359619,1006.574280,
200.268951,-1738.340454,1006.129028,
199.815598,-1742.267578,1005.484436,
199.252502,-1746.168579,1004.654297,
198.612549,-1749.943115,1003.698486,
197.912292,-1753.435303,1002.678894,
197.219757,-1756.615845,1001.721863,
196.609222,-1759.476318,1000.955383,
196.104431,-1761.988525,1000.426819,
195.726959,-1764.207886,1000.080078,
195.443314,-1766.168701,999.821167,
195.255859,-1767.864136,999.564514,
195.197037,-1769.316528,999.283325,
195.205063,-1770.546875,998.936340,
195.220428,-1771.587036,998.515503,
195.243042,-1772.459961,998.054443,
195.235489,-1773.127930,997.631165,
195.184799,-1773.569946,997.238464,
195.126617,-1773.783813,996.844666,
195.098984,-1773.734619,996.514160,
195.122208,-1773.398682,996.251587,
195.227203,-1772.848267,996.056946,
195.402267,-1772.059082,995.901550,
195.602798,-1771.000610,995.767517,
195.832108,-1769.729370,995.672546,
196.111557,-1768.292969,995.601746,
196.444794,-1766.629761,995.536926,
196.805466,-1764.737671,995.521912,
197.205414,-1762.665161,995.538147,
197.631775,-1760.369507,995.541443,
198.079391,-1757.868530,995.556824,
198.511978,-1755.195801,995.598755,
198.926208,-1752.396973,995.621155,
199.330002,-1749.469971,995.609253,
199.700180,-1746.360718,995.600159,
200.007370,-1743.168701,995.598389,
200.274078,-1739.951172,995.676331,
200.496735,-1736.641724,995.868774,
200.666748,-1733.217285,996.110168,
200.818451,-1729.660034,996.374268,
201.002502,-1725.957764,996.672913,
201.270676,-1722.111572,997.008118,
201.656723,-1718.100220,997.368164,
202.183151,-1713.953613,997.715942,
202.848511,-1709.778198,998.103638,
203.688309,-1705.635498,998.554688,
204.740631,-1701.531372,999.080322,
205.983109,-1697.417725,999.724976,
207.385071,-1693.275391,1000.459900,
208.949600,-1689.157227,1001.235779,
210.651779,-1685.193604,1002.018921,
212.412094,-1681.409180,1002.739624,
214.095505,-1677.769287,1003.291748,
215.705292,-1674.373901,1003.654663,
217.204361,-1671.253052,1003.781738,
218.542343,-1668.403809,1003.645264,
219.660950,-1665.895508,1003.317078,
220.532654,-1663.695557,1002.834900,
221.201263,-1661.776611,1002.247925,
221.659378,-1660.037964,1001.572327,
221.893494,-1658.472046,1000.861511,
221.892395,-1657.066040,1000.173523,
221.673508,-1655.827393,999.548096,
221.246109,-1654.740601,998.912720,
220.638290,-1653.793945,998.223633,
219.879059,-1652.993042,997.498535,
218.968185,-1652.365967,996.718445,
217.949234,-1651.955566,995.850647,
216.840408,-1651.726807,994.885620,
215.613754,-1651.709473,993.856018,
214.279053,-1651.928955,992.777161,
212.879669,-1652.328125,991.668701,
211.409607,-1652.874268,990.533142,
209.869736,-1653.610474,989.435730,
208.309036,-1654.501587,988.453308,
206.791946,-1655.492676,987.639832,
205.362473,-1656.593872,986.995911,
204.000229,-1657.805054,986.493286,
202.689835,-1659.117065,986.136902,
201.451111,-1660.486206,985.881470,
200.251740,-1661.909424,985.679016,
199.074203,-1663.369751,985.537659,
197.940384,-1664.890991,985.514771,
196.875275,-1666.473022,985.582764,
195.870834,-1668.097778,985.739990,
194.900574,-1669.691040,985.967712,
193.968826,-1671.217896,986.246521,
193.054779,-1672.734863,986.556702,
192.159454,-1674.197266,986.817444,
191.290085,-1675.646362,987.039551,
190.420761,-1677.137329,987.263123,
189.535507,-1678.562134,987.414795,
188.668198,-1679.878784,987.472412,
187.845062,-1681.157349,987.500061,
187.091721,-1682.427124,987.529236,
186.422897,-1683.652588,987.544861,
185.831924,-1684.781250,987.529358,
185.315918,-1685.840576,987.487000,
184.879425,-1686.880005,987.444153,
184.528946,-1687.869019,987.404907,
184.269043,-1688.748535,987.371277,
184.098190,-1689.556396,987.340332,
183.974701,-1690.324829,987.306824,
183.919907,-1691.058228,987.298950,
183.946899,-1691.743774,987.361023,
184.039230,-1692.330078,987.442688,
184.193970,-1692.839722,987.504700,
184.373611,-1693.342041,987.575928,
184.556366,-1693.825317,987.652466,
184.754837,-1694.288452,987.704895,
184.974060,-1694.721191,987.722534,
185.213013,-1695.119507,987.730896,
185.436050,-1695.472900,987.760498,
185.622940,-1695.779297,987.788818,
185.763840,-1696.055176,987.794312,
185.859482,-1696.342041,987.813782,
185.952637,-1696.618774,987.863586,
186.042404,-1696.833374,987.907837,
186.131012,-1697.027954,987.948425,
186.230774,-1697.233765,988.018799,
186.339417,-1697.423828,988.115417,
186.476837,-1697.602661,988.223572,
186.635315,-1697.796753,988.330078,
186.794617,-1697.992676,988.419922,
186.951691,-1698.142944,988.497498,
187.132233,-1698.247192,988.564392,
187.334015,-1698.329224,988.623291,
187.577667,-1698.401855,988.690918,
187.845642,-1698.482422,988.786743,
188.105942,-1698.515747,988.877808,
188.394440,-1698.500122,988.949890,
188.741333,-1698.494263,989.030273,
189.115784,-1698.485229,989.116943,
189.485336,-1698.453369,989.199768,
189.856094,-1698.418091,989.273132,
190.241776,-1698.374390,989.368530,
190.667038,-1698.328491,989.498779,
191.105255,-1698.308838,989.638855,
191.540665,-1698.303467,989.729797,
191.976151,-1698.315308,989.768921,
192.413559,-1698.310669,989.782837,
192.827652,-1698.299194,989.788635,
193.209869,-1698.312134,989.820190,
193.562576,-1698.325317,989.880249,
193.939133,-1698.337036,989.932129,
194.324051,-1698.356201,989.946106,
194.681488,-1698.385132,989.932129,
195.045227,-1698.449707,989.927673,
195.414520,-1698.530884,989.919189,
195.763962,-1698.606079,989.897339,
196.091705,-1698.675049,989.885315,
196.409714,-1698.759033,989.871521,
196.744568,-1698.863647,989.857788,
197.073746,-1698.976929,989.845398,
197.398453,-1699.106934,989.830688,
197.724960,-1699.277954,989.820251,
198.014282,-1699.480103,989.798645,
198.288544,-1699.708374,989.749268,
198.549362,-1699.931885,989.685364,
198.781723,-1700.181519,989.641357,
199.002747,-1700.432495,989.619812,
199.240540,-1700.662964,989.601685,
199.495026,-1700.885132,989.587585,
199.753372,-1701.147827,989.618286,
200.013733,-1701.448975,989.664917,
200.304871,-1701.759399,989.695435,
200.630981,-1702.030762,989.704346,
200.957565,-1702.268555,989.675720,
201.316879,-1702.559082,989.616333,
201.751175,-1702.881836,989.506531,
202.257370,-1703.161255,989.336304,
202.796783,-1703.405151,989.137634,
203.374252,-1703.630249,988.905579,
204.007629,-1703.822632,988.646912,
204.724823,-1703.927979,988.344177,
205.549454,-1703.961548,987.979004,
206.465729,-1703.959595,987.602356,
207.447556,-1703.888306,987.205933,
208.483032,-1703.669800,986.735107,
209.571304,-1703.282837,986.228638,
210.719559,-1702.691528,985.684448,
211.949387,-1701.870728,985.038147,
213.255203,-1700.831665,984.308105,
214.591888,-1699.577759,983.507141,
215.916031,-1698.075195,982.637146,
217.220871,-1696.225586,981.721985,
218.454559,-1693.946655,980.871094,
219.556824,-1691.184448,980.137024,
220.483902,-1687.907227,979.521362,
221.166641,-1684.125000,979.029419,
221.532944,-1679.855957,978.566650,
221.471603,-1675.063721,978.069336,
220.911743,-1669.726929,977.587891,
219.861252,-1663.922607,977.095520,
218.276215,-1657.640747,976.510559,
216.154739,-1650.907715,975.779480,
213.603394,-1643.776123,974.876221,
210.662521,-1636.264648,973.798218,
207.326172,-1628.298828,972.543945,
203.795395,-1619.890747,971.153870,
200.202408,-1611.023071,969.746277,
196.612854,-1601.696899,968.475037,
193.228546,-1591.992920,967.525146,
190.301544,-1581.948242,966.954224,
188.071213,-1571.586792,966.720886,
186.569992,-1561.287231,966.841187,
185.479065,-1551.433960,967.077209,
184.365051,-1542.147583,967.040649,
183.010101,-1533.361694,966.494385,
181.441666,-1525.028076,965.436523,
179.678055,-1517.134277,964.041260,
177.648346,-1509.739258,962.404541,
175.231781,-1502.795654,960.508240,
172.442444,-1496.116089,958.385620,
169.474228,-1489.558960,956.181030,
166.511337,-1483.028687,954.208496,
163.578217,-1476.383545,952.737915,
160.577942,-1469.485229,951.661072,
157.295898,-1462.264526,950.515991,
153.528412,-1454.596191,949.053406,
149.162338,-1446.313354,947.753296,
144.242996,-1437.318481,947.227356,
138.902313,-1427.585938,947.518555,
133.168213,-1417.183716,948.675476,
127.120598,-1406.186401,950.897949,
120.897102,-1394.747803,954.235168,
114.595047,-1383.035522,958.537109,
108.387390,-1371.172974,963.474731,
102.439240,-1359.296509,968.705444,
96.830788,-1347.681519,974.099121,
91.690620,-1336.580933,979.539917,
87.191849,-1326.028076,984.815491,
83.438103,-1315.949707,989.934570,
80.431328,-1306.168213,994.895996,
77.936783,-1296.396606,999.515381,
75.869240,-1286.122192,1004.122498,
73.900772,-1274.691772,1008.939941,
71.641159,-1261.555908,1013.947021,
68.915764,-1246.579590,1018.834473,
65.760971,-1230.226807,1023.210144,
62.313339,-1213.249268,1026.979980,
58.674671,-1196.348877,1030.099609,
55.005379,-1180.281372,1032.324829,
51.647957,-1166.081421,1033.590576,
48.907967,-1154.646118,1034.117920,
46.893143,-1145.834106,1034.014526,
45.511517,-1138.791260,1033.279175,
44.617283,-1132.828735,1031.914307,
44.223705,-1127.221558,1030.115234,
44.290646,-1121.053833,1028.213379,
44.351036,-1114.153076,1026.628052,
43.749741,-1106.481445,1025.478516,
42.341270,-1097.820801,1024.640503,
40.635670,-1088.460205,1024.206909,
39.127682,-1079.030518,1024.426270,
38.198765,-1069.459839,1025.134766,
37.713474,-1059.587524,1026.174561,
37.030048,-1049.966431,1027.494873,
36.906250,-1039.619873,1028.446289,
37.397255,-1028.366333,1028.781006,
37.582882,-1017.193115,1028.801147,
37.394009,-1006.212280,1028.404541,
37.239326,-995.066956,1027.420898,
37.115097,-983.733276,1025.995605,
36.820011,-972.461365,1024.432007,
36.431252,-961.258789,1022.814453,
36.317532,-949.521729,1020.598694,
36.326260,-937.409973,1017.670044,
36.032070,-925.582153,1014.159058,
35.530548,-913.901001,1009.898621,
34.918999,-902.003540,1005.048279,
33.983028,-890.280396,1000.227173,
32.998444,-878.650696,995.180359,
32.128460,-867.002869,989.630188,
31.297647,-855.472168,983.592590,
30.367786,-843.925110,976.849976,
29.081839,-832.195923,969.197693,
27.207792,-820.409851,960.859497,
24.772568,-808.777161,952.304810,
21.897726,-797.642822,943.723022,
18.796490,-787.669006,935.544739,
15.720850,-779.833557,928.676453,
12.631488,-774.603027,923.781799,
9.278685,-771.727417,920.590393,
5.796844,-770.150208,918.210938,
2.560079,-768.824707,916.090088,
-0.260232,-767.219360,914.421021,
-2.617023,-765.072693,913.624207,
-4.533405,-762.529297,913.884827,
-6.097376,-759.942871,915.086670,
-7.356738,-757.503723,916.917786,
-8.325264,-755.133057,919.113098,
-9.065722,-752.706482,921.552368,
-9.630075,-750.168640,924.298584,
-10.135364,-747.593628,927.362915,
-10.530309,-745.093018,930.364258,
-10.686972,-742.738770,932.790283,
-10.909162,-740.653931,935.047729,
-11.297439,-738.987793,937.344238,
-11.740442,-737.600525,939.373840,
-12.196778,-736.412292,940.971558,
-12.716021,-735.401550,942.301575,
-13.296745,-734.537109,943.418701,
-13.949977,-733.751099,944.275818,
-14.647722,-732.971069,944.813965,
-15.378922,-732.215271,945.053406,
-16.317549,-731.449463,945.018677,
-17.484062,-730.657715,944.676025,
-18.672029,-730.042053,944.078674,
-19.990026,-729.603455,943.362671,
-21.436813,-729.149231,942.495361,
-22.553459,-728.463013,941.411926,
-23.241472,-727.606506,940.269958,
-23.550011,-726.643921,939.249756,
-23.407085,-725.430908,938.399292,
-22.763597,-723.736633,937.635681,
-21.661509,-721.386230,936.868164,
-20.108318,-718.313416,936.106628,
-18.204796,-714.604431,935.551208,
-16.131216,-710.493530,935.431335,
-13.827101,-706.202637,935.781250,
-11.141585,-702.007751,936.502563,
-8.210787,-698.135132,937.577087,
-5.261304,-694.327332,938.992432,
-2.438771,-690.108459,940.689331,
0.224479,-685.213562,942.741089,
2.744347,-679.577087,945.359131,
5.138166,-673.262817,948.563782,
7.377109,-666.622559,952.050049,
9.392812,-660.269531,955.526855,
11.252498,-654.501099,958.970886,
13.164417,-649.184021,962.322266,
15.250495,-644.379272,965.640015,
17.505249,-640.489502,968.971375,
20.131399,-637.372375,972.067200,
23.027925,-635.162109,974.940002,
26.166590,-633.940979,977.426208,
29.621744,-633.489136,979.291443,
33.315239,-633.483398,980.527161,
37.129730,-633.694092,981.107544,
41.027649,-634.115601,981.112671,
45.006527,-634.904419,980.916199,
49.336929,-635.819946,980.680481,
54.690418,-635.893066,980.089233,
61.246624,-635.355347,979.218018,
68.703255,-635.024170,978.270386,
77.156204,-634.719299,977.013062,
86.782341,-633.958862,975.371216,
97.462616,-632.518188,973.618835,
108.915939,-630.324219,972.093262,
120.882614,-627.302612,970.964111,
133.044022,-623.353271,970.098389,
145.068115,-618.460876,969.474976,
156.565887,-612.769348,969.239929,
167.021881,-606.707642,969.501465,
176.008041,-600.572266,970.260803,
183.452759,-594.511353,971.387756,
189.518661,-588.670654,972.614380,
194.502441,-582.977478,973.647888,
198.632751,-577.208862,974.462524,
201.940811,-571.330994,975.422913,
204.781311,-565.403015,976.840759,
207.938950,-558.957336,978.690186,
212.148331,-551.255188,980.751770,
217.767944,-542.469421,982.700623,
224.485382,-532.700378,984.026794,
231.772171,-522.142700,984.532776,
239.162933,-512.181519,984.257813,
246.263382,-504.067383,983.249146,
252.916656,-496.522003,981.627136,
258.848267,-488.058228,979.490723,
263.817505,-478.817688,977.049011,
267.959381,-469.580963,974.278015,
271.442596,-460.993500,971.009766,
274.359314,-453.211243,967.444031,
276.912598,-446.042725,964.570557,
279.500580,-439.274536,963.833313,
282.386017,-432.915131,965.884888,
285.500122,-426.818817,969.781921,
288.641449,-420.637451,973.958740,
291.546234,-414.323975,977.194885,
294.242645,-408.021912,979.080444,
296.838684,-401.719086,979.859070,
299.262177,-395.069092,979.798035,
301.720673,-388.133545,979.239502,
304.196960,-381.347473,978.466248,
306.423889,-374.904724,977.687744,
308.176117,-368.643127,977.090088,
309.442749,-362.312042,976.781189,
310.240723,-355.781830,976.768982,
310.552673,-348.997284,976.992126,
310.482422,-342.017700,977.205200,
310.245209,-335.010437,977.077209,
310.044434,-328.092896,976.263000,
310.068726,-321.149780,974.686523,
310.446075,-313.977417,972.401123,
311.121857,-306.454559,969.491577,
311.841064,-298.640533,966.123596,
312.385773,-290.656982,962.552856,
312.732056,-282.524048,958.988464,
312.932739,-274.403412,955.339844,
313.110443,-266.387207,951.415161,
313.516357,-258.313446,947.104248,
314.294708,-250.072540,942.391296,
315.376129,-241.740692,937.350952,
316.557312,-233.425476,932.094788,
317.580444,-225.257111,926.712708,
318.281250,-217.312561,921.245911,
318.562744,-209.628967,915.894104,
318.674988,-202.325745,910.856079,
319.277710,-195.795258,906.120667,
320.704834,-190.729126,901.513000,
321.839111,-187.317825,897.367920,
321.373535,-185.339661,894.638977,
319.489746,-183.786209,894.015991,
317.040924,-181.558640,895.229370,
314.645508,-178.380142,897.433533,
312.867279,-174.431961,899.984375,
311.880524,-169.725296,902.712891,
311.241119,-164.446457,905.691650,
310.856781,-158.961395,908.824402,
311.306366,-153.480026,912.117371,
312.254181,-148.303360,915.401917,
312.966034,-143.753220,918.519775,
313.312469,-139.878326,921.488098,
313.442657,-136.600906,924.255127,
313.384247,-133.923599,926.734924,
313.191101,-131.800552,928.937561,
312.966370,-130.040329,930.929321,
312.635529,-128.510376,932.823059,
312.202698,-127.103096,934.779846,
311.785583,-125.692253,936.890747,
311.366211,-124.272041,939.115479,
310.917969,-122.866516,941.337036,
310.536713,-121.431168,943.481018,
310.205627,-120.043945,945.484497,
309.992004,-118.777367,947.265991,
310.346954,-117.373833,948.901978,
311.279694,-115.826103,950.303650,
312.090637,-114.641670,951.223450,
312.689453,-113.741219,951.774353,
313.465240,-112.860901,952.202454,
314.625458,-112.117661,952.613281,
315.725983,-111.536964,952.823364,
316.654938,-111.033928,952.920715,
317.536133,-110.616608,953.027283,
318.401428,-110.273506,953.133789,
319.313568,-109.947975,953.302917,
320.313477,-109.649719,953.571106,
321.292236,-109.330833,953.818909,
322.104370,-108.850235,954.072449,
322.993317,-108.376427,954.435913,
323.934540,-108.030602,954.874634,
324.754211,-107.784882,955.306458,
325.413177,-107.658829,955.698853,
325.917389,-107.678818,956.035278,
326.269318,-107.779709,956.345581,
326.517883,-107.882370,956.714600,
326.692749,-107.960274,957.165894,
326.766174,-108.058723,957.660156,
326.739838,-108.222969,958.155945,
326.676666,-108.437469,958.578064,
326.614288,-108.648590,958.891602,
326.546814,-108.829002,959.117188,
326.471588,-109.020981,959.308655,
326.360260,-109.288353,959.456360,
326.221741,-109.599136,959.573425,
326.068817,-109.924835,959.687744,
325.939575,-110.274376,959.799622,
325.834412,-110.622490,959.896606,
325.702118,-110.997940,959.955200,
325.555511,-111.371704,959.989136,
325.396545,-111.719353,960.037231,
325.182190,-112.061920,960.092346,
324.901398,-112.418373,960.089783,
324.602692,-112.810959,960.051025,
324.287506,-113.148117,960.000916,
323.937775,-113.428398,959.971558,
323.614716,-113.694023,959.994629,
323.321411,-113.945007,960.059814,
322.994751,-114.193741,960.183472,
322.610565,-114.461372,960.369690,
322.225830,-114.726990,960.559937,
321.844757,-114.971169,960.728210,
321.467346,-115.174484,960.891174,
321.068268,-115.369102,961.061768,
320.647064,-115.569160,961.259155,
320.205902,-115.750916,961.489502,
319.702118,-115.937355,961.752258,
319.087036,-116.152237,962.007507,
318.419739,-116.336884,962.252930,
317.755524,-116.465363,962.536804,
317.086304,-116.604866,962.846802,
316.374268,-116.788315,963.140625,
315.591827,-116.998871,963.406433,
314.771912,-117.233055,963.646545,
313.953217,-117.482086,963.894104,
313.099701,-117.747673,964.146240,
312.223114,-117.989281,964.356506,
311.382446,-118.174286,964.560303,
310.558716,-118.319672,964.781067,
309.718109,-118.486137,964.993164,
308.836456,-118.676315,965.202271,
307.930664,-118.860550,965.406860,
307.031708,-119.035759,965.629639,
306.142731,-119.198586,965.895325,
305.268616,-119.357742,966.184998,
304.403748,-119.487114,966.445068,
303.563721,-119.579765,966.655579,
302.782043,-119.698273,966.865906,
302.091797,-119.871696,967.108215,
301.478882,-120.013443,967.368896,
300.876373,-120.076096,967.640503,
300.246094,-120.113159,967.905457,
299.597778,-120.170937,968.146240,
298.982239,-120.176949,968.378296,
298.431213,-120.149048,968.658691,
297.938446,-120.129944,969.001770,
297.479401,-120.104172,969.371887,
296.993134,-120.021645,969.702271,
296.539825,-119.913704,970.005676,
296.190002,-119.795341,970.321655,
295.911194,-119.652206,970.646851,
295.679779,-119.489883,970.950378,
295.483063,-119.335838,971.218445,
295.320099,-119.159660,971.483398,
295.221222,-118.949684,971.759033,
295.194672,-118.715973,972.023315,
295.243652,-118.463104,972.260925,
295.342865,-118.207352,972.467285,
295.481110,-117.982620,972.632874,
295.668060,-117.763649,972.786499,
295.875488,-117.554268,972.903870,
296.077087,-117.381584,972.950745,
296.293060,-117.239426,972.973389,
296.532654,-117.094376,972.992310,
296.815186,-116.953400,972.989075,
297.115845,-116.847771,972.927429,
297.439392,-116.744461,972.843018,
297.830383,-116.624939,972.788635,
298.275391,-116.520706,972.764099,
298.703308,-116.483589,972.753906,
299.097321,-116.468826,972.739014,
299.498840,-116.450523,972.743591,
299.916443,-116.417465,972.773438,
300.314026,-116.368370,972.817078,
300.691010,-116.330399,972.918884,
301.056152,-116.307129,973.050903,
301.375916,-116.305656,973.195679,
301.666718,-116.290718,973.364075,
301.944641,-116.245033,973.536316,
302.198212,-116.224136,973.690002,
302.443939,-116.241936,973.840698,
302.674774,-116.272545,973.995728,
302.909546,-116.317764,974.138184,
303.127258,-116.388969,974.253784,
303.320862,-116.462982,974.346619,
303.515991,-116.527245,974.427124,
303.700562,-116.601006,974.488037,
303.855072,-116.698051,974.517334,
303.972809,-116.831963,974.546509,
304.070557,-116.958443,974.573853,
304.142365,-117.074486,974.589111,
304.203766,-117.198151,974.613342,
304.296814,-117.289894,974.629639,
304.360596,-117.371223,974.618408,
304.362366,-117.462387,974.623779,
304.361023,-117.540482,974.661072,
304.382538,-117.600906,974.706055,
304.421936,-117.653946,974.749817,
304.424133,-117.689796,974.768616,
304.392578,-117.734367,974.762939,
304.373749,-117.757294,974.749878,
304.354858,-117.762657,974.720886,
304.316315,-117.777283,974.673462,
304.270721,-117.805092,974.633911,
304.203644,-117.812416,974.602966,
304.107880,-117.824829,974.572449,
304.018127,-117.851448,974.522644,
303.935303,-117.860237,974.435425,
303.823151,-117.869606,974.331055,
303.696075,-117.887955,974.240967,
303.565063,-117.907585,974.139099,
303.409637,-117.904808,974.028381,
303.210571,-117.894226,973.976318,
302.984497,-117.932098,973.964233,
302.766113,-117.955055,973.930847,
302.510620,-117.926765,973.898804,
302.216309,-117.898987,973.871643,
301.907867,-117.899879,973.830078,
301.610779,-117.866447,973.823914,
301.300232,-117.784424,973.849731,
300.968933,-117.683777,973.910278,
300.636505,-117.581535,973.986938,
300.326721,-117.463272,974.038940,
300.054626,-117.313324,974.086670,
299.795471,-117.181396,974.133789,
299.584839,-117.030090,974.149475,
299.437622,-116.854980,974.137207,
299.291382,-116.683449,974.119873,
299.159302,-116.475319,974.074646,
299.105316,-116.240051,973.996948,
299.124939,-116.013481,973.926392,
299.169739,-115.792229,973.847412,
299.224884,-115.567162,973.700867,
299.298340,-115.331131,973.518066,
299.414978,-115.091331,973.348938,
299.545990,-114.888397,973.191040,
299.670715,-114.685501,973.004700,
299.811096,-114.455116,972.779175,
299.962402,-114.205803,972.546631,
300.120270,-113.997482,972.341919,
300.277985,-113.822151,972.141052,
300.412933,-113.651489,971.881775,
300.544128,-113.489761,971.605042,
300.660583,-113.361748,971.347107,
300.735474,-113.235825,971.107788,
300.817688,-113.094307,970.880798,
300.880066,-112.990990,970.654297,
300.905609,-112.912697,970.419189,
300.935394,-112.818810,970.188110,
300.958557,-112.775459,969.943298,
300.935303,-112.826309,969.692932,
300.885681,-112.963631,969.433228,
300.881134,-113.131592,969.152039,
300.862488,-113.333374,968.863831,
300.768433,-113.664871,968.553406,
300.664185,-114.126785,968.195251,
300.570190,-114.657196,967.782654,
300.440338,-115.309990,967.277527,
300.313690,-116.139412,966.693237,
300.229004,-117.112358,966.065918,
300.153229,-118.178284,965.390442,
300.023743,-119.385727,964.619385,
299.807953,-120.740005,963.743225,
299.532074,-122.182777,962.813782,
299.189240,-123.772530,961.861511,
298.804047,-125.567055,960.873169,
298.437073,-127.512337,959.792969,
298.054321,-129.599319,958.585083,
297.709320,-131.805450,957.262085,
297.434875,-134.104401,955.860718,
297.190399,-136.503204,954.373840,
296.958801,-139.010803,952.880798,
296.795288,-141.583130,951.456360,
296.703827,-144.193649,950.113037,
296.654602,-146.845901,948.864258,
296.625702,-149.555450,947.713013,
296.612488,-152.300919,946.672241,
296.592957,-155.084320,945.717102,
296.601257,-157.885971,944.849365,
296.532074,-160.714157,944.098816,
296.354645,-163.539261,943.452881,
296.113220,-166.350632,942.904419,
295.789490,-169.106155,942.472290,
295.375610,-171.822052,942.239441,
294.831726,-174.497955,942.272766,
294.068909,-177.119598,942.558960,
293.074707,-179.655060,943.065613,
291.929047,-182.104065,943.787781,
290.644867,-184.443344,944.665894,
289.243225,-186.661072,945.654846,
287.762512,-188.780365,946.779419,
286.121674,-190.864334,948.036011,
284.360443,-192.794189,949.350769,
282.822693,-194.165421,950.788574,
281.510376,-195.154266,952.442444,
280.234467,-196.170853,954.309387,
278.909424,-197.135223,956.187988,
277.570160,-197.769775,957.971924,
276.341919,-198.128159,959.750732,
275.339386,-198.249878,961.562378,
274.459442,-198.133728,963.351746,
273.650787,-197.812958,965.136475,
273.067841,-197.272125,966.924500,
272.717224,-196.489075,968.710205,
272.489929,-195.487793,970.459412,
272.331421,-194.298691,972.093628,
272.253357,-192.920120,973.628784,
272.277344,-191.332214,975.084961,
272.309113,-189.551407,976.450623,
272.272919,-187.615402,977.751892,
272.195923,-185.500015,978.971619,
272.118256,-183.119232,980.076599,
272.033813,-180.512131,981.085022,
271.935608,-177.702560,981.998596,
271.821930,-174.725616,982.789612,
271.757538,-171.584641,983.484741,
