,,,
,,,
,,,
,,,
,,,
-12.160250,-1815.454102,875.421143,
-12.307064,-1815.374634,874.732422,
-12.397696,-1815.325439,874.422058,
-12.446920,-1815.298706,874.381836,
-12.382024,-1815.440918,874.753906,
-12.029534,-1815.656738,874.875183,
-11.850575,-1815.708496,874.647400,
-11.663046,-1816.023804,874.852234,
-11.713701,-1816.148071,875.035889,
-12.129722,-1815.723877,874.818237,
-12.374169,-1815.448120,874.577820,
-12.393614,-1815.599854,874.559326,
-12.411477,-1815.703857,874.375122,
-12.479786,-1815.617676,874.275696,
-12.536163,-1815.550781,874.469177,
-12.550168,-1815.570435,874.751038,
-12.532110,-1815.571289,874.827148,
-12.629056,-1815.495483,874.679810,
-12.826755,-1815.445313,874.570679,
-12.672591,-1815.475586,874.424072,
-12.491390,-1815.509644,874.320374,
-12.424661,-1815.573486,874.322754,
-12.274377,-1815.802490,874.694885,
-11.984168,-1816.031738,874.880127,
-12.064226,-1815.824219,874.428650,
-12.307964,-1815.559082,874.069397,
-12.427450,-1815.562744,874.124268,
-12.450991,-1815.642456,874.420776,
-12.480247,-1815.650024,874.688721,
-12.478718,-1815.630493,874.565369,
-12.342359,-1815.731445,874.396667,
-12.278747,-1815.910034,874.466125,
-12.338896,-1815.923462,874.393799,
-12.311834,-1815.763306,874.305725,
-12.093577,-1815.825806,874.596375,
-11.646123,-1816.425659,874.956482,
-11.396770,-1816.841553,875.008667,
-11.337113,-1816.959717,874.908264,
-11.236594,-1817.029907,874.861206,
-11.089643,-1817.060425,874.897095,
-11.036927,-1817.066528,874.902771,
-11.159366,-1817.086548,874.866028,
-11.340683,-1817.084106,874.874268,
-11.390846,-1817.030762,874.891663,
-11.321348,-1817.025024,874.837402,
-11.198524,-1817.046265,874.817322,
-11.171690,-1817.038330,874.867432,
-11.515859,-1816.714478,874.815125,
-12.105262,-1816.020386,874.582703,
-12.147045,-1815.823364,874.501770,
-11.711933,-1816.223755,874.749146,
-11.772321,-1816.219360,874.830200,
-12.149961,-1815.903687,874.697876,
-12.263004,-1815.752930,874.656128,
-12.184446,-1815.701538,874.716614,
-12.196030,-1815.660034,874.688782,
-12.221482,-1815.652588,874.534729,
-12.163400,-1815.671509,874.422302,
-12.108389,-1815.731567,874.527039,
-12.132272,-1815.775757,874.631287,
-12.121349,-1815.786255,874.624146,
-12.138673,-1815.742310,874.591187,
-12.229747,-1815.671387,874.626404,
-12.307323,-1815.597046,874.678223,
-12.334872,-1815.549194,874.629333,
-12.324386,-1815.528076,874.510193,
-12.233172,-1815.610840,874.505981,
-12.179637,-1815.702759,874.529358,
-12.184315,-1815.724976,874.528076,
-12.269596,-1815.672485,874.479065,
-12.369353,-1815.590698,874.415771,
-12.321298,-1815.542725,874.571655,
-12.220737,-1815.519409,874.684814,
-12.229955,-1815.555298,874.590515,
-12.253126,-1815.619019,874.432007,
-12.191195,-1815.613159,874.354309,
-12.111663,-1815.604736,874.439758,
-12.124118,-1815.574829,874.536987,
-11.909622,-1815.734131,874.654663,
-11.417219,-1816.222900,874.750244,
-11.369013,-1816.350098,874.676208,
-11.878559,-1815.857422,874.537170,
-12.239358,-1815.513916,874.528809,
-12.292253,-1815.408569,874.461121,
-12.072100,-1815.594971,874.382996,
-11.527594,-1816.107666,874.628357,
-11.152322,-1816.498779,874.831787,
-11.091944,-1816.662598,874.805298,
-11.134154,-1816.656250,874.721619,
-11.413259,-1816.320435,874.649048,
-11.858068,-1815.874512,874.597595,
-11.711297,-1816.098267,874.611145,
-11.242321,-1816.591064,874.669739,
-11.037663,-1816.771973,874.712830,
-11.069531,-1816.806030,874.652893,
-11.134681,-1816.809204,874.586792,
-11.133030,-1816.792358,874.542419,
-11.149295,-1816.965698,874.588745,
-11.225557,-1817.353027,874.747803,
-11.252873,-1817.433228,874.794617,
-11.200739,-1817.110474,874.674011,
-11.173856,-1816.938721,874.615845,
-11.190093,-1817.116699,874.720276,
-11.225903,-1817.365356,874.841675,
-11.218765,-1817.258301,874.816284,
-11.163329,-1817.088257,874.738953,
-11.092369,-1817.035278,874.669800,
-11.086527,-1817.098267,874.639954,
-11.169975,-1817.185303,874.633240,
-11.244392,-1817.160645,874.644470,
-11.229074,-1817.045410,874.687439,
-11.188246,-1817.003662,874.705017,
-11.184482,-1817.036987,874.690552,
-11.182120,-1817.071655,874.677307,
-11.171826,-1817.080322,874.677979,
-11.150184,-1817.083862,874.697021,
-11.133378,-1817.078369,874.730835,
-11.130525,-1817.084229,874.752625,
-11.137238,-1817.126587,874.777832,
-11.145856,-1817.148682,874.796997,
-11.148729,-1817.130859,874.799927,
-11.134764,-1817.075562,874.795105,
-11.118531,-1817.025513,874.788147,
-11.117976,-1817.008057,874.796509,
-11.116325,-1816.998047,874.808228,
-11.125608,-1816.999390,874.820129,
-11.145326,-1817.010620,874.843445,
-11.163772,-1817.022827,874.863708,
-11.156371,-1817.008789,874.858215,
-11.138597,-1816.999023,874.857666,
-11.126030,-1816.991699,874.863770,
-11.111780,-1816.965210,874.873474,
-11.116505,-1816.948486,874.883728,
-11.121268,-1816.946045,874.886169,
-11.108502,-1816.931396,874.848755,
-11.086679,-1816.916626,874.754272,
-11.008322,-1816.902954,874.712463,
-10.917113,-1816.931152,874.819275,
-10.940603,-1816.985840,874.826782,
-10.974184,-1816.990601,874.790649,
-10.931058,-1816.968994,874.850403,
-10.907681,-1816.997070,874.890808,
-10.911565,-1817.045532,874.883606,
-10.922849,-1817.084961,874.870239,
-10.923052,-1817.098389,874.832825,
-10.931528,-1817.105469,874.812744,
-10.937325,-1817.133301,874.807251,
-10.906291,-1817.129883,874.779602,
-10.868555,-1817.103027,874.749817,
-10.864802,-1817.099121,874.739990,
-10.861455,-1817.111938,874.721741,
-10.853260,-1817.111572,874.697021,
-10.894721,-1817.093262,874.689148,
-10.987764,-1817.067505,874.702515,
-11.004754,-1817.098389,874.727539,
-10.964426,-1817.162842,874.741394,
-10.997041,-1817.254028,874.687622,
-11.059885,-1817.301514,874.681152,
-11.069319,-1817.293823,874.680176,
-11.108748,-1817.324707,874.612183,
-11.184574,-1817.361694,874.502014,
-11.184051,-1817.321777,874.470459,
-11.105266,-1817.197876,874.524780,
-11.037313,-1817.136841,874.516479,
-10.929816,-1817.259888,874.444946,
-10.861889,-1817.461914,874.398376,
-11.006562,-1817.409180,874.353333,
-11.145245,-1817.181152,874.311523,
-11.239631,-1817.045044,874.213623,
-11.334135,-1817.009888,874.147095,
-11.383359,-1816.957764,874.140015,
-11.472850,-1816.791748,874.093628,
-11.666416,-1816.600220,873.970764,
-11.825539,-1816.453735,873.796082,
-11.963234,-1816.376343,873.662720,
-12.228211,-1816.268311,873.648132,
-12.608994,-1816.108643,873.637146,
-13.034748,-1816.048096,873.654053,
-13.468650,-1815.961426,873.673462,
-13.878338,-1815.532227,873.584595,
-14.335627,-1815.094849,873.510681,
-14.855778,-1814.821045,873.485901,
-15.397446,-1814.574829,873.440125,
-16.010778,-1814.279419,873.369141,
-16.989248,-1813.963013,873.368042,
-18.314814,-1813.583618,873.391174,
-19.277929,-1813.275024,873.278259,
-19.836983,-1813.151001,873.012573,
-20.364542,-1813.046753,872.718628,
-21.244091,-1812.807007,872.629150,
-22.504910,-1812.493774,872.587219,
-23.571356,-1812.260986,872.189331,
-24.373541,-1812.133301,871.642944,
-25.422863,-1811.958740,871.523132,
-26.668060,-1811.671387,871.601563,
-27.841431,-1811.347778,871.425964,
-28.987770,-1810.794800,871.172791,
-30.263027,-1810.204102,871.081360,
-31.816687,-1809.838135,871.125977,
-33.492352,-1809.542725,871.189087,
-34.904156,-1809.150757,871.201172,
-36.362598,-1808.624023,871.219788,
-38.353184,-1807.797485,871.225891,
-40.350979,-1806.990479,870.998108,
-41.968697,-1806.259399,870.660828,
-43.435043,-1805.684937,870.395935,
-45.100891,-1805.077759,870.032166,
-47.140476,-1804.136475,869.787903,
-49.482819,-1802.904297,869.957092,
-51.592190,-1801.818237,869.942444,
-53.349762,-1801.098633,869.393799,
-54.891712,-1800.511719,868.731934,
-56.636524,-1799.871338,868.190491,
-58.708073,-1798.990234,867.601318,
-60.875717,-1797.846191,867.117676,
-62.859463,-1796.727173,866.755920,
-64.626114,-1795.868652,866.359802,
-66.419853,-1794.938721,865.913208,
-68.064766,-1793.848267,865.279480,
-69.828468,-1792.504639,864.773010,
-71.761215,-1791.048218,864.530640,
-73.751816,-1789.675781,864.467285,
-75.708496,-1788.276611,864.443481,
-77.371002,-1786.608521,864.301147,
-78.936722,-1784.858765,864.140320,
-80.551743,-1783.098633,863.980896,
-82.111382,-1781.317261,863.847473,
-83.614769,-1779.634644,863.772461,
-85.078827,-1777.981201,863.684509,
-86.519653,-1776.333618,863.595459,
-87.931648,-1774.793823,863.566345,
-89.282402,-1773.287109,863.591003,
-90.480942,-1771.545532,863.604065,
-91.577263,-1769.543091,863.624634,
-92.560883,-1767.558105,863.620178,
-93.506035,-1765.527832,863.709961,
-94.490860,-1763.410645,863.963318,
-95.451134,-1761.125488,864.165894,
-96.381508,-1758.742310,864.290833,
-97.253197,-1756.312134,864.484131,
-97.981247,-1753.841064,864.576782,
-98.735840,-1751.475830,864.553589,
-99.472610,-1749.269897,864.425354,
-100.355789,-1747.257080,864.260376,
-101.006241,-1745.135376,863.855774,
-101.279488,-1742.581055,863.449402,
-101.708755,-1740.085083,863.272949,
-102.137337,-1737.760742,863.124878,
-102.384346,-1735.373657,862.916077,
-102.587242,-1733.008057,862.537231,
-102.581436,-1730.600220,861.865173,
-102.316315,-1727.782959,861.263611,
-102.302933,-1725.148193,861.030823,
-102.260307,-1722.697021,860.726318,
-101.898056,-1719.997437,860.144287,
-101.289711,-1717.001465,859.635071,
-100.714546,-1714.025269,859.319031,
-100.489243,-1711.390137,859.285950,
-100.078743,-1708.514160,859.270874,
-99.207703,-1705.095215,858.946594,
-98.244545,-1701.439697,858.367676,
-97.643784,-1698.168579,857.986084,
-97.065300,-1695.261108,857.810852,
-96.367455,-1691.809692,857.658997,
-95.581078,-1687.745972,857.388611,
-94.575630,-1683.647583,857.014954,
-93.485657,-1679.754639,856.705811,
-92.437691,-1675.931519,856.495667,
-91.407303,-1671.931396,856.314331,
-90.479073,-1667.731934,856.216003,
-89.503716,-1663.464478,856.057312,
-88.310791,-1658.995728,855.896484,
-86.921257,-1654.240601,855.696594,
-85.519463,-1649.391846,855.392700,
-84.484703,-1644.733276,855.201294,
-83.624634,-1640.120361,855.091919,
-82.491814,-1635.184814,854.876587,
-81.198647,-1629.925781,854.657288,
-80.115379,-1624.666138,854.730042,
-78.900162,-1619.267090,854.951477,
-77.536743,-1613.713379,855.274841,
-76.166451,-1608.181641,855.738953,
-74.743065,-1602.700928,856.403198,
-72.996582,-1597.011963,857.394165,
-71.086121,-1591.180298,858.606201,
-69.209305,-1585.390625,860.037659,
-67.329285,-1579.622314,861.731873,
-65.327461,-1573.859497,863.504211,
-63.158455,-1568.119507,865.364258,
-61.016941,-1562.503296,867.229614,
-58.845306,-1556.944702,868.872742,
-56.534615,-1551.317871,870.404663,
-54.373047,-1545.840210,871.906250,
-52.425816,-1540.577881,873.287109,
-50.556515,-1535.420288,874.437500,
-48.731766,-1530.381958,875.342407,
-46.863678,-1525.472534,876.104248,
-44.991180,-1520.754150,876.751892,
-43.039143,-1516.097778,877.260376,
-40.988102,-1511.506470,877.555603,
-39.191395,-1507.266479,877.939209,
-37.690357,-1503.448608,878.484314,
-36.087891,-1499.775513,878.887329,
-34.375755,-1496.187866,879.157959,
-32.685848,-1492.736572,879.378540,
-31.058205,-1489.425293,879.618713,
-29.407581,-1486.189941,880.025940,
-27.729448,-1483.099365,880.504578,
-26.165966,-1480.295776,881.023987,
-24.591324,-1477.928955,881.643433,
-22.925705,-1475.883789,882.177917,
-21.464764,-1473.736206,882.663391,
-20.202421,-1471.550293,883.321838,
-19.077896,-1469.463745,884.052002,
-18.284828,-1467.446899,884.689270,
-17.690153,-1465.397339,885.185852,
-17.114515,-1463.251465,885.494568,
-16.727432,-1461.178223,885.776428,
-16.633562,-1459.304077,886.260132,
-16.538456,-1457.445435,886.508362,
-16.225641,-1455.572632,886.168762,
-15.792914,-1453.875732,885.688171,
-15.750089,-1452.246460,885.936157,
-16.210716,-1450.169678,886.194641,
-16.692928,-1447.988281,885.972717,
-16.923666,-1445.725220,885.394653,
-17.071280,-1443.469482,884.786560,
-17.029289,-1441.268066,884.404480,
-16.801216,-1439.109009,884.059692,
-16.668619,-1436.937866,883.549438,
-16.755259,-1434.580933,883.020386,
-16.763887,-1432.127808,882.531555,
-16.572653,-1429.646851,882.031189,
-16.358404,-1427.031006,881.481140,
-16.245548,-1424.280640,880.996643,
-16.143734,-1421.465332,880.631348,
-16.022694,-1418.521606,880.196228,
-15.890505,-1415.384155,879.682007,
-15.653381,-1412.077271,879.213135,
-15.469392,-1408.702515,878.708740,
-15.450493,-1405.280151,878.124023,
-15.536310,-1401.798706,877.532227,
-15.689319,-1398.248657,877.053589,
-15.947267,-1394.617432,876.751221,
-16.259155,-1390.895264,876.449463,
-16.573776,-1387.044556,876.045105,
-16.976936,-1382.993408,875.822937,
-17.641291,-1378.733521,875.859802,
-18.303703,-1374.487427,875.860901,
-18.741060,-1370.573730,875.732117,
-19.107956,-1366.909302,875.660767,
-19.517254,-1363.128174,875.743774,
-19.940825,-1359.132813,875.929688,
-20.321121,-1355.089355,876.120178,
-20.672337,-1351.104004,876.361938,
-21.043533,-1347.197632,876.653503,
-21.403505,-1343.331787,876.920837,
-21.910877,-1339.573242,877.187500,
-22.600962,-1335.936157,877.477905,
-23.285879,-1332.382202,877.830322,
-23.895529,-1328.871704,878.270996,
-24.498859,-1325.351929,878.826172,
-25.102818,-1321.898315,879.412903,
-25.736128,-1318.718262,879.948547,
-26.449743,-1315.855591,880.441467,
-27.149342,-1313.217041,880.887695,
-27.741871,-1310.659424,881.301575,
-28.329609,-1308.260864,881.695435,
-28.972109,-1306.049072,882.014221,
-29.634327,-1304.016724,882.336609,
-30.289160,-1302.214722,882.601746,
-30.948860,-1300.600464,882.757446,
-31.616011,-1299.102051,882.854004,
-32.318436,-1297.843872,882.876221,
-33.030712,-1296.819824,882.797974,
-33.727638,-1295.912842,882.696289,
-34.393463,-1295.143188,882.599243,
-35.013168,-1294.521240,882.471191,
-35.615456,-1294.049194,882.338501,
-36.198132,-1293.760864,882.211853,
-36.761456,-1293.654053,882.091125,
-37.325249,-1293.710938,881.998596,
-37.879124,-1293.982666,881.942749,
-38.353565,-1294.408569,881.905029,
-38.781895,-1294.947510,881.903809,
-39.232819,-1295.642944,881.948608,
-39.652561,-1296.516846,881.992859,
-39.974457,-1297.565430,882.087036,
-40.229488,-1298.805054,882.257446,
-40.482430,-1300.231567,882.416260,
-40.745728,-1301.880005,882.584839,
-40.994495,-1303.755249,882.809448,
-41.162571,-1305.731079,883.057861,
-41.241619,-1307.945435,883.265869,
-41.307915,-1310.428711,883.430725,
-41.385147,-1313.064941,883.576660,
-41.455906,-1315.907959,883.658020,
-41.513199,-1319.038086,883.690735,
-41.578064,-1322.394409,883.789429,
-41.631702,-1325.909912,883.855713,
-41.648796,-1329.695679,883.817627,
-41.707592,-1333.771973,883.779602,
-41.805401,-1338.006592,883.784729,
-41.887611,-1342.417725,883.844299,
-41.906357,-1347.050781,883.911133,
-41.800690,-1351.855591,883.948242,
-41.667397,-1356.838867,883.984253,
-41.593262,-1362.025635,884.047241,
-41.564297,-1367.279907,884.236145,
-41.766476,-1372.561890,884.395081,
-42.356750,-1377.920654,884.327698,
-43.041176,-1383.366211,884.242676,
-43.526237,-1388.904907,884.368591,
-43.872322,-1394.519287,884.636658,
-44.199265,-1400.136597,884.985779,
-44.572472,-1405.774902,885.430237,
-44.947918,-1411.419800,885.948975,
-45.255520,-1416.989014,886.572266,
-45.561737,-1422.501099,887.260376,
-45.897076,-1427.955322,887.980652,
-46.234905,-1433.349487,888.680298,
-46.638954,-1438.713013,889.345642,
-47.089802,-1443.966309,889.933350,
-47.528858,-1449.088867,890.355591,
-48.046955,-1454.179688,890.617004,
-48.623978,-1459.220947,890.769165,
-49.263004,-1464.174805,890.799500,
-49.925636,-1469.017700,890.617920,
-50.554787,-1473.690308,890.272339,
-51.217617,-1478.191528,889.921997,
-52.002106,-1482.597046,889.572021,
-52.817093,-1486.899414,889.165283,
-53.600994,-1490.984863,888.692810,
-54.305405,-1494.780762,888.212402,
-55.033001,-1498.413208,887.853027,
-55.759861,-1501.820801,887.508057,
-56.703449,-1505.151733,887.269043,
-57.508163,-1508.062866,886.967712,
-58.249325,-1510.588135,886.642639,
-59.449543,-1513.150879,886.566284,
-60.845856,-1515.480469,886.542175,
-62.210419,-1517.373657,886.387573,
-63.826241,-1519.089478,886.227783,
-66.029594,-1520.937378,886.291382,
-68.522957,-1522.657715,886.438904,
-71.136658,-1524.122437,886.584473,
-73.928780,-1525.421143,886.713440,
-76.929825,-1526.634888,886.860718,
-80.069633,-1527.771851,887.103088,
-83.275726,-1528.771484,887.438477,
-86.378708,-1529.562744,887.787048,
-89.563225,-1530.336060,888.291382,
-93.114754,-1531.284180,889.147949,
-96.782463,-1532.166992,890.187073,
-100.475334,-1532.932373,891.385925,
-104.272568,-1533.640015,892.835144,
-108.289139,-1534.368164,894.678406,
-112.471046,-1535.069214,896.933777,
-116.712486,-1535.644897,899.525513,
-121.103111,-1536.163818,902.483337,
-126.025551,-1537.058228,906.085327,
-131.494949,-1538.414185,910.344543,
-137.425735,-1540.062500,915.159851,
-143.367569,-1541.636963,920.213135,
-149.160004,-1543.082275,925.466614,
-154.734253,-1544.303589,930.945068,
-160.259109,-1545.291382,936.714966,
-165.871994,-1546.130249,942.812317,
-171.427170,-1546.838745,949.119629,
-176.844604,-1547.379517,955.682739,
-181.873657,-1547.499878,962.444885,
-186.726135,-1547.441650,969.503540,
-191.486115,-1547.293701,976.865356,
-196.050415,-1546.960327,984.488892,
-200.414032,-1546.447266,992.399658,
-204.555801,-1545.761963,1000.687256,
-208.420578,-1544.980225,1009.400146,
-211.877609,-1544.018555,1018.492798,
-214.727539,-1542.723877,1027.974365,
-216.873779,-1541.129639,1037.804565,
-218.690765,-1539.753906,1047.992188,
-220.287155,-1538.681152,1058.658447,
-221.483551,-1537.651245,1069.764160,
-222.022537,-1536.447754,1081.083496,
-221.882690,-1535.143311,1092.466187,
-221.280151,-1533.953613,1103.947754,
-220.479248,-1533.104736,1115.486206,
-219.141464,-1532.110840,1126.871338,
-216.928314,-1530.446777,1138.091309,
-214.624756,-1529.016113,1149.392090,
-212.427475,-1528.065796,1160.709839,
-209.940613,-1527.114258,1171.819336,
-207.077713,-1526.076538,1182.614990,
-203.970566,-1525.008789,1193.044067,
-200.588211,-1523.879761,1203.093384,
-196.923630,-1522.741699,1212.833496,
-193.031250,-1521.567139,1222.220581,
-189.025146,-1520.389160,1231.175049,
-184.979507,-1519.217896,1239.740479,
-180.868500,-1517.941162,1247.928467,
-176.664215,-1516.557007,1255.723755,
-172.392441,-1515.174683,1263.159546,
-168.158691,-1513.905151,1270.223999,
-163.805389,-1512.498779,1276.761719,
-159.368011,-1510.999878,1282.817627,
-155.015762,-1509.557007,1288.541260,
-150.707504,-1508.026489,1293.894531,
-146.324600,-1506.211792,1298.848755,
-141.903229,-1504.152222,1303.466064,
-137.494873,-1501.980103,1307.771973,
-133.258163,-1499.943726,1311.832031,
-129.149841,-1497.943726,1315.634155,
-125.009827,-1495.658813,1319.085571,
-120.980629,-1493.366211,1322.303955,
-117.097031,-1491.212646,1325.345947,
-113.284576,-1488.950439,1328.167847,
-109.543747,-1486.536987,1330.832397,
-105.947685,-1484.120239,1333.394531,
-102.457680,-1481.570923,1335.841187,
-99.018021,-1478.817871,1338.119507,
-95.803444,-1476.229248,1340.352539,
-92.743408,-1473.757080,1342.539917,
-89.687126,-1471.242554,1344.609009,
-86.610222,-1468.709961,1346.508423,
-83.726486,-1466.577759,1348.384644,
-81.009285,-1464.772095,1350.241455,
-78.147110,-1462.679199,1351.834473,
-75.334488,-1460.691895,1353.253784,
-72.814117,-1459.187622,1354.681641,
-70.530983,-1457.906494,1356.038452,
-68.412590,-1456.733154,1357.250732,
-66.471863,-1455.808594,1358.346558,
-64.737984,-1455.131592,1359.330811,
-63.241478,-1454.710449,1360.204956,
-61.974140,-1454.631958,1361.004639,
-60.757786,-1454.802979,1361.667358,
-59.264336,-1454.731445,1362.020264,
-57.763607,-1454.692017,1362.188965,
-56.543919,-1455.023315,1362.292847,
-55.512981,-1455.561157,1362.262329,
-54.573067,-1456.225464,1362.072998,
-53.870270,-1457.098999,1361.784302,
-53.448112,-1458.007324,1361.353394,
-53.096115,-1458.790527,1360.776489,
-52.797523,-1459.546875,1360.168213,
-52.746712,-1460.549683,1359.614136,
-52.848473,-1461.638550,1359.023438,
-52.940445,-1462.732300,1358.370972,
-53.102558,-1464.068726,1357.818604,
-53.523598,-1465.600830,1357.444214,
-54.116940,-1467.035156,1357.093018,
-54.603745,-1468.114624,1356.582397,
-55.071934,-1469.073486,1356.017578,
-55.691990,-1470.126953,1355.516113,
-56.416462,-1471.211914,1355.107422,
-57.148899,-1472.176758,1354.690552,
-57.925381,-1473.143677,1354.251587,
-58.642616,-1474.110718,1353.833374,
-59.238430,-1474.945679,1353.400513,
-59.831303,-1475.795654,1352.979736,
-60.492134,-1476.775513,1352.650391,
-61.160038,-1477.783691,1352.416504,
-61.811508,-1478.793335,1352.247070,
-62.471344,-1479.783569,1352.104736,
-63.133770,-1480.771362,1351.953003,
-63.786175,-1481.812622,1351.807617,
-64.437180,-1482.936768,1351.768433,
-65.027863,-1484.033936,1351.769409,
-65.448997,-1485.000122,1351.748535,
-65.843407,-1486.012573,1351.787354,
-66.197762,-1486.997803,1351.802124,
-66.412422,-1487.775513,1351.707397,
-66.627586,-1488.541016,1351.682251,
-66.892990,-1489.340454,1351.738403,
-67.131310,-1489.942749,1351.700928,
-67.309830,-1490.418823,1351.650513,
-67.553947,-1491.131592,1351.841187,
-67.779404,-1491.796143,1352.040527,
-67.876976,-1492.215576,1352.113403,
-67.916222,-1492.507690,1352.139160,
-67.967010,-1492.736084,1352.159790,
-67.969360,-1492.895142,1352.173218,
-67.918129,-1492.980469,1352.222168,
-67.863205,-1492.995972,1352.282593,
-67.729927,-1492.932129,1352.278320,
-67.503571,-1492.715088,1352.257446,
-67.274086,-1492.438599,1352.251831,
-67.091774,-1492.205322,1352.264038,
-66.941193,-1491.970093,1352.288940,
-66.846405,-1491.746460,1352.350464,
-66.762871,-1491.502563,1352.434448,
-66.609543,-1491.220337,1352.495483,
-66.468384,-1490.977783,1352.581421,
-66.405548,-1490.775757,1352.704224,
-66.310555,-1490.474121,1352.778442,
-66.182571,-1490.127197,1352.803345,
-66.063431,-1489.843872,1352.849121,
-65.974655,-1489.611450,1352.954956,
-65.906372,-1489.410278,1353.016968,
-65.828087,-1489.210449,1353.024048,
-65.771309,-1489.040405,1353.063965,
-65.689308,-1488.870728,1353.116699,
-65.606819,-1488.740112,1353.111450,
-65.560211,-1488.667358,1353.085083,
-65.532837,-1488.569824,1353.069458,
-65.548439,-1488.460449,1353.067261,
-65.630112,-1488.384033,1353.103027,
-65.629471,-1488.235596,1353.053467,
-65.407394,-1487.869629,1352.788940,
-65.259453,-1487.596924,1352.584595,
-65.259346,-1487.565674,1352.491333,
-65.223633,-1487.552979,1352.374390,
-65.217400,-1487.377197,1352.262329,
-65.257507,-1487.031494,1352.136353,
-65.230850,-1486.620972,1351.899780,
-65.184181,-1486.267944,1351.604492,
-65.202011,-1486.003662,1351.336182,
-65.261581,-1485.750977,1351.123169,
-65.311127,-1485.446777,1350.908325,
-65.337929,-1485.089233,1350.652832,
-65.370918,-1484.757690,1350.380981,
-65.454613,-1484.515015,1350.165527,
-65.454323,-1484.145264,1349.907349,
-65.439430,-1483.747192,1349.632813,
-65.541290,-1483.463867,1349.443115,
-65.698143,-1483.198242,1349.320313,
-65.800491,-1482.920410,1349.162598,
-65.905655,-1482.694336,1348.943481,
-66.078285,-1482.511108,1348.732300,
-66.266838,-1482.328125,1348.509644,
-66.424927,-1482.161011,1348.268555,
-66.588570,-1482.022949,1348.001831,
-66.783524,-1481.887329,1347.700073,
-66.989578,-1481.771973,1347.378540,
-67.192184,-1481.647705,1346.994019,
-67.406128,-1481.449829,1346.500488,
-67.663651,-1481.266113,1345.932861,
-68.043823,-1481.215210,1345.317505,
-68.431587,-1481.053223,1344.510986,
-68.758461,-1480.636841,1343.405273,
-69.185127,-1480.272217,1342.145020,
-69.698654,-1479.979492,1340.739502,
-70.196785,-1479.493164,1339.060791,
-70.770966,-1478.744629,1337.153320,
-71.341148,-1477.679688,1335.077759,
-71.657806,-1476.087280,1332.803589,
-71.597717,-1473.822144,1330.333130,
-71.198059,-1470.876343,1327.795776,
-70.206551,-1466.939697,1325.259888,
-68.612694,-1461.765503,1322.951660,
-66.874680,-1455.441040,1321.328857,
-65.018227,-1447.757568,1320.601196,
-62.824490,-1438.322266,1320.949951,
-60.123909,-1427.015381,1322.680298,
-56.704109,-1413.935303,1326.081665,
-52.191101,-1399.029541,1331.140137,
-46.290234,-1382.377197,1337.661133,
-38.840431,-1363.818237,1345.407227,
-29.658413,-1342.989746,1353.952026,
-18.865543,-1319.750244,1362.830078,
-6.740580,-1294.145508,1372.275024,
6.628832,-1265.940796,1382.241455,
20.850763,-1235.030884,1392.612549,
35.609566,-1201.373169,1403.214111,
50.253448,-1165.426270,1413.755371,
64.146156,-1127.728882,1423.836914,
77.272812,-1088.225098,1432.990356,
89.573807,-1047.373047,1440.983032,
100.409584,-1006.151733,1447.483276,
108.359985,-965.362793,1451.604126,
112.333588,-926.962524,1452.856079,
113.431892,-894.892151,1452.486328,
113.203720,-870.851624,1452.140015,
113.304718,-853.470154,1452.705078,
114.505775,-840.744934,1453.895142,
116.743088,-831.440430,1454.724487,
120.254929,-824.964783,1454.560791,
124.597031,-820.769104,1453.398071,
127.858330,-818.846985,1451.671631,
129.200928,-820.849121,1449.768433,
128.559235,-827.501160,1446.074829,
125.781723,-837.646240,1439.671875,
120.642372,-849.581848,1431.994019,
113.241890,-862.413452,1424.068970,
104.275558,-875.619080,1415.972412,
94.407471,-888.518860,1407.658813,
84.166931,-900.797546,1398.900757,
74.452744,-912.782471,1389.600708,
66.391411,-924.605591,1380.141113,
60.019680,-936.233582,1371.085327,
54.447418,-947.506714,1362.747559,
48.975220,-958.246765,1355.131958,
43.307438,-968.460205,1348.234985,
37.547207,-978.188599,1342.028931,
32.113445,-987.309631,1336.519775,
27.605932,-995.688477,1331.423218,
24.986580,-1002.959106,1326.088379,
23.984560,-1008.807495,1321.344360,
22.454653,-1014.045349,1317.914063,
19.868921,-1019.216064,1314.801758,
17.972324,-1023.393738,1311.441528,
16.840782,-1026.318115,1308.093018,
15.658685,-1028.402954,1304.866577,
14.513704,-1029.665039,1301.603271,
13.609089,-1029.725952,1298.354370,
12.772979,-1028.744995,1295.350586,
12.074189,-1027.480225,1292.671631,
11.647376,-1025.455322,1290.219727,
11.481868,-1022.287170,1287.847656,
11.383210,-1018.286133,1285.510742,
11.035913,-1013.994019,1283.453857,
10.467225,-1009.529602,1281.729492,
9.836284,-1004.774536,1280.215210,
9.167300,-999.634460,1278.941528,
8.534047,-994.107117,1278.021729,
8.079310,-988.196716,1277.530029,
7.967881,-981.877014,1277.448853,
8.239697,-975.164551,1277.676270,
8.872260,-968.047729,1278.053467,
9.786603,-960.489441,1278.494751,
10.957541,-952.435974,1279.025391,
12.507402,-943.778198,1279.656494,
14.381403,-934.474670,1280.337158,
16.585949,-924.516357,1280.936401,
19.140579,-913.888245,1281.333374,
21.856537,-902.647888,1281.437134,
24.591236,-890.914795,1281.207520,
27.270967,-878.950928,1280.696655,
29.905659,-866.817566,1279.823853,
32.544350,-854.320374,1278.459595,
34.934303,-841.731567,1276.845703,
36.528969,-829.431030,1275.419434,
37.517467,-817.065552,1273.994751,
38.222809,-804.634277,1272.270508,
38.504776,-792.748047,1270.443115,
38.368454,-781.467834,1268.757813,
37.959137,-770.579041,1267.430054,
37.456982,-760.030945,1266.515991,
37.123940,-749.916565,1265.908813,
37.075699,-740.230713,1265.525391,
37.127174,-730.999573,1265.393921,
37.089367,-722.295776,1265.478638,
36.888741,-714.076965,1265.834595,
36.508087,-706.261963,1266.519043,
36.086998,-698.741089,1267.449829,
35.834984,-691.419800,1268.544922,
35.904736,-684.283325,1269.785645,
36.255276,-677.338562,1271.118408,
36.704124,-670.615173,1272.516479,
37.160885,-664.121033,1273.952271,
37.568226,-657.862244,1275.391235,
37.786884,-651.792419,1276.749756,
37.762989,-645.949829,1277.961304,
37.662678,-640.309753,1279.019409,
37.644073,-634.832642,1279.907104,
37.730598,-629.528259,1280.597900,
37.881298,-624.438904,1281.080444,
38.004723,-619.567749,1281.362671,
37.987007,-614.858032,1281.531006,
37.735931,-610.273926,1281.656982,
37.205967,-605.847534,1281.761597,
36.462303,-601.524292,1281.847168,
35.614212,-597.280518,1281.865723,
34.804871,-593.051025,1281.767944,
34.073284,-588.830383,1281.570068,
33.374413,-584.705139,1281.309692,
32.693214,-580.682129,1281.005859,
32.028099,-576.658936,1280.621826,
31.362072,-572.539856,1280.144531,
30.675661,-568.370117,1279.609131,
30.002569,-564.100342,1279.000366,
29.266247,-559.717163,1278.253784,
28.538372,-555.113831,1277.333008,
28.001345,-550.238647,1276.277466,
27.604683,-545.246033,1275.140015,
27.294031,-539.777222,1274.154785,
27.113041,-533.079163,1273.552856,
27.197126,-525.179382,1273.373413,
27.657761,-516.105652,1273.739380,
28.564657,-505.558411,1274.994385,
30.029701,-493.265778,1277.520020,
32.332123,-479.092834,1281.560303,
35.737740,-462.870453,1287.002319,
40.294994,-444.341339,1293.623535,
46.201286,-423.313385,1301.385620,
53.805153,-399.626740,1310.262695,
63.260132,-373.089447,1320.122192,
74.213760,-343.423035,1330.426025,
85.936600,-311.103546,1341.016968,
98.324707,-276.061432,1351.928833,
112.317764,-236.094299,1362.530518,
127.056305,-191.909958,1372.624268,
140.541367,-146.886185,1382.091919,
152.409195,-101.525101,1390.040771,
162.799469,-55.350815,1395.271606,
170.450500,-10.199421,1397.252686,
173.626358,29.803942,1396.750977,
172.800980,61.009232,1395.677124,
171.209671,83.227417,1395.572388,
171.190140,98.983109,1396.615112,
172.444901,110.391037,1397.997314,
173.973755,117.985672,1398.341309,
175.675339,122.291214,1396.889160,
177.180374,123.425751,1393.588501,
177.619110,120.750259,1387.940430,
176.075165,114.139420,1379.395142,
171.961243,104.609459,1369.235352,
165.264862,93.214867,1359.654297,
156.287918,80.634186,1351.742065,
145.207169,67.579636,1345.138428,
132.539581,54.801968,1339.227173,
119.527679,42.403622,1333.213257,
107.644981,29.884335,1326.376831,
97.496864,16.819189,1318.996216,
88.778412,3.360812,1311.875977,
81.291725,-9.982265,1305.418335,
74.572525,-23.009979,1300.067871,
68.654106,-35.288422,1296.013794,
63.632813,-46.602448,1293.003906,
59.327709,-57.297703,1290.705811,
55.851501,-67.467583,1288.929688,
53.337074,-76.782913,1287.805908,
51.874603,-84.990288,1287.460693,
51.441730,-92.086685,1287.773560,
51.824261,-98.133827,1288.603271,
52.697052,-103.153313,1289.851196,
53.699894,-107.163315,1291.404663,
54.596058,-110.244499,1293.221191,
55.475777,-112.322937,1295.216919,
56.541405,-113.317520,1297.359497,
57.850872,-113.300117,1299.653687,
59.332386,-112.420601,1302.023804,
61.174965,-110.514206,1304.283813,
63.211254,-107.689659,1306.448730,
64.850067,-104.499374,1308.635376,
66.075790,-100.960732,1310.749390,
67.069473,-96.947578,1312.711914,
67.977615,-92.538162,1314.516602,
68.763924,-87.991356,1316.163696,
69.524574,-83.422279,1317.649170,
70.584167,-78.684570,1318.898804,
71.917633,-73.816177,1319.903076,
73.088654,-69.136215,1320.816040,
73.979790,-64.686127,1321.679443,
74.673615,-60.386379,1322.367920,
75.211121,-56.216766,1322.858154,
75.637169,-52.180397,1323.264160,
76.055161,-48.273582,1323.645630,
76.540245,-44.500195,1323.988892,
77.006416,-40.873005,1324.263184,
77.430000,-37.386707,1324.489990,
77.891914,-34.027107,1324.689819,
78.385750,-30.759201,1324.850708,
78.823380,-27.532625,1324.930420,
79.158615,-24.281836,1324.937378,
79.381569,-20.925352,1324.903076,
79.464493,-17.438353,1324.851196,
79.373070,-13.719718,1324.765137,
79.148178,-9.652978,1324.599121,
78.881218,-5.209833,1324.289307,
78.474182,-0.380239,1323.790405,
77.833305,4.899900,1323.097412,
76.939842,10.629614,1322.222412,
75.933517,16.939951,1321.031128,
75.022354,24.041918,1319.329468,
73.908096,31.728411,1317.285767,
72.362160,39.944775,1314.920288,
70.374664,48.743649,1312.125122,
67.794731,57.872971,1308.913330,
64.732643,67.323608,1305.310425,
61.663479,77.396820,1300.929199,
58.423824,87.814308,1295.481689,
54.774303,98.164589,1289.264160,
50.759270,108.342064,1282.434570,
46.442112,118.362411,1274.767700,
41.869122,128.203476,1265.998657,
36.917362,137.642563,1256.542236,
31.473366,146.476486,1246.606567,
25.520561,154.646149,1235.985229,
19.107754,162.184479,1224.615601,
12.316590,168.939636,1212.812134,
5.005806,174.525848,1200.940796,
-2.735390,179.048355,1188.557373,
-10.686573,182.566666,1175.514404,
-18.722942,184.939194,1162.141357,
-26.887686,186.110001,1148.661499,
-35.177071,186.032059,1135.059448,
-43.492870,184.651291,1121.250610,
-52.006931,181.995560,1107.372192,
-60.535076,178.084274,1093.632446,
-68.884613,172.899872,1080.090576,
-76.970070,166.465378,1066.732666,
-84.710846,158.740692,1053.576660,
-92.137169,149.760941,1040.724731,
-99.202774,139.675720,1028.324219,
-105.714676,128.511169,1016.393127,
-111.610001,116.315262,1004.935974,
-116.959671,103.226913,994.031067,
-121.899307,89.327515,983.693970,
-126.429985,74.774269,973.902405,
-130.240479,59.875046,964.677002,
-133.280975,44.760891,955.959412,
-135.709579,29.411198,947.709473,
-137.594254,13.956120,939.893005,
-139.023682,-1.405270,932.501953,
-140.062195,-16.582220,925.630310,
-140.552109,-31.758951,919.227844,
-140.336578,-47.026661,913.086487,
-139.533051,-62.000000,907.195801,
-138.263840,-76.554153,901.747009,
-136.542816,-90.849106,896.828674,
-134.374313,-104.910667,892.457703,
-131.822556,-118.629738,888.716614,
-128.977249,-131.974640,885.628235,
-125.844788,-144.932129,883.103699,
-122.392189,-157.421570,881.080139,
-118.598244,-169.450455,879.497070,
-114.460739,-180.982742,878.309753,
-109.971321,-191.945404,877.468506,
-105.147812,-202.320190,876.950562,
-100.006622,-212.121231,876.700684,
-94.654480,-221.296982,876.688660,
-89.075668,-229.889450,876.968567,
-83.196510,-237.834122,877.442566,
-77.180817,-244.958878,877.904907,
-71.388618,-251.209106,878.388672,
-65.736015,-256.665833,878.865784,
-60.001671,-261.368774,879.234619,
-54.285503,-265.213959,879.434631,
-48.822281,-268.178986,879.465881,
-43.753357,-270.245178,879.506836,
-38.974770,-271.384918,879.575012,
-34.101933,-271.872070,879.385254,
-29.323526,-271.716309,878.964478,
-24.787807,-270.826111,878.394470,
-20.170221,-269.405273,877.620850,
-15.590011,-267.425110,876.687317,
-11.833933,-264.423187,875.753479,
-8.433843,-260.567047,874.671326,
-4.465854,-256.489685,873.303650,
-0.512094,-252.145905,871.770264,
2.435571,-247.034668,870.262695,
4.730113,-241.202133,868.779419,
7.288946,-235.129211,867.153137,
9.545746,-228.817902,865.415405,
11.039333,-222.121292,863.687134,
12.052671,-215.128128,861.968628,
12.827044,-207.910522,860.219666,
13.284739,-200.411880,858.671021,
13.386455,-192.578644,857.525818,
13.154431,-184.482620,856.889343,
12.685345,-176.236877,856.892761,
11.828995,-167.824707,857.496582,
10.428427,-159.137161,858.431152,
8.697258,-150.290100,859.388062,
6.984482,-141.744934,860.346313,
4.829134,-133.085770,861.329956,
2.233872,-124.167336,862.182251,
0.014908,-115.753914,862.835815,
-2.264451,-107.506622,863.518311,
-5.013975,-99.123932,864.298035,
-7.901819,-90.635796,865.080627,
-10.455954,-82.255249,865.799622,
-12.572113,-74.404320,866.573853,
-14.693879,-66.793427,867.693665,
-16.908360,-59.251923,869.172119,
-19.070211,-51.950459,870.797974,
-21.132366,-45.005207,872.513916,
-23.132708,-38.348835,874.332153,
-25.030886,-31.977533,876.229187,
-26.904089,-25.930330,878.158813,
-28.824934,-20.149261,880.077393,
-30.671818,-14.588567,881.948853,
-32.296783,-9.321465,883.775635,
-33.751850,-4.318586,885.555115,
-35.106853,0.444487,887.231079,
-36.314053,4.924335,888.834656,
-37.349308,9.085080,890.359314,
-38.240273,12.888730,891.735168,
-38.998993,16.321064,892.997498,
-39.588463,19.380758,894.161377,
-40.013458,22.109514,895.215271,
-40.262657,24.558538,896.149902,
-40.323021,26.733263,896.955933,
-40.197296,28.629436,897.651428,
-39.901478,30.252113,898.259827,
-39.416908,31.609308,898.738220,
-38.751183,32.714676,899.058289,
-37.909420,33.546833,899.241150,
-36.838051,34.053284,899.303894,
-35.598682,34.258362,899.238831,
-34.255459,34.254669,899.042725,
-32.755508,34.051182,898.732849,
-31.066170,33.657967,898.290039,
-29.239817,33.057583,897.707031,
-27.238976,32.260773,897.014893,
-25.092382,31.253490,896.260620,
-22.842236,30.020445,895.462341,
-20.488634,28.623802,894.619202,
-18.096697,27.094025,893.738098,
-15.674106,25.431150,892.894348,
-13.211988,23.613382,892.108215,
-10.728453,21.731224,891.340515,
-8.264710,19.847008,890.576843,
-5.864902,17.930386,889.824768,
-3.494195,15.986387,889.080566,
-1.091519,14.037951,888.357483,
1.328256,12.069891,887.661011,
3.673047,10.132597,886.982727,
5.944938,8.255463,886.317505,
8.156282,6.378477,885.655640,
10.343118,4.474691,885.022278,
12.516031,2.577514,884.463135,
14.650730,0.702687,883.955627,
16.705917,-1.153429,883.474548,
18.672487,-3.011884,883.057678,
20.538097,-4.839719,882.679504,
22.251669,-6.575775,882.314270,
23.791874,-8.243027,881.975220,
25.238136,-9.903697,881.679199,
26.630491,-11.515431,881.435242,
27.948980,-13.048086,881.194153,
29.209511,-14.542391,880.930542,
30.453588,-16.036602,880.679993,
31.655529,-17.521883,880.462585,
32.802826,-18.976091,880.268677,
33.915588,-20.397394,880.084961,
34.991417,-21.806616,879.909607,
36.067650,-23.178905,879.734131,
37.144997,-24.486197,879.551636,
38.174187,-25.758371,879.350342,
39.102795,-26.978935,879.130615,
39.999935,-28.152225,878.904907,
40.904751,-29.280029,878.688293,
41.736065,-30.347988,878.475586,
42.475605,-31.348396,878.260254,
43.174545,-32.270145,878.046021,
43.859581,-33.114120,877.850647,
44.505493,-33.846050,877.682556,
45.074585,-34.480251,877.524231,
45.579876,-35.041298,877.393555,
46.022079,-35.510788,877.309448,
46.387939,-35.866451,877.274414,
46.673504,-36.123188,877.247864,
46.922588,-36.298069,877.224915,
47.141167,-36.385086,877.209900,
47.295666,-36.384239,877.201843,
47.363598,-36.287643,877.222778,
47.381767,-36.062790,877.263489,
47.408939,-35.739841,877.323730,
47.461498,-35.346252,877.401306,
47.483570,-34.876263,877.487732,
47.428841,-34.365986,877.577026,
47.306095,-33.798275,877.681335,
47.168198,-33.112202,877.805115,
47.048862,-32.315121,877.935852,
46.905754,-31.493837,878.070496,
46.683983,-30.650501,878.196777,
46.463249,-29.689306,878.332703,
46.292259,-28.631569,878.493469,
46.065609,-27.595304,878.668945,
45.780788,-26.522816,878.846313,
45.525948,-25.328167,879.030579,
45.275040,-24.095194,879.221924,
44.987949,-22.845379,879.429077,
44.705921,-21.524532,879.649536,
44.426540,-20.186882,879.893005,
44.130424,-18.856689,880.138977,
43.852673,-17.492876,880.365540,
43.623478,-16.112234,880.595703,
43.413273,-14.736182,880.836914,
43.203270,-13.383483,881.076477,
43.032375,-12.001251,881.333801,
42.928440,-10.600219,881.620422,
42.841427,-9.223480,881.883362,
42.749641,-7.871324,882.109070,
42.686928,-6.527565,882.333679,
42.679283,-5.170597,882.591858,
42.687233,-3.844404,882.844360,
42.699017,-2.559346,883.071472,
42.733414,-1.325521,883.305542,
42.842052,-0.096620,883.547485,
43.019474,1.110628,883.771179,
43.246632,2.253608,884.003235,
43.466866,3.339661,884.233765,
43.693943,4.394022,884.446045,
43.965481,5.431880,884.633362,
44.283829,6.404895,884.801636,
44.612785,7.282119,884.974609,
44.941864,8.089062,885.124695,
45.347797,8.849383,885.265625,
45.818008,9.560833,885.404541,
46.309219,10.223150,885.550720,
46.793007,10.780597,885.678467,
47.254978,11.253189,885.777954,
47.748436,11.730753,885.855042,
48.273911,12.172051,885.913940,
48.811275,12.513986,885.953735,
49.398075,12.809721,885.986389,
49.978840,13.052640,886.009033,
50.494709,13.236705,886.019409,
