0.052575,0.053886,0.64162,-0.76332,0
0.052976,0.054626,0.64155,-0.7633,0
0.053185,0.055021,0.64151,-0.76329,0
0.053405,0.055237,0.64149,-0.76327,0
0.053708,0.05536,0.64149,-0.76324,0
0.054082,0.05538,0.64149,-0.76321,0
0.05446,0.055302,0.64149,-0.76319,0
0.054732,0.055199,0.64149,-0.76319,0
0.054875,0.055106,0.64148,-0.76319,0
0.054906,0.054984,0.64146,-0.76321,0
0.05488,0.054847,0.64145,-0.76323,0
0.054815,0.054779,0.64143,-0.76326,0
0.054725,0.054761,0.64141,-0.76328,0
0.054679,0.054741,0.6414,-0.7633,0
0.054687,0.054718,0.64139,-0.76331,0
0.054757,0.054674,0.64138,-0.76331,0
0.05494,0.054504,0.6414,-0.76329,0
0.055116,0.054247,0.64142,-0.76328,0
0.0552,0.054055,0.64144,-0.76328,0
0.055178,0.053942,0.64145,-0.76328,0
0.05506,0.053929,0.64145,-0.76328,0
0.054888,0.05403,0.64146,-0.76328,0
0.054746,0.054173,0.64147,-0.76327,0
0.0547,0.054249,0.64149,-0.76326,0
0.054769,0.05416,0.64151,-0.76323,0
0.054943,0.053907,0.64155,-0.76321,0
0.055068,0.053641,0.64156,-0.76321,0
0.055048,0.053434,0.64158,-0.76321,0
0.054868,0.053323,0.64161,-0.76321,0
0.05454,0.053346,0.64162,-0.76322,0
0.054105,0.053482,0.64165,-0.76322,0
0.05373,0.05359,0.64168,-0.76321,0
0.053597,0.053542,0.64175,-0.76316,0
0.053698,0.053302,0.64186,-0.76308,0
0.053959,0.052934,0.642,-0.76297,0
0.054225,0.052531,0.64214,-0.76286,0
0.054346,0.052125,0.64227,-0.76277,0
0.054319,0.051754,0.64237,-0.76272,0
0.054161,0.051447,0.64244,-0.76269,0
0.053935,0.051207,0.64248,-0.76269,0
0.053766,0.05102,0.64249,-0.7627,0
0.053703,0.050839,0.6425,-0.76271,0
0.053776,0.050667,0.6425,-0.76271,0
0.053918,0.050521,0.64251,-0.76271,0
0.054053,0.050393,0.64253,-0.76269,0
0.054141,0.0503,0.64255,-0.76267,0
0.054152,0.050229,0.64257,-0.76266,0
0.054087,0.0502,0.64258,-0.76266,0
0.053965,0.050264,0.64257,-0.76267,0
0.053837,0.050385,0.64256,-0.76268,0
0.053782,0.050495,0.64255,-0.76268,0
0.053837,0.050566,0.64256,-0.76267,0
0.053987,0.050589,0.64259,-0.76263,0
0.054195,0.050547,0.64264,-0.76258,0
0.054403,0.050451,0.64269,-0.76252,0
0.054544,0.05033,0.64275,-0.76247,0
0.054573,0.050242,0.64281,-0.76243,0
0.054481,0.05022,0.64285,-0.7624,0
0.054316,0.050219,0.64289,-0.76238,0
0.054154,0.050213,0.64294,-0.76235,0
0.054003,0.050163,0.643,-0.76231,0
0.053881,0.050094,0.64307,-0.76226,0
0.053772,0.050037,0.64314,-0.76221,0
0.053651,0.050001,0.64322,-0.76216,0
0.053515,0.050016,0.64328,-0.76212,0
0.053321,0.050076,0.64333,-0.76209,0
0.053074,0.05013,0.64337,-0.76206,0
0.052807,0.050106,0.6434,-0.76206,0
0.052564,0.05001,0.64344,-0.76205,0
0.052324,0.0499,0.6435,-0.76202,0
0.052085,0.049831,0.64358,-0.76198,0
0.051899,0.049879,0.64366,-0.76192,0
0.051749,0.050003,0.64373,-0.76186,0
0.051673,0.050131,0.64379,-0.76181,0
0.051671,0.05021,0.64383,-0.76177,0
0.051721,0.050204,0.64385,-0.76175,0
0.051823,0.050182,0.64384,-0.76176,0
0.051894,0.050138,0.64381,-0.76177,0
0.051872,0.050121,0.64378,-0.76181,0
0.05178,0.050188,0.64375,-0.76183,0
0.051603,0.050306,0.64373,-0.76185,0
0.051457,0.050418,0.64371,-0.76187,0
0.051402,0.050459,0.64369,-0.76189,0
0.051401,0.050447,0.64367,-0.76191,0
0.051457,0.050472,0.64364,-0.76192,0
0.051532,0.050466,0.64362,-0.76194,0
0.051612,0.05041,0.64358,-0.76197,0
0.051692,0.050365,0.64355,-0.76199,0
0.051739,0.050362,0.64354,-0.762,0
0.051752,0.050427,0.64356,-0.76198,0
0.051749,0.050571,0.64361,-0.76193,0
0.051764,0.050751,0.64368,-0.76185,0
0.051798,0.050878,0.64377,-0.76177,0
0.051884,0.050895,0.64386,-0.76168,0
0.051996,0.050823,0.64395,-0.7616,0
0.052096,0.050743,0.64405,-0.76152,0
0.052166,0.050719,0.64412,-0.76146,0
0.052214,0.05072,0.64418,-0.7614,0
0.052263,0.050705,0.64424,-0.76135,0
0.052339,0.050663,0.64431,-0.76129,0
0.052454,0.050599,0.64438,-0.76123,0
0.052579,0.050533,0.64445,-0.76116,0
0.052676,0.050503,0.64453,-0.76109,0
0.052696,0.050547,0.64462,-0.76101,0
0.052624,0.050695,0.6447,-0.76093,0
0.052493,0.050921,0.64479,-0.76085,0
0.05239,0.051092,0.64489,-0.76076,0
0.052407,0.051091,0.645,-0.76067,0
0.052519,0.050943,0.6451,-0.76058,0
0.052668,0.050733,0.64521,-0.7605,0
0.05278,0.050548,0.6453,-0.76043,0
0.052801,0.050444,0.64537,-0.76038,0
0.052763,0.050434,0.64542,-0.76033,0
0.052694,0.050484,0.64548,-0.76029,0
0.052629,0.050531,0.64552,-0.76025,0
0.052614,0.050515,0.64557,-0.76021,0
0.052662,0.050456,0.64563,-0.76016,0
0.052729,0.050424,0.64569,-0.76011,0
0.052767,0.050446,0.64574,-0.76006,0
0.052752,0.050506,0.64578,-0.76002,0
0.052649,0.050575,0.64582,-0.75999,0
0.052468,0.050631,0.64583,-0.75999,0
0.052252,0.050635,0.64582,-0.76001,0
0.052052,0.050586,0.64579,-0.76006,0
0.051921,0.050508,0.64575,-0.7601,0
0.051872,0.050447,0.64572,-0.76014,0
0.051885,0.050441,0.64572,-0.76014,0
0.051942,0.050477,0.64574,-0.76012,0
0.052011,0.050517,0.64575,-0.7601,0
0.05205,0.050547,0.64575,-0.76009,0
0.051996,0.050558,0.64574,-0.7601,0
0.051807,0.050576,0.64572,-0.76014,0
0.051549,0.050649,0.64568,-0.76018,0
0.051274,0.050737,0.64563,-0.76024,0
0.051067,0.050806,0.64558,-0.76029,0
0.050958,0.050857,0.64553,-0.76034,0
0.050954,0.050821,0.6455,-0.76036,0
0.051038,0.050733,0.64553,-0.76034,0
0.051137,0.050655,0.64558,-0.7603,0
0.051167,0.0506,0.64566,-0.76023,0
0.051137,0.0506,0.64573,-0.76017,0
0.051024,0.050611,0.64581,-0.76011,0
0.050849,0.050595,0.64587,-0.76007,0
0.050626,0.0506,0.64593,-0.76004,0
0.05042,0.050631,0.64598,-0.76,0
0.050322,0.050625,0.64605,-0.75995,0
0.050389,0.050565,0.64613,-0.75989,0
0.050606,0.050486,0.64622,-0.7598,0
0.050893,0.050408,0.64631,-0.75971,0
0.051182,0.050311,0.6464,-0.75962,0
0.051356,0.050219,0.64646,-0.75956,0
0.051329,0.050229,0.64647,-0.75955,0
0.051107,0.050385,0.64646,-0.75957,0
0.050771,0.05064,0.64645,-0.75958,0
0.050436,0.050927,0.64644,-0.75959,0
0.050177,0.051229,0.64646,-0.75957,0
0.050021,0.051603,0.64649,-0.75953,0
0.04994,0.052028,0.64651,-0.75949,0
0.049903,0.052527,0.64651,-0.75946,0
0.04985,0.053141,0.64648,-0.75944,0
0.049709,0.053764,0.64645,-0.75944,0
0.049514,0.054321,0.64641,-0.75944,0
0.049312,0.0548,0.64636,-0.75946,0
0.049142,0.05516,0.64631,-0.75949,0
0.049092,0.055386,0.64627,-0.75951,0
0.049196,0.055479,0.64626,-0.7595,0
0.049409,0.055443,0.64628,-0.75947,0
0.049633,0.055378,0.64633,-0.75943,0
0.049742,0.055365,0.64638,-0.75938,0
0.049665,0.055412,0.64643,-0.75934,0
0.049454,0.055481,0.64649,-0.75929,0
0.049232,0.05547,0.64656,-0.75925,0
0.049108,0.055323,0.64664,-0.7592,0
0.049102,0.055061,0.64673,-0.75914,0
0.049185,0.054759,0.64683,-0.75907,0
0.049326,0.054495,0.64695,-0.75898,0
0.049495,0.054327,0.6471,-0.75886,0
0.049674,0.054261,0.64725,-0.75872,0
0.049868,0.054222,0.64741,-0.75857,0
0.050085,0.054108,0.64757,-0.75843,0
0.050275,0.053921,0.6477,-0.75832,0
0.050397,0.053743,0.64781,-0.75823,0
0.050461,0.053569,0.6479,-0.75816,0
0.050528,0.053371,0.64798,-0.75811,0
0.050607,0.053255,0.64805,-0.75804,0
0.0507,0.053207,0.64813,-0.75797,0
0.050846,0.053133,0.64821,-0.7579,0
0.051052,0.053014,0.64829,-0.75782,0
0.051232,0.052933,0.64837,-0.75775,0
0.051352,0.05291,0.64844,-0.75769,0
0.051431,0.052905,0.64849,-0.75764,0
0.05148,0.052916,0.64851,-0.75762,0
0.051493,0.052955,0.6485,-0.75762,0
0.051487,0.052975,0.6485,-0.75762,0
0.05146,0.053006,0.64851,-0.75761,0
0.051448,0.05304,0.64856,-0.75757,0
0.05152,0.053018,0.64863,-0.75751,0
0.051721,0.052967,0.6487,-0.75743,0
0.05198,0.052887,0.64877,-0.75736,0
0.052251,0.05281,0.64884,-0.75729,0
0.052443,0.052742,0.64892,-0.75721,0
0.052485,0.052695,0.64898,-0.75716,0
0.052393,0.052666,0.64902,-0.75713,0
0.052207,0.052673,0.64905,-0.75713,0
0.052003,0.052701,0.64907,-0.75712,0
0.051901,0.052679,0.6491,-0.7571,0
0.05196,0.052582,0.64915,-0.75706,0
0.052117,0.052426,0.64923,-0.75699,0
0.05231,0.052244,0.64931,-0.75693,0
0.05248,0.05209,0.64938,-0.75686,0
0.052586,0.052011,0.64943,-0.75681,0
0.052625,0.052004,0.64948,-0.75677,0
0.052646,0.05204,0.64953,-0.75672,0
0.052698,0.052072,0.64958,-0.75668,0
0.052815,0.05205,0.64962,-0.75664,0
0.052984,0.052009,0.64965,-0.7566,0
0.053144,0.052034,0.64966,-0.75658,0
0.053235,0.052158,0.64965,-0.75658,0
0.053217,0.052351,0.64962,-0.75659,0
0.053084,0.052545,0.64957,-0.75663,0
0.052863,0.052741,0.64952,-0.75667,0
0.052591,0.052952,0.6495,-0.75669,0
0.052308,0.05319,0.64948,-0.75671,0
0.052056,0.053445,0.64946,-0.75673,0
0.051888,0.053681,0.64946,-0.75672,0
0.051831,0.053886,0.64948,-0.7567,0
0.051877,0.054069,0.6495,-0.75666,0
0.051982,0.054242,0.64952,-0.75662,0
0.052083,0.054385,0.64955,-0.75658,0
0.052128,0.05451,0.64956,-0.75656,0
0.052079,0.054648,0.64955,-0.75656,0
0.051929,0.054824,0.64953,-0.75657,0
0.051723,0.055056,0.64951,-0.75659,0
0.051531,0.055272,0.64952,-0.75658,0
0.051435,0.055444,0.64956,-0.75654,0
0.051484,0.055547,0.6496,-0.75649,0
0.05166,0.055566,0.64964,-0.75645,0
0.051901,0.055559,0.64967,-0.75641,0
0.052104,0.055569,0.64969,-0.75638,0
0.05217,0.055704,0.64968,-0.75637,0
0.052052,0.056021,0.64965,-0.75638,0
0.0518,0.056361,0.64962,-0.75639,0
0.051546,0.056629,0.64963,-0.75639,0
0.051415,0.056773,0.64966,-0.75636,0
0.05146,0.056753,0.64972,-0.75631,0
0.051641,0.056606,0.64978,-0.75625,0
0.051831,0.05648,0.64986,-0.75618,0
0.051935,0.056462,0.64995,-0.7561,0
0.05193,0.056544,0.65003,-0.75602,0
0.05182,0.056712,0.65008,-0.75597,0
0.051638,0.056887,0.65014,-0.75592,0
0.051457,0.056965,0.65021,-0.75587,0
0.05132,0.056927,0.65028,-0.75582,0
0.051289,0.056862,0.65034,-0.75577,0
0.051298,0.05682,0.6504,-0.75572,0
0.051359,0.056791,0.65046,-0.75567,0
0.051482,0.056783,0.65052,-0.75561,0
0.051567,0.056763,0.65058,-0.75556,0
0.051578,0.056761,0.65063,-0.75551,0
0.051495,0.05679,0.65067,-0.75548,0
0.051317,0.056812,0.65071,-0.75546,0
0.051079,0.056808,0.65074,-0.75545,0
0.050815,0.056765,0.65076,-0.75545,0
0.050569,0.056682,0.65078,-0.75546,0
0.050388,0.056613,0.6508,-0.75546,0
0.050305,0.056609,0.65084,-0.75543,0
0.050338,0.056629,0.65089,-0.75539,0
0.05049,0.056636,0.65095,-0.75532,0
0.05069,0.056619,0.65101,-0.75525,0
0.050811,0.056588,0.65107,-0.7552,0
0.050809,0.056544,0.65111,-0.75517,0
0.050652,0.056561,0.65113,-0.75516,0
0.050349,0.056732,0.65113,-0.75517,0
0.050056,0.056965,0.65113,-0.75517,0
0.049924,0.057123,0.65114,-0.75515,0
0.049993,0.057157,0.65117,-0.75512,0
0.050231,0.057098,0.6512,-0.75508,0
0.050533,0.057,0.65124,-0.75504,0
0.050766,0.056911,0.65126,-0.75501,0
0.050834,0.056908,0.65129,-0.75499,0
0.05068,0.057038,0.6513,-0.75497,0
0.050309,0.057282,0.6513,-0.75498,0
0.049881,0.05752,0.65129,-0.755,0
0.049556,0.057645,0.65128,-0.75502,0
0.049418,0.057653,0.65127,-0.75504,0
0.049476,0.057614,0.65127,-0.75504,0
0.04964,0.057614,0.65127,-0.75503,0
0.049825,0.057706,0.65127,-0.75501,0
0.049973,0.057853,0.65126,-0.75499,0
0.050056,0.057998,0.65124,-0.75499,0
0.05007,0.058152,0.65121,-0.75501,0
0.050033,0.058304,0.65119,-0.75502,0
0.049994,0.058441,0.65119,-0.75501,0
0.049978,0.058519,0.65122,-0.75498,0
0.04999,0.058539,0.65128,-0.75493,0
0.050048,0.058497,0.65137,-0.75485,0
0.050161,0.058393,0.65148,-0.75475,0
0.050267,0.05829,0.6516,-0.75465,0
0.050346,0.058201,0.65169,-0.75457,0
0.050394,0.058116,0.65178,-0.75449,0
0.050415,0.058057,0.65187,-0.75443,0
0.050429,0.058025,0.65194,-0.75436,0
0.050462,0.057982,0.65201,-0.75431,0
0.050531,0.05793,0.65205,-0.75427,0
0.050594,0.057874,0.65208,-0.75424,0
0.05065,0.057828,0.65211,-0.75422,0
0.050705,0.057799,0.65214,-0.75419,0
0.050746,0.057751,0.65219,-0.75415,0
0.050771,0.057665,0.65225,-0.7541,0
0.050796,0.057596,0.6523,-0.75406,0
0.050812,0.057592,0.65234,-0.75403,0
0.050836,0.057654,0.65237,-0.754,0
0.05088,0.057752,0.6524,-0.75396,0
0.050907,0.057851,0.65243,-0.75392,0
0.050867,0.057976,0.65247,-0.75388,0
0.050736,0.058099,0.65251,-0.75384,0
0.050522,0.058217,0.65255,-0.75381,0
0.050268,0.05832,0.65259,-0.75379,0
0.050024,0.058382,0.65261,-0.75378,0
0.049823,0.058374,0.65263,-0.75378,0
0.049696,0.058331,0.65267,-0.75376,0
0.049651,0.058339,0.6527,-0.75373,0
0.049687,0.05836,0.65274,-0.75369,0
0.049783,0.05836,0.65277,-0.75366,0
0.0499,0.058342,0.65281,-0.75362,0
0.049954,0.058284,0.65283,-0.7536,0
0.049914,0.058194,0.65285,-0.7536,0
0.049746,0.058088,0.65284,-0.75362,0
0.049439,0.05807,0.65282,-0.75366,0
0.049069,0.058169,0.6528,-0.7537,0
0.048731,0.058373,0.65279,-0.75372,0
0.048521,0.058585,0.6528,-0.7537,0
0.048499,0.05871,0.65284,-0.75366,0
0.048608,0.058705,0.65289,-0.75361,0
0.048772,0.058587,0.65294,-0.75356,0
0.04891,0.058391,0.65298,-0.75354,0
0.048952,0.058184,0.65301,-0.75353,0
0.048873,0.058061,0.65303,-0.75352,0
0.04869,0.058038,0.65304,-0.75353,0
0.048503,0.058045,0.65303,-0.75354,0
0.048425,0.058015,0.65303,-0.75355,0
0.048485,0.057948,0.65303,-0.75355,0
0.048653,0.057854,0.65303,-0.75355,0
0.048876,0.057724,0.65303,-0.75355,0
0.04908,0.057586,0.65302,-0.75355,0
0.049184,0.057495,0.65301,-0.75356,0
0.04915,0.057468,0.65301,-0.75357,0
0.049034,0.057468,0.65302,-0.75357,0
0.04891,0.057445,0.65303,-0.75357,0
0.048835,0.057379,0.65305,-0.75356,0
0.048833,0.057274,0.65308,-0.75354,0
0.048902,0.057141,0.65312,-0.75351,0
0.049017,0.057005,0.65318,-0.75346,0
0.049126,0.056922,0.65325,-0.7534,0
0.049178,0.056905,0.6533,-0.75335,0
0.049163,0.056897,0.65334,-0.75332,0
0.049106,0.056889,0.65337,-0.7533,0
0.049018,0.056885,0.65339,-0.75329,0
0.048941,0.05686,0.65341,-0.75328,0
0.048942,0.056792,0.65344,-0.75326,0
0.049063,0.056666,0.65347,-0.75323,0
0.049291,0.056514,0.6535,-0.7532,0
0.049554,0.056364,0.65354,-0.75316,0
0.049769,0.056183,0.65358,-0.75313,0
0.049883,0.055992,0.6536,-0.75311,0
0.049863,0.055811,0.65362,-0.75312,0
0.049735,0.055683,0.6536,-0.75315,0
0.04958,0.055633,0.65358,-0.75318,0
0.049506,0.055561,0.65357,-0.7532,0
0.049584,0.055396,0.65358,-0.7532,0
0.049798,0.05519,0.65359,-0.75319,0
0.050044,0.05499,0.65359,-0.75319,0
0.050226,0.054819,0.65358,-0.75319,0
0.050296,0.054714,0.65357,-0.75321,0
0.050259,0.054691,0.65355,-0.75323,0
0.050198,0.054694,0.65352,-0.75326,0
0.050187,0.054646,0.65349,-0.75329,0
0.050243,0.054539,0.65347,-0.75331,0
0.050408,0.054412,0.65348,-0.7533,0
0.05065,0.054312,0.6535,-0.75327,0
0.050938,0.054254,0.65354,-0.75322,0
0.051191,0.054191,0.65359,-0.75317,0
0.051341,0.054128,0.65364,-0.75312,0
0.051374,0.054044,0.65371,-0.75306,0
0.051256,0.053962,0.65379,-0.75301,0
0.051002,0.053963,0.65387,-0.75296,0
0.050678,0.054057,0.65393,-0.75292,0
0.050413,0.054128,0.654,-0.75287,0
0.050323,0.054117,0.65406,-0.75282,0
0.050431,0.054057,0.65412,-0.75277,0
0.050658,0.053958,0.65418,-0.75271,0
0.050876,0.053853,0.65424,-0.75265,0
0.050944,0.053842,0.65429,-0.7526,0
0.050765,0.053974,0.65433,-0.75257,0
0.050371,0.054211,0.65436,-0.75255,0
0.049902,0.054498,0.65438,-0.75254,0
0.049489,0.054769,0.65441,-0.75252,0
0.049263,0.05492,0.65446,-0.75249,0
0.049321,0.054901,0.65453,-0.75243,0
0.049597,0.05474,0.6546,-0.75236,0
0.049905,0.054558,0.65468,-0.75228,0
0.050085,0.054487,0.65475,-0.75221,0
0.050042,0.054582,0.6548,-0.75216,0
0.049853,0.054746,0.65485,-0.75213,0
0.049638,0.05488,0.65489,-0.75209,0
0.04948,0.054934,0.65493,-0.75207,0
0.049423,0.054862,0.65498,-0.75203,0
0.049476,0.054726,0.65503,-0.75199,0
0.049594,0.054612,0.65508,-0.75195,0
0.049729,0.054567,0.65513,-0.7519,0
0.049849,0.054581,0.65516,-0.75186,0
0.049943,0.054579,0.65521,-0.75182,0
0.050003,0.054543,0.65524,-0.75178,0
0.050005,0.054536,0.65527,-0.75176,0
0.049978,0.05459,0.65528,-0.75175,0
0.049969,0.054669,0.6553,-0.75173,0
0.050012,0.054742,0.65532,-0.75171,0
0.05013,0.054767,0.65535,-0.75167,0
0.050305,0.054687,0.65539,-0.75162,0
0.050485,0.054524,0.65544,-0.75158,0
0.050596,0.054366,0.6555,-0.75154,1
0.050616,0.054285,0.65555,-0.7515,0
0.050551,0.054308,0.6556,-0.75146,0
0.050419,0.054435,0.65563,-0.75143,0
0.050266,0.054603,0.65566,-0.7514,0
0.050166,0.054697,0.6557,-0.75137,0
0.050162,0.054707,0.65576,-0.75131,0
0.050205,0.054656,0.65583,-0.75125,0
0.050262,0.054563,0.6559,-0.75119,0
0.050306,0.054482,0.65597,-0.75113,0
0.050306,0.054433,0.65604,-0.75108,0
0.050288,0.054412,0.6561,-0.75103,0
0.050313,0.054386,0.65616,-0.75097,0
0.050372,0.054332,0.65622,-0.75092,0
0.050449,0.054324,0.65627,-0.75087,0
0.05049,0.054354,0.65633,-0.75082,0
0.050501,0.054385,0.65637,-0.75078,0
0.050511,0.054385,0.65641,-0.75074,0
0.050539,0.054306,0.65645,-0.75072,0
0.050549,0.054211,0.65647,-0.7507,0
0.050469,0.054176,0.65647,-0.75071,0
0.050322,0.054244,0.65648,-0.75071,0
0.050213,0.054376,0.65648,-0.7507,0
0.050222,0.054444,0.6565,-0.75068,0
0.050337,0.054383,0.65652,-0.75066,0
0.05052,0.054189,0.65656,-0.75063,0
0.050615,0.053914,0.65659,-0.75061,0
0.050576,0.053709,0.65661,-0.75062,0
0.050415,0.053635,0.6566,-0.75063,0
0.050199,0.053669,0.6566,-0.75065,0
0.050088,0.053779,0.6566,-0.75065,0
0.050102,0.053893,0.6566,-0.75064,0
0.050237,0.053889,0.65661,-0.75062,0
0.050465,0.053752,0.65663,-0.7506,0
0.050658,0.053537,0.65664,-0.7506,0
0.050743,0.053367,0.65664,-0.7506,0
0.050709,0.053337,0.65662,-0.75062,0
0.050607,0.053423,0.6566,-0.75064,0
0.05054,0.053517,0.65659,-0.75065,0
0.050578,0.053541,0.6566,-0.75064,0
0.050726,0.053475,0.65661,-0.75062,0
0.050922,0.053354,0.65664,-0.75059,0
0.051073,0.053255,0.65666,-0.75057,0
0.051107,0.053238,0.65667,-0.75056,0
0.050993,0.053341,0.65666,-0.75056,0
0.050778,0.053518,0.65665,-0.75058,0
0.050564,0.053696,0.65665,-0.75058,0
0.050407,0.053816,0.65667,-0.75056,0
0.050333,0.053852,0.65671,-0.75053,0
0.050356,0.053835,0.65676,-0.75049,0
0.050417,0.053835,0.65679,-0.75046,0
0.050456,0.053867,0.6568,-0.75044,0
0.050447,0.053896,0.65679,-0.75045,0
0.05037,0.053909,0.65676,-0.75048,0
0.050204,0.053919,0.65674,-0.75051,0
0.049961,0.053942,0.6567,-0.75056,0
0.049696,0.053968,0.65666,-0.75061,0
0.049472,0.053974,0.65663,-0.75065,0
0.049352,0.053988,0.65661,-0.75068,0
0.049361,0.054004,0.65658,-0.7507,0
0.049475,0.053974,0.65657,-0.7507,0
0.049651,0.053881,0.65656,-0.75071,0
0.049819,0.053771,0.65655,-0.75071,0
0.049896,0.053746,0.65654,-0.75072,0
0.049838,0.05382,0.65652,-0.75073,0
0.049692,0.053953,0.65652,-0.75074,0
0.049552,0.054075,0.65651,-0.75074,0
0.049504,0.0541,0.65653,-0.75073,0
0.04959,0.054043,0.65655,-0.75071,0
0.049766,0.053978,0.65657,-0.75068,0
0.049952,0.053908,0.6566,-0.75065,0
0.050083,0.053855,0.65661,-0.75064,0
0.050137,0.053874,0.65662,-0.75062,0
0.050113,0.053938,0.65663,-0.75061,0
0.050041,0.053974,0.65665,-0.7506,0
0.049945,0.053945,0.65665,-0.75061,0
0.049816,0.053933,0.65664,-0.75062,0
0.049681,0.053977,0.65663,-0.75063,0
0.049597,0.054041,0.65663,-0.75064,0
0.049594,0.054071,0.65663,-0.75063,0
0.049666,0.05405,0.65663,-0.75063,0
0.049751,0.053977,0.65664,-0.75062,0
0.049812,0.053858,0.65664,-0.75063,0
0.049783,0.053734,0.65663,-0.75065,0
0.049645,0.053704,0.65661,-0.75067,0
0.049404,0.053811,0.6566,-0.75069,0
0.049172,0.054007,0.65659,-0.7507,0
0.049095,0.054164,0.65659,-0.7507,0
0.049233,0.054166,0.65659,-0.75069,0
0.049564,0.053983,0.65659,-0.75068,0
0.049953,0.053688,0.6566,-0.75067,0
0.050236,0.053439,0.65662,-0.75065,0
0.05032,0.053334,0.65665,-0.75063,0
0.050191,0.053388,0.65668,-0.7506,0
0.049941,0.053553,0.6567,-0.75059,0
0.049724,0.053721,0.65672,-0.75057,0
0.049653,0.053794,0.65674,-0.75055,0
0.049753,0.053732,0.65676,-0.75053,0
0.049964,0.053556,0.65678,-0.75052,0
0.050174,0.053343,0.6568,-0.7505,0
0.050297,0.053182,0.65681,-0.75049,0
0.050291,0.053167,0.65681,-0.7505,0
0.050191,0.053278,0.65681,-0.75049,0
0.050072,0.053427,0.65683,-0.75048,0
0.050033,0.053515,0.65685,-0.75045,0
0.05012,0.053467,0.65689,-0.75041,0
0.05028,0.053305,0.65693,-0.75038,0
0.050427,0.053149,0.65696,-0.75036,0
0.050513,0.053096,0.65698,-0.75034,0
0.050547,0.05315,0.657,-0.75031,0
0.050536,0.053266,0.65703,-0.75028,0
0.050478,0.053402,0.65707,-0.75024,0
0.050396,0.05352,0.6571,-0.75021,0
0.050307,0.053564,0.65712,-0.7502,0
0.050202,0.053539,0.65712,-0.7502,0
0.050049,0.053503,0.65712,-0.75022,0
0.049814,0.053515,0.65711,-0.75024,0
0.049519,0.053589,0.6571,-0.75027,0
0.04927,0.053644,0.65709,-0.75029,0
0.049166,0.053582,0.6571,-0.75028,0
0.049214,0.053411,0.65714,-0.75026,0
0.049342,0.053233,0.65719,-0.75022,0
0.049462,0.053117,0.65724,-0.75018,0
0.04954,0.05306,0.65727,-0.75015,0
0.049584,0.053025,0.65728,-0.75014,0
0.049634,0.052967,0.65728,-0.75014,0
0.049726,0.052843,0.65727,-0.75015,0
0.049854,0.052624,0.65726,-0.75017,0
0.050001,0.052393,0.65724,-0.75019,0
0.050113,0.052212,0.65722,-0.75021,0
0.050157,0.052124,0.65721,-0.75023,0
0.05014,0.052174,0.6572,-0.75023,0
0.050095,0.052279,0.65719,-0.75024,0
0.05008,0.052306,0.65718,-0.75025,0
0.050107,0.052235,0.65716,-0.75027,0
0.050179,0.052042,0.65716,-0.75027,0
0.050308,0.051818,0.65718,-0.75027,0
0.050487,0.051645,0.6572,-0.75025,0
0.050721,0.051511,0.65723,-0.75021,0
0.050996,0.051437,0.65726,-0.75017,0
0.051232,0.051429,0.65729,-0.75013,0
0.051396,0.051456,0.65731,-0.7501,0
0.051511,0.051447,0.65731,-0.75009,0
0.051597,0.051331,0.65732,-0.75009,0
0.051686,0.05113,0.65735,-0.75007,0
0.051761,0.050943,0.65739,-0.75005,0
0.051837,0.050851,0.65744,-0.75,0
0.051916,0.05086,0.65748,-0.74996,0
0.052004,0.050871,0.65753,-0.74991,0
0.052065,0.050842,0.65757,-0.74987,0
0.052067,0.050792,0.6576,-0.74984,0
0.051996,0.050698,0.65763,-0.74983,0
0.051856,0.050581,0.65765,-0.74983,0
0.051657,0.050514,0.65767,-0.74983,0
0.051457,0.050522,0.65769,-0.74983,0
0.051333,0.050592,0.65772,-0.74981,0
0.051312,0.050703,0.65775,-0.74978,0
0.051362,0.050806,0.65778,-0.74974,0
0.051436,0.050855,0.6578,-0.74971,0
0.051493,0.050812,0.65784,-0.74968,0
0.051508,0.050712,0.65787,-0.74965,0
0.051451,0.050637,0.65789,-0.74964,0
0.051322,0.050657,0.65791,-0.74963,0
0.051194,0.050762,0.65793,-0.74962,0
0.051129,0.050883,0.65794,-0.74961,0
0.05115,0.050989,0.65796,-0.74958,0
0.051247,0.051021,0.65798,-0.74955,0
0.051378,0.050891,0.65801,-0.74953,0
0.051476,0.050673,0.65804,-0.74951,0
0.05146,0.050473,0.65809,-0.74948,0
0.051323,0.050322,0.65814,-0.74945,0
0.051125,0.050203,0.65819,-0.74943,0
0.050989,0.050052,0.65822,-0.74943,0
0.050984,0.049824,0.65824,-0.74942,0
0.051103,0.049526,0.65826,-0.74942,0
0.051316,0.049254,0.65827,-0.74941,0
0.051511,0.049073,0.65828,-0.7494,0
0.051642,0.048999,0.6583,-0.74939,0
0.051695,0.048998,0.6583,-0.74938,0
0.051652,0.048976,0.65829,-0.74939,0
0.051542,0.048882,0.65828,-0.74942,0
0.051382,0.048752,0.65826,-0.74945,0
0.051195,0.048663,0.65825,-0.74948,0
0.051026,0.048641,0.65824,-0.7495,0
0.050926,0.04865,0.65826,-0.74949,0
0.050915,0.048651,0.65829,-0.74946,0
0.050958,0.048602,0.65833,-0.74943,0
0.051024,0.048511,0.65837,-0.7494,0
0.051,0.048401,0.6584,-0.74938,0
0.050784,0.048415,0.65841,-0.74938,0
0.05041,0.04858,0.65841,-0.74939,0
0.049953,0.048772,0.65843,-0.74939,0
0.049533,0.048958,0.65845,-0.74939,0
0.049199,0.049125,0.65848,-0.74938,0
0.048979,0.049236,0.65853,-0.74934,0
0.048875,0.049251,0.65858,-0.74931,0
0.048828,0.049195,0.65861,-0.74928,0
0.048715,0.049188,0.65863,-0.74927,0
0.048484,0.049256,0.65866,-0.74926,0
0.04819,0.049381,0.65868,-0.74925,0
0.047847,0.049504,0.65871,-0.74924,0
0.047532,0.049563,0.65874,-0.74923,0
0.04729,0.049593,0.65878,-0.74921,0
0.047106,0.049604,0.65882,-0.74919,0
0.046998,0.049577,0.65886,-0.74916,0
0.046971,0.049504,0.65889,-0.74914,0
0.046961,0.049392,0.65891,-0.74912,0
0.046868,0.04928,0.65893,-0.74913,0
0.046645,0.049252,0.65892,-0.74915,0
0.046349,0.049308,0.65892,-0.74916,0
0.046061,0.049407,0.65892,-0.74918,0
0.04589,0.049462,0.65895,-0.74916,0
0.045877,0.049408,0.659,-0.74912,0
0.045932,0.049303,0.65905,-0.74907,0
0.045965,0.049213,0.6591,-0.74903,0
0.045928,0.049168,0.65916,-0.74899,0
0.045799,0.049233,0.6592,-0.74895,0
0.045583,0.049434,0.65924,-0.74892,0
0.045372,0.049634,0.65929,-0.74888,0
0.045294,0.049686,0.65935,-0.74882,0
0.045376,0.049653,0.65942,-0.74876,0
0.045569,0.049619,0.65949,-0.74869,0
0.045853,0.049569,0.65955,-0.74862,0
0.046169,0.049477,0.65962,-0.74855,0
0.046397,0.0494,0.65967,-0.74849,0
0.046438,0.04939,0.65971,-0.74846,0
0.0463,0.049439,0.65972,-0.74845,0
0.046093,0.049531,0.65972,-0.74846,0
0.045903,0.049659,0.65972,-0.74846,0
0.045818,0.049822,0.65974,-0.74844,0
0.045937,0.049953,0.65979,-0.74838,0
0.04625,0.049957,0.65985,-0.7483,0
0.046681,0.049822,0.65989,-0.74826,0
0.047071,0.049641,0.65989,-0.74824,0
0.04726,0.049525,0.65986,-0.74827,0
0.047215,0.049524,0.65979,-0.74833,0
0.046971,0.049651,0.65971,-0.74841,0
0.046612,0.049866,0.65963,-0.74849,0
0.046328,0.050022,0.65956,-0.74856,0
0.046266,0.049973,0.6595,-0.74861,0
0.046439,0.049749,0.65948,-0.74863,0
0.046765,0.049462,0.65949,-0.74862,0
0.047082,0.049188,0.65951,-0.7486,0
0.047253,0.049028,0.65952,-0.7486,0
0.047291,0.048966,0.65951,-0.74861,0
0.047239,0.048971,0.65949,-0.74863,0
0.047157,0.049024,0.65946,-0.74866,0
0.047148,0.049029,0.65944,-0.74867,0
0.047273,0.048936,0.65943,-0.74868,0
0.047521,0.048799,0.65944,-0.74866,0
0.047859,0.048673,0.65949,-0.74861,0
0.048181,0.048579,0.65952,-0.74856,0
0.048415,0.048552,0.65953,-0.74854,0
0.048535,0.048544,0.65951,-0.74856,0
0.048501,0.048526,0.65947,-0.74859,0
0.048361,0.048514,0.65944,-0.74863,0
0.048155,0.048491,0.6594,-0.74868,0
0.047939,0.048464,0.65939,-0.74871,0
0.047797,0.048416,0.65938,-0.74873,0
0.047754,0.048355,0.65938,-0.74873,0
0.047869,0.048313,0.65939,-0.74872,0
0.04813,0.04821,0.65943,-0.74867,0
0.048435,0.048067,0.65948,-0.74862,0
0.048645,0.047954,0.6595,-0.74859,0
0.04865,0.047889,0.65951,-0.74859,0
0.048395,0.047918,0.65949,-0.74862,0
0.047925,0.048099,0.65945,-0.74867,0
0.047435,0.048285,0.65942,-0.74872,0
0.047104,0.048342,0.6594,-0.74876,0
0.047004,0.048289,0.6594,-0.74876,0
0.047111,0.04816,0.65942,-0.74875,0
0.047381,0.047946,0.65946,-0.74871,0
0.047723,0.047693,0.65951,-0.74866,0
0.047966,0.047521,0.65957,-0.7486,0
0.047999,0.047495,0.65963,-0.74855,0
0.04784,0.047549,0.65968,-0.74851,0
0.047567,0.047644,0.6597,-0.7485,0
0.047275,0.047723,0.6597,-0.74852,0
0.047082,0.047703,0.65969,-0.74855,0
0.047077,0.047566,0.65969,-0.74855,0
0.04723,0.047401,0.6597,-0.74854,0
0.047455,0.047297,0.65971,-0.74853,0
0.047677,0.047237,0.65972,-0.74851,0
0.047854,0.047146,0.65974,-0.74848,0
0.047952,0.047045,0.65976,-0.74847,0
0.047946,0.046965,0.65976,-0.74847,0
0.047825,0.046933,0.65974,-0.7485,0
0.047622,0.046992,0.65971,-0.74853,0
0.047441,0.047066,0.65969,-0.74856,0
0.047426,0.047035,0.6597,-0.74856,0
0.047665,0.046842,0.65973,-0.74852,0
0.048062,0.046568,0.65978,-0.74847,0
0.048429,0.046339,0.6598,-0.74845,0
0.04863,0.046237,0.65978,-0.74845,0
0.0486,0.046255,0.65973,-0.7485,0
0.048407,0.046301,0.65966,-0.74858,0
0.048188,0.04631,0.65959,-0.74865,0
0.048035,0.04624,0.65954,-0.74871,0
0.048005,0.046035,0.65951,-0.74875,0
0.048107,0.045728,0.6595,-0.74877,0
0.048287,0.045455,0.65949,-0.74878,0
0.04848,0.045306,0.65947,-0.74879,0
0.048667,0.045229,0.65946,-0.7488,0
0.048821,0.045166,0.65945,-0.7488,0
0.048942,0.045074,0.65944,-0.7488,0
0.049064,0.044837,0.65944,-0.74881,0
0.049197,0.044441,0.65944,-0.74883,0
0.049267,0.04402,0.65944,-0.74885,0
0.049161,0.043695,0.65943,-0.74888,0
0.048934,0.043513,0.65943,-0.74891,0
0.048689,0.043471,0.65943,-0.74892,0
0.048562,0.043496,0.65945,-0.74891,0
0.048722,0.043466,0.6595,-0.74886,0
0.04912,0.043297,0.65955,-0.74881,0
0.049522,0.043081,0.65958,-0.74876,0
0.049785,0.042907,0.6596,-0.74874,0
0.049831,0.042865,0.65959,-0.74875,0
0.049699,0.043007,0.65956,-0.74877,0
0.049467,0.043216,0.65954,-0.7488,0
0.049305,0.043348,0.65953,-0.74881,0
0.049209,0.043447,0.65952,-0.74881,0
0.049136,0.043522,0.65953,-0.7488,0
0.049109,0.043493,0.65957,-0.74878,0
0.049094,0.04338,0.65959,-0.74877,0
0.048964,0.043366,0.6596,-0.74876,0
0.048692,0.043522,0.6596,-0.74877,0
0.048349,0.043758,0.65958,-0.7488,0
0.048028,0.044036,0.65954,-0.74884,0
0.047804,0.044299,0.6595,-0.74887,0
0.047683,0.044478,0.65948,-0.74889,0
0.04765,0.044604,0.65947,-0.74889,0
0.047648,0.044689,0.65948,-0.74888,0
0.047623,0.044719,0.65949,-0.74887,0
0.047538,0.044741,0.6595,-0.74886,0
0.047416,0.044726,0.65952,-0.74886,0
0.04734,0.044596,0.65955,-0.74885,0
0.047334,0.044378,0.65957,-0.74884,0
0.047409,0.044165,0.65959,-0.74882,0
0.047574,0.044,0.65963,-0.74879,0
0.047864,0.043856,0.65966,-0.74875,0
0.048314,0.043664,0.6597,-0.7487,0
0.048875,0.043351,0.65974,-0.74865,0
0.049481,0.042904,0.65979,-0.74859,0
0.050067,0.042356,0.65981,-0.74856,0
0.050561,0.041818,0.65978,-0.74859,0
0.050957,0.04135,0.65968,-0.74867,0
0.05132,0.040905,0.65954,-0.7488,0
0.051747,0.040411,0.65936,-0.74896,0
0.052316,0.039782,0.65916,-0.74912,0
0.05304,0.039051,0.65893,-0.74931,0
0.053928,0.038192,0.65868,-0.74952,0
0.054989,0.037122,0.65839,-0.74975,0
0.056174,0.035819,0.65804,-0.75003,0
0.057489,0.034285,0.65762,-0.75037,0
0.05896,0.032477,0.65712,-0.75077,0
0.060593,0.030385,0.65653,-0.75124,0
0.0624,0.028106,0.65588,-0.75175,0
0.064378,0.025669,0.65517,-0.7523,0
0.06663,0.022988,0.65442,-0.75284,0
0.069185,0.020057,0.65366,-0.75336,0
0.071892,0.017086,0.65283,-0.75389,0
0.074573,0.014286,0.65197,-0.75444,0
0.07713,0.011782,0.65107,-0.755,0
0.079516,0.0095771,0.65012,-0.7556,0
0.081785,0.0076712,0.64914,-0.75622,0
0.08398,0.0059885,0.64813,-0.75686,0
0.086129,0.0045548,0.64713,-0.75748,0
0.088296,0.0034436,0.64615,-0.75808,0
0.090426,0.0025932,0.64516,-0.75868,0
0.092499,0.0019769,0.6442,-0.75924,0
0.094441,0.0016205,0.64329,-0.75978,0
0.096199,0.0014627,0.6424,-0.76031,0
0.097885,0.001373,0.64152,-0.76083,0
0.099469,0.0012841,0.64069,-0.76133,0
0.10087,0.0013275,0.63979,-0.7619,0
0.10181,0.001729,0.63868,-0.76271,0
0.10224,0.0024738,0.63751,-0.76362,0
0.10222,0.0035627,0.63629,-0.76464,0
0.10178,0.0047942,0.63508,-0.7657,0
0.10078,0.0062912,0.63399,-0.76672,0
0.099567,0.0080285,0.63301,-0.76767,0
0.098401,0.0096389,0.63205,-0.7686,0
0.097315,0.011026,0.63111,-0.76948,0
0.096141,0.012325,0.63026,-0.77031,0
0.094768,0.013693,0.6295,-0.77108,0
0.093253,0.015204,0.62888,-0.77174,0
0.091608,0.016884,0.62843,-0.77227,0
0.089819,0.018746,0.62819,-0.77263,0
0.087897,0.020766,0.62811,-0.77286,0
0.085861,0.022879,0.6282,-0.77296,0
0.083774,0.024905,0.62843,-0.77294,0
0.081673,0.026794,0.62882,-0.77279,0
0.079514,0.02862,0.62933,-0.77253,0
0.077231,0.030452,0.63,-0.77215,0
0.074838,0.032302,0.63082,-0.77163,0
0.072397,0.034066,0.6318,-0.77099,0
0.069991,0.035647,0.63292,-0.77022,0
0.067649,0.036991,0.63418,-0.76933,0
0.065318,0.03796,0.63555,-0.76835,0
0.062934,0.03838,0.63699,-0.76734,0
0.060538,0.038272,0.63851,-0.76628,0
0.058179,0.03776,0.6401,-0.76515,0
0.055765,0.037013,0.64178,-0.76396,0
0.053171,0.036271,0.64353,-0.76271,0
0.050414,0.035644,0.64532,-0.76141,0
0.047625,0.035056,0.64715,-0.76007,0
0.044931,0.03441,0.649,-0.75868,0
0.04242,0.033691,0.65086,-0.75726,0
0.040126,0.032893,0.65267,-0.75586,0
0.037977,0.032056,0.65444,-0.75448,0
0.035892,0.031277,0.65619,-0.7531,0
0.033803,0.030682,0.65792,-0.7517,0
0.031706,0.030363,0.65964,-0.7503,0
0.029656,0.03028,0.66135,-0.74888,0
0.027736,0.030374,0.66306,-0.74744,0
0.026026,0.030567,0.66475,-0.74598,0
0.024494,0.030764,0.66641,-0.74454,0
0.023091,0.030913,0.668,-0.74316,0
0.021799,0.031025,0.66951,-0.74184,0
0.020718,0.031146,0.67092,-0.74059,0
0.019965,0.031206,0.67227,-0.73938,0
0.01955,0.031157,0.67358,-0.7382,0
0.019479,0.031005,0.67483,-0.73706,0
0.019758,0.030745,0.67602,-0.73598,0
0.020363,0.030344,0.67712,-0.73496,0
0.021268,0.029768,0.67813,-0.73403,0
0.022346,0.029026,0.67901,-0.73321,0
0.023464,0.028152,0.67976,-0.73252,0
0.024572,0.027131,0.68036,-0.73196,0
0.025656,0.025955,0.68083,-0.73153,0
0.026812,0.024718,0.68119,-0.7312,0
0.02808,0.023448,0.68139,-0.73101,0
0.029433,0.022052,0.68145,-0.73094,0
0.030882,0.02056,0.68134,-0.73103,0
0.032406,0.01918,0.68108,-0.73124,0
0.033929,0.018064,0.6806,-0.73164,0
0.035567,0.017165,0.67987,-0.73226,0
0.037476,0.016318,0.67895,-0.73305,0
0.039526,0.01534,0.678,-0.73384,0
0.041397,0.014425,0.67699,-0.73469,0
0.042902,0.014047,0.67581,-0.73569,0
0.044009,0.014317,0.67447,-0.73685,0
0.044948,0.014978,0.67301,-0.73812,0
0.045994,0.015843,0.67141,-0.73948,0
0.047361,0.016738,0.66974,-0.74089,0
0.049097,0.017612,0.66805,-0.74229,0
0.051108,0.018538,0.66639,-0.74362,0
0.053296,0.019606,0.66478,-0.74488,0
0.05563,0.02091,0.66319,-0.74609,0
0.058137,0.022507,0.6616,-0.74726,0
0.060874,0.024221,0.65993,-0.74846,0
0.063761,0.026011,0.65824,-0.74965,0
0.066684,0.027997,0.65658,-0.75078,0
0.069641,0.030169,0.65488,-0.75191,0
0.072737,0.03229,0.65313,-0.75305,0
0.076231,0.034032,0.65132,-0.7542,0
0.080238,0.035234,0.64942,-0.75536,0
0.084721,0.035916,0.64744,-0.75654,0
0.089613,0.036147,0.64538,-0.75773,0
0.094833,0.035999,0.64324,-0.75891,0
0.10027,0.035445,0.64102,-0.76012,0
0.10581,0.03453,0.63872,-0.76134,0
0.11138,0.033398,0.63637,-0.76257,0
0.11694,0.032159,0.63401,-0.76375,0
0.12241,0.030944,0.6317,-0.76486,0
0.12755,0.029987,0.62946,-0.7659,0
0.13208,0.029553,0.62733,-0.76691,0
0.13587,0.029833,0.62536,-0.76784,0
0.13897,0.030923,0.62362,-0.76865,0
0.14139,0.032861,0.62217,-0.76931,0
0.14316,0.035577,0.621,-0.76981,0
0.14438,0.038934,0.62009,-0.77015,0
0.14524,0.042732,0.61943,-0.77032,0
0.14598,0.046744,0.61903,-0.77026,0
0.14684,0.050697,0.61887,-0.76998,0
0.14792,0.054444,0.6189,-0.76949,0
0.14919,0.05792,0.61907,-0.76885,0
0.15064,0.061059,0.61936,-0.7681,0
0.1522,0.063769,0.61968,-0.76731,0
0.15392,0.06594,0.62003,-0.7665,0
0.15585,0.067578,0.62041,-0.76566,0
0.15789,0.068737,0.62081,-0.76481,0
0.15991,0.069562,0.62122,-0.76399,0
0.16176,0.070197,0.62161,-0.76322,0
0.16336,0.070697,0.62197,-0.76255,0
0.16476,0.071046,0.62227,-0.76196,0
0.16606,0.071182,0.62251,-0.76147,0
0.1672,0.071059,0.62266,-0.76111,0
0.16814,0.070789,0.62268,-0.76091,0
0.16876,0.070508,0.62257,-0.76089,0
0.16908,0.070313,0.62239,-0.76099,0
0.16903,0.070371,0.62214,-0.7612,0
0.16867,0.070728,0.62188,-0.76146,0
0.16794,0.07148,0.62165,-0.76173,0
0.1668,0.072686,0.62145,-0.76203,0
0.16534,0.074275,0.6213,-0.76232,0
0.16353,0.076226,0.62121,-0.76259,0
0.16138,0.078493,0.62122,-0.76281,0
0.15884,0.081028,0.62137,-0.76296,0
0.15584,0.083846,0.62169,-0.76301,0
0.15225,0.086988,0.62224,-0.76294,0
0.14808,0.090384,0.62301,-0.76273,0
0.14346,0.093945,0.62396,-0.76241,0
0.13866,0.097418,0.62505,-0.76197,0
0.13395,0.10052,0.62623,-0.76144,0
0.1297,0.10299,0.62749,-0.76081,0
0.12614,0.10459,0.62873,-0.76016,0
0.12333,0.10531,0.6299,-0.75955,0
0.12136,0.10501,0.63094,-0.75905,0
0.11988,0.10395,0.63184,-0.75868,0
0.1188,0.10218,0.63262,-0.75845,0
0.11799,0.099863,0.63328,-0.75833,0
0.11736,0.097205,0.63384,-0.7583,0
0.11673,0.094389,0.63434,-0.75834,0
0.11599,0.09161,0.63476,-0.75844,0
0.11503,0.089075,0.63512,-0.75859,0
0.11381,0.086902,0.63543,-0.75876,0
0.11238,0.085129,0.63567,-0.75898,0
0.11076,0.083771,0.63584,-0.75923,0
0.10898,0.082874,0.63594,-0.75949,0
0.10708,0.082472,0.63598,-0.75978,0
0.10509,0.082568,0.63592,-0.76009,0
0.10303,0.083124,0.63577,-0.76044,0
0.10098,0.0841,0.63551,-0.76083,0
0.099016,0.085402,0.63514,-0.76125,0
0.09716,0.086942,0.63466,-0.76171,0
0.095424,0.088755,0.63408,-0.76221,0
0.093733,0.090902,0.6334,-0.76273,0
0.092033,0.093372,0.63265,-0.76326,0
0.09037,0.096123,0.63187,-0.76377,0
0.088815,0.099027,0.63104,-0.76426,0
0.087428,0.10192,0.63019,-0.76474,0
0.086225,0.1047,0.62934,-0.7652,0
0.085146,0.10732,0.62846,-0.76568,0
0.084163,0.10983,0.62755,-0.76618,0
0.083259,0.11224,0.62662,-0.7667,0
0.082418,0.11456,0.62568,-0.76721,0
0.081682,0.1168,0.62477,-0.76769,0
0.081047,0.11895,0.62391,-0.76813,0
0.080556,0.12097,0.62309,-0.76853,0
0.08024,0.12281,0.62233,-0.76889,0
0.08004,0.12434,0.62163,-0.76922,0
0.079927,0.12558,0.62103,-0.76952,0
0.079913,0.12661,0.62052,-0.76977,0
0.080052,0.12736,0.62013,-0.76994,0
0.080404,0.12789,0.61985,-0.77004,0
0.080992,0.12813,0.61969,-0.77007,0
0.081816,0.12808,0.61965,-0.77002,0
0.082902,0.12773,0.61971,-0.76991,0
0.084213,0.12707,0.61986,-0.76976,0
0.08579,0.12613,0.6201,-0.76955,0
0.087607,0.12494,0.62043,-0.76927,0
0.089637,0.12354,0.62084,-0.76894,0
0.091907,0.12192,0.62135,-0.76851,0
0.094429,0.12001,0.62198,-0.768,0
0.097158,0.11779,0.62272,-0.7674,0
0.10001,0.11529,0.62356,-0.76673,0
0.10288,0.11255,0.62449,-0.766,0
0.10571,0.10956,0.62549,-0.76524,0
0.10844,0.10633,0.62655,-0.76444,0
0.1111,0.10287,0.62767,-0.76361,0
0.11364,0.099165,0.62887,-0.76274,0
0.11597,0.095194,0.63014,-0.76185,0
0.11817,0.091121,0.63143,-0.76094,0
0.12027,0.086911,0.63275,-0.76,0
0.12233,0.082508,0.63408,-0.75906,0
0.12436,0.077946,0.63537,-0.75813,0
0.12638,0.073292,0.6366,-0.75723,0
0.12846,0.068554,0.63774,-0.75636,0
0.13066,0.063737,0.63879,-0.75552,0
0.13298,0.058882,0.63975,-0.7547,0
0.13537,0.054058,0.64061,-0.7539,0
0.13786,0.049308,0.64134,-0.75315,0
0.14048,0.044635,0.64191,-0.75248,0
0.14322,0.039988,0.64229,-0.7519,0
0.146,0.03541,0.64246,-0.75145,0
0.14873,0.031018,0.64243,-0.75113,0
0.15128,0.026934,0.64218,-0.75099,0
0.15353,0.023289,0.64174,-0.75104,0
0.1553,0.020337,0.64115,-0.75127,0
0.1565,0.018249,0.64046,-0.75165,0
0.15704,0.017206,0.63973,-0.75219,0
0.15691,0.017346,0.63899,-0.75285,0
0.15615,0.018647,0.63825,-0.75359,0
0.15489,0.020955,0.63755,-0.75439,0
0.15323,0.024127,0.63688,-0.7552,0
0.15124,0.028013,0.63629,-0.75597,0
0.14903,0.032439,0.63577,-0.75666,0
0.14671,0.037203,0.63532,-0.75727,0
0.14443,0.042112,0.63492,-0.75779,0
0.1423,0.046924,0.63458,-0.75819,0
0.14042,0.051381,0.63429,-0.7585,0
0.13884,0.055293,0.63404,-0.75872,0
0.13757,0.058502,0.63381,-0.7589,0
0.13663,0.060839,0.63357,-0.75909,0
0.13608,0.062234,0.63331,-0.7593,0
0.13592,0.062674,0.63301,-0.75954,0
0.13614,0.062191,0.63269,-0.75981,0
0.1367,0.060785,0.63236,-0.76009,0
0.13749,0.058718,0.63204,-0.76038,0
0.13845,0.056045,0.63171,-0.76068,0
0.13953,0.052829,0.63139,-0.76098,0
0.14067,0.04917,0.63104,-0.76131,0
0.14183,0.045224,0.63065,-0.76165,0
0.143,0.041102,0.63025,-0.762,0
0.14414,0.036909,0.62984,-0.76234,0
0.14526,0.032732,0.62943,-0.76266,0
0.14639,0.028616,0.62902,-0.76294,0
0.1476,0.024564,0.6286,-0.7632,0
0.14897,0.020559,0.62816,-0.76341,0
0.15059,0.016599,0.62767,-0.7636,0
0.15247,0.012703,0.62714,-0.76374,0
0.1546,0.008934,0.62658,-0.76382,0
0.15699,0.0053289,0.626,-0.76383,0
0.15968,0.0018663,0.62538,-0.7638,0
0.1628,-0.0015323,0.62471,-0.7637,0
0.16643,-0.0049887,0.62397,-0.7635,0
0.17065,-0.0086128,0.62316,-0.7632,0
0.17562,-0.012501,0.62219,-0.76281,0
0.1813,-0.016497,0.62101,-0.76237,0
0.18747,-0.020227,0.6196,-0.76193,0
0.19384,-0.02321,0.61801,-0.76154,0
0.20035,-0.025104,0.6163,-0.76119,0
0.20708,-0.025982,0.61434,-0.76094,0
0.21414,-0.026155,0.61207,-0.76081,0
0.22154,-0.0255,0.60941,-0.76085,0
0.22909,-0.023522,0.6064,-0.76108,0
0.23651,-0.019762,0.60309,-0.76155,0
0.24367,-0.014171,0.59951,-0.76224,0
0.25064,-0.0066856,0.59562,-0.76313,0
0.25762,0.002604,0.59137,-0.76414,0
0.26464,0.013497,0.58678,-0.76516,0
0.27196,0.025851,0.5817,-0.76616,0
0.2799,0.039173,0.57605,-0.767,0
0.28856,0.05307,0.56991,-0.76755,0
0.29787,0.067567,0.56331,-0.76772,0
0.3078,0.082851,0.55639,-0.76735,0
0.31853,0.098852,0.54918,-0.76627,0
0.33028,0.1151,0.54157,-0.76444,0
0.34334,0.13112,0.53341,-0.76184,0
0.35796,0.14649,0.52452,-0.75848,0
0.37417,0.16086,0.5148,-0.75439,0
0.39174,0.17417,0.50432,-0.74958,0
0.41047,0.18664,0.49331,-0.74386,0
0.42992,0.19876,0.48209,-0.73706,0
0.44952,0.21086,0.471,-0.72913,0
0.46902,0.22307,0.46016,-0.72008,0
0.48844,0.23528,0.44941,-0.71,0
0.50788,0.24714,0.43836,-0.69915,0
0.5273,0.25842,0.42668,-0.68783,0
0.54638,0.2693,0.41429,-0.67625,0
0.5647,0.28018,0.40151,-0.66438,0
0.58198,0.29136,0.38877,-0.65212,0
0.598,0.30307,0.3765,-0.63937,0
0.61258,0.31541,0.36506,-0.62609,0
0.62578,0.32826,0.3545,-0.61235,0
0.63784,0.34134,0.34456,-0.59827,0
0.64904,0.35429,0.33496,-0.58397,0
0.65964,0.36676,0.32552,-0.56957,0
0.66987,0.3786,0.31604,-0.55503,0
0.6799,0.38984,0.30644,-0.54024,0
0.68986,0.40052,0.29671,-0.52501,0
0.69981,0.41061,0.28682,-0.50931,0
0.70975,0.42016,0.2767,-0.4931,0
0.71972,0.42925,0.26625,-0.47629,0
0.72959,0.43795,0.25538,-0.459,0
0.73918,0.44639,0.24402,-0.44137,0
0.7483,0.45464,0.23215,-0.42363,0
0.75659,0.46289,0.22001,-0.40607,0
0.76396,0.47119,0.208,-0.38869,0
0.77042,0.47954,0.19653,-0.37131,0
0.77592,0.48798,0.18618,-0.35378,0
0.78049,0.49649,0.17714,-0.33608,0
0.78429,0.50477,0.16909,-0.31859,0
0.78762,0.51227,0.16153,-0.30189,0
0.79098,0.51824,0.15399,-0.28648,0
0.79476,0.52221,0.14608,-0.27261,0
0.7991,0.52391,0.13754,-0.26085,0
0.80393,0.52355,0.12815,-0.25134,0
0.80904,0.52152,0.11798,-0.24402,0
0.81405,0.51863,0.10808,-0.23803,0
0.81867,0.51552,0.099846,-0.23249,0
0.82276,0.51244,0.094105,-0.2272,0
0.82631,0.50938,0.091303,-0.22227,0
0.82942,0.50626,0.091205,-0.21783,0
0.83206,0.50313,0.093197,-0.21412,0
0.8341,0.50015,0.096275,-0.21178,0
0.83565,0.49738,0.098704,-0.21111,0
0.8369,0.49478,0.099117,-0.21205,0
0.83795,0.49233,0.096777,-0.21467,0
0.83891,0.48998,0.091605,-0.21853,0
0.83986,0.48776,0.084218,-0.22279,0
0.84078,0.48577,0.075877,-0.22664,0
0.84162,0.4842,0.067816,-0.22939,0
0.84235,0.48329,0.061247,-0.23047,0
0.84295,0.48322,0.056487,-0.22966,0
0.84344,0.48383,0.052884,-0.22742,0
0.8438,0.48491,0.049749,-0.22449,0
0.84402,0.48619,0.046549,-0.22153,0
0.84409,0.48761,0.043181,-0.21884,0
0.84399,0.48917,0.039816,-0.21634,0
0.84375,0.4909,0.036567,-0.21391,0
0.84341,0.4928,0.033424,-0.21141,0
0.84304,0.49479,0.030255,-0.20869,0
0.8427,0.4968,0.026934,-0.20573,0
0.84236,0.49885,0.023432,-0.20257,0
0.842,0.50098,0.019756,-0.19917,0
0.84164,0.50316,0.016048,-0.19551,0
0.84136,0.5053,0.012631,-0.19139,0
0.84124,0.50736,0.0098226,-0.18658,0
0.84129,0.50935,0.0078765,-0.18094,0
0.84153,0.51123,0.0068833,-0.17443,0
0.84197,0.5129,0.0068075,-0.16726,0
0.84264,0.51421,0.0076215,-0.15965,0
0.84359,0.51506,0.0093516,-0.15159,0
0.8448,0.51541,0.012155,-0.14325,0
0.84617,0.51532,0.015803,-0.13492,0
0.84766,0.51475,0.019413,-0.12701,0
0.84918,0.5138,0.022265,-0.12002,0
0.85058,0.51266,0.024162,-0.11451,0
0.85176,0.51147,0.025583,-0.11066,0
0.85278,0.51019,0.027029,-0.1084,0
0.85366,0.50883,0.028928,-0.10735,0
0.85444,0.50743,0.031694,-0.10701,0
0.85511,0.50601,0.035663,-0.10706,0
0.85564,0.5047,0.040921,-0.10716,0
0.85597,0.5036,0.047188,-0.10713,0
0.85615,0.50265,0.054145,-0.10689,0
0.8563,0.50163,0.061345,-0.10659,0
0.85651,0.50037,0.068074,-0.1067,0
0.85674,0.49899,0.073275,-0.10788,0
0.85697,0.49762,0.075795,-0.11059,0
0.85736,0.49615,0.075045,-0.11466,0
0.85793,0.49459,0.070753,-0.11967,0
0.8585,0.49325,0.06426,-0.12472,0
0.85888,0.49233,0.057492,-0.12899,0
0.85902,0.49189,0.051899,-0.13201,0
0.85886,0.49213,0.048386,-0.13352,0
0.85837,0.49307,0.047178,-0.13363,0
0.85753,0.49474,0.048055,-0.13254,0
0.8564,0.49696,0.049762,-0.13088,0
0.85511,0.49951,0.050938,-0.12918,0
0.85375,0.50215,0.050781,-0.12795,0
0.85245,0.50471,0.048799,-0.12737,0
0.85125,0.5071,0.045028,-0.12726,0
0.8502,0.50929,0.039852,-0.12728,0
0.84923,0.51138,0.034098,-0.12705,0
0.84831,0.51343,0.028551,-0.12625,0
0.8475,0.51539,0.023798,-0.12472,0
0.84688,0.51714,0.020145,-0.12232,0
0.84645,0.51867,0.017669,-0.11908,0
0.84627,0.51993,0.016258,-0.11502,0
0.84636,0.52082,0.015562,-0.11038,0
0.84667,0.52131,0.015339,-0.10561,0
0.84716,0.52139,0.015148,-0.10121,0
0.84781,0.52104,0.01444,-0.097628,0
0.84851,0.52042,0.012897,-0.095069,0
0.84907,0.51983,0.010809,-0.093444,0
0.8494,0.51949,0.0091964,-0.09252,0
0.8495,0.51942,0.008849,-0.0921,0
0.84939,0.51958,0.010036,-0.092105,0
0.84916,0.51981,0.012479,-0.092573,0
0.84893,0.51993,0.015665,-0.093554,0
0.84872,0.5199,0.019158,-0.094913,0
0.84852,0.51981,0.022767,-0.096415,0
0.84829,0.51975,0.026516,-0.097819,0
0.84805,0.51972,0.030282,-0.098953,0
0.84788,0.51962,0.033652,-0.099866,0
0.84785,0.51934,0.036059,-0.1007,0
0.84802,0.51885,0.036952,-0.10146,0
0.8484,0.51816,0.036359,-0.10198,0
0.84898,0.51731,0.034795,-0.10199,0
0.84972,0.51638,0.032878,-0.10122,0
0.85055,0.51545,0.031137,-0.099544,0
0.8514,0.51457,0.029703,-0.097218,0
0.85223,0.51372,0.028296,-0.094891,0
0.85297,0.5129,0.026648,-0.093089,0
0.8536,0.51215,0.024675,-0.091945,0
0.85409,0.51155,0.022461,-0.091375,0
0.85438,0.51117,0.020129,-0.091287,0
0.85447,0.51107,0.017887,-0.091472,0
0.85438,0.51125,0.015941,-0.091676,0
0.85413,0.51171,0.014381,-0.091737,0
0.85376,0.51237,0.013233,-0.091654,0
0.85344,0.51296,0.012405,-0.091422,0
0.85323,0.51339,0.011803,-0.091045,0
0.85305,0.5138,0.011493,-0.09046,0
0.85294,0.51412,0.011421,-0.089648,0
0.85295,0.51424,0.011149,-0.088902,0
0.85313,0.51401,0.010406,-0.088608,0
0.85358,0.51324,0.0092862,-0.088845,0
0.85421,0.5121,0.0078279,-0.089534,0
0.85485,0.51088,0.0059927,-0.090565,0
0.8554,0.50974,0.0040204,-0.091923,0
0.85585,0.50871,0.0025062,-0.093454,0
0.85608,0.50803,0.0019061,-0.095074,0
0.85596,0.50791,0.0027663,-0.096757,0
0.8555,0.50834,0.0050483,-0.09842,0
0.85475,0.50925,0.0085958,-0.099969,0
0.85385,0.51038,0.013022,-0.10139,0
0.85296,0.51147,0.017844,-0.10268,0
0.85216,0.51234,0.022428,-0.10406,0
0.85152,0.51288,0.026414,-0.10567,0
0.85109,0.51305,0.029936,-0.10741,0
0.85092,0.51278,0.033262,-0.10904,0
0.85102,0.5121,0.036653,-0.11034,0
0.85133,0.51114,0.040316,-0.11111,0
0.8518,0.51002,0.044047,-0.11126,0
0.85238,0.50884,0.047433,-0.11082,0
0.85304,0.50765,0.050194,-0.10996,0
0.85374,0.50647,0.052233,-0.10898,0
0.85442,0.50534,0.053644,-0.10826,0
0.855,0.50431,0.054548,-0.10801,0
0.85542,0.5035,0.055078,-0.10822,0
0.85561,0.503,0.055337,-0.10886,0
0.85555,0.50289,0.055605,-0.10974,0
0.85522,0.50323,0.056146,-0.11047,0
0.85467,0.50399,0.057002,-0.11081,0
0.85399,0.50505,0.058,-0.11071,0
0.85337,0.50613,0.058794,-0.11019,0
0.85297,0.50695,0.059152,-0.10928,0
0.85287,0.50741,0.059123,-0.108,0
0.85305,0.50744,0.0589,-0.10646,0
0.85356,0.50694,0.058767,-0.10481,0
0.85451,0.50567,0.058959,-0.10315,0
0.856,0.5034,0.059324,-0.10163,0
0.85801,0.50019,0.05957,-0.1004,0
0.86023,0.49655,0.059535,-0.099454,0
0.86225,0.49328,0.05919,-0.098534,0
0.86395,0.49057,0.058533,-0.09747,0
0.86553,0.48811,0.057563,-0.096395,0
0.86696,0.48588,0.056681,-0.095339,0
0.86816,0.48402,0.056419,-0.094056,0
0.86913,0.48256,0.056936,-0.092255,0
0.86988,0.48155,0.057688,-0.089974,0
0.87046,0.48094,0.058007,-0.087352,0
0.87097,0.48059,0.057573,-0.084461,0
0.87146,0.48039,0.056404,-0.081235,0
0.87197,0.48025,0.05495,-0.077471,0
0.87252,0.4801,0.053667,-0.072968,0
0.87308,0.47998,0.052788,-0.067594,0
0.87361,0.47991,0.052392,-0.061189,0
0.87405,0.47998,0.052504,-0.053939,0
0.87432,0.4802,0.053182,-0.046275,0
0.87441,0.48058,0.054234,-0.038819,0
0.87435,0.48107,0.054973,-0.03242,0
0.87422,0.48162,0.054936,-0.027597,0
0.87401,0.48224,0.054558,-0.024051,0
0.87363,0.48306,0.054485,-0.02147,0
0.8731,0.48403,0.055056,-0.019459,0
0.87243,0.48515,0.056352,-0.017738,0
0.87164,0.48642,0.058233,-0.015996,0
0.87077,0.48775,0.060484,-0.014091,0
0.86987,0.48911,0.062867,-0.012134,0
0.86895,0.49052,0.064859,-0.010275,0
0.868,0.49208,0.066053,-0.0089281,0
0.867,0.49378,0.066443,-0.0082923,0
0.86607,0.49542,0.066451,-0.0080908,0
0.86519,0.49693,0.06665,-0.0079399,0
0.86438,0.49823,0.067448,-0.0074983,0
0.86373,0.49921,0.068675,-0.0067789,0
0.86328,0.49984,0.069846,-0.006094,0
0.86306,0.50011,0.070619,-0.0057721,0
0.86309,0.50002,0.070932,-0.0060276,0
0.86341,0.49945,0.070907,-0.0072189,0
0.86407,0.4983,0.070645,-0.0094539,0
0.86511,0.49647,0.070309,-0.012644,0
0.86638,0.49417,0.070131,-0.016526,0
0.86776,0.49157,0.070129,-0.020907,0
0.86919,0.48879,0.070184,-0.025747,0
0.87068,0.48586,0.069985,-0.031031,0
0.87221,0.48282,0.069232,-0.036649,0
0.87375,0.47974,0.067817,-0.042487,0
0.87532,0.47662,0.065701,-0.048296,0
0.87689,0.47352,0.062912,-0.053766,0
0.87837,0.4706,0.059765,-0.05861,0
0.87974,0.4679,0.056835,-0.062412,0
0.88101,0.46539,0.054948,-0.064842,0
0.88214,0.46311,0.054724,-0.066107,0
0.88302,0.46115,0.056127,-0.066866,0
0.8836,0.4596,0.058706,-0.067602,0
0.88389,0.4585,0.061685,-0.068683,0
0.88393,0.45779,0.064153,-0.070542,0
0.8838,0.45739,0.065615,-0.07342,0
0.88351,0.45726,0.06613,-0.077168,0
0.88301,0.45748,0.066053,-0.081461,0
0.88222,0.45823,0.0659,-0.085846,0
0.88109,0.45959,0.066215,-0.08987,0
0.87969,0.46141,0.067342,-0.093387,0
0.87806,0.46358,0.069381,-0.096336,0
0.87629,0.46602,0.072217,-0.098621,0
0.87448,0.46853,0.075548,-0.10026,0
0.87276,0.47091,0.079134,-0.1013,0
0.87122,0.47302,0.082908,-0.10172,0
0.86994,0.4747,0.087003,-0.10148,0
0.86893,0.47587,0.091572,-0.10062,0
0.86816,0.47658,0.096401,-0.099365,0
0.86752,0.47709,0.10097,-0.097936,0
0.86702,0.47752,0.10461,-0.096472,0
0.86672,0.47782,0.10684,-0.095201,0
0.86663,0.47798,0.10752,-0.094484,0
0.8667,0.47794,0.10707,-0.094545,0
0.86687,0.47769,0.10606,-0.095348,0
0.86708,0.47728,0.1051,-0.096615,0
0.86719,0.47687,0.10485,-0.097867,0
0.86712,0.47665,0.10576,-0.098642,0
0.86678,0.47673,0.10789,-0.09892,0
0.86619,0.47715,0.11066,-0.099034,0
0.86539,0.47796,0.11298,-0.099415,0
0.86457,0.47896,0.11416,-0.1004,0
0.86381,0.47997,0.11435,-0.1019,0
0.86312,0.48092,0.11417,-0.10346,0
0.86244,0.48188,0.1144,-0.10443,0
0.86171,0.48292,0.11561,-0.10431,0
0.86091,0.48408,0.11782,-0.10311,0
0.86011,0.48523,0.12037,-0.10132,0
0.85944,0.48629,0.12255,-0.09932,0
0.85898,0.48715,0.12369,-0.097679,0
0.8588,0.48772,0.1233,-0.096874,0
0.85884,0.48811,0.12164,-0.096658,0
0.859,0.48846,0.11909,-0.09664,0
0.85921,0.48884,0.11604,-0.096639,0
0.85939,0.48931,0.11276,-0.096487,0
0.8595,0.48994,0.1096,-0.095965,0
0.85951,0.49075,0.10672,-0.094962,0
0.8594,0.49178,0.1041,-0.093524,0
0.85927,0.49289,0.10138,-0.091809,0
0.85925,0.4939,0.098208,-0.090071,0
0.85934,0.49472,0.094691,-0.088481,0
0.85955,0.49527,0.091202,-0.086983,0
0.85989,0.49548,0.08835,-0.085327,0
0.86046,0.49518,0.086556,-0.083172,0
0.86123,0.49443,0.085791,-0.080345,0
0.86216,0.49335,0.085764,-0.076989,0
0.86325,0.49196,0.085777,-0.073639,0
0.8645,0.49028,0.084985,-0.070967,0
0.86582,0.4885,0.083288,-0.069216,0
0.86703,0.4868,0.081411,-0.068246,0
0.868,0.48533,0.080107,-0.067907,0
0.86866,0.48419,0.079721,-0.068106,0
0.86896,0.48346,0.080211,-0.06879,0
0.86897,0.48312,0.081276,-0.069843,0
0.86878,0.48303,0.082698,-0.071104,0
0.86846,0.48311,0.084426,-0.072442,0
0.86806,0.48331,0.086365,-0.073685,0
0.86759,0.48364,0.088311,-0.074732,0
0.8671,0.48404,0.090158,-0.075556,0
0.86664,0.48443,0.092083,-0.076027,0
0.86622,0.48474,0.094528,-0.075895,0
0.86582,0.48492,0.097878,-0.074999,0
0.86549,0.48489,0.10205,-0.073491,0
0.86523,0.48465,0.10645,-0.071769,0
0.8651,0.48427,0.11022,-0.070264,0
0.86516,0.48374,0.11269,-0.069221,0
0.86543,0.48302,0.11397,-0.068778,0
0.86581,0.4822,0.11458,-0.06879,0
0.86615,0.48144,0.11512,-0.068879,0
0.86636,0.48089,0.11588,-0.068814,0
0.86638,0.48062,0.11702,-0.068518,0
0.86619,0.48065,0.11857,-0.068072,0
0.86577,0.481,0.12049,-0.067554,0
0.86515,0.48166,0.12264,-0.066878,0
0.86434,0.48267,0.12483,-0.066019,0
0.86337,0.48403,0.12676,-0.065053,0
0.86233,0.48567,0.12812,-0.064037,0
0.8613,0.48743,0.12887,-0.06304,0
0.8604,0.48905,0.12907,-0.062224,0
0.85974,0.4903,0.12903,-0.06177,0
0.85933,0.49095,0.12924,-0.061804,0
0.85909,0.49109,0.12998,-0.062471,0
0.85892,0.49086,0.13133,-0.063811,0
0.85885,0.49022,0.13337,-0.065462,0
0.85913,0.48871,0.13613,-0.067309,0
0.85997,0.48582,0.13965,-0.070261,0
0.86129,0.48162,0.14325,-0.075539,0
0.86288,0.47666,0.14506,-0.084745,0
0.86465,0.47144,0.14318,-0.098138,0
0.86632,0.46626,0.13769,-0.11458,0
0.86738,0.46151,0.13081,-0.13247,0
0.86729,0.45772,0.12481,-0.15074,0
0.86571,0.45534,0.12158,-0.16861,0
0.86242,0.4547,0.12181,-0.18611,0
0.8576,0.45544,0.12428,-0.20411,0
0.85136,0.45703,0.12742,-0.22377,0
0.84401,0.45879,0.12922,-0.24587,0
0.83576,0.46032,0.12861,-0.27033,0
0.82658,0.46166,0.12614,-0.29619,0
0.81634,0.46317,0.12312,-0.32233,0
0.80489,0.46544,0.12113,-0.34763,0
0.79206,0.46921,0.12125,-0.3712,0
0.77797,0.47472,0.12314,-0.39274,0
0.7628,0.48187,0.12581,-0.41244,0
0.74678,0.4902,0.12827,-0.43078,0
0.73032,0.49894,0.13004,-0.44809,0
0.71403,0.50703,0.13061,-0.46478,0
0.69843,0.51421,0.1288,-0.48082,0
0.68365,0.5211,0.12413,-0.49565,0
0.66958,0.52857,0.11698,-0.50852,0
0.65549,0.53781,0.10848,-0.51896,0
0.64008,0.55038,0.10042,-0.52659,0
0.62264,0.56702,0.094301,-0.53096,0
0.60346,0.58685,0.091121,-0.53211,0
0.58461,0.60751,0.090086,-0.53013,0
0.57067,0.62498,0.087656,-0.5254,0
0.56497,0.63585,0.08124,-0.51952,0
0.56819,0.63887,0.070704,-0.51382,0
0.57996,0.63438,0.057004,-0.50789,0
0.59862,0.6251,0.042139,-0.49912,0
0.62189,0.61459,0.028363,-0.48448,0
0.64777,0.60397,0.016769,-0.46404,0
0.67527,0.5922,0.0074659,-0.4396,0
0.70391,0.57732,-0.00057323,-0.41378,0
0.73296,0.55796,-0.0092789,-0.38906,0
0.76154,0.53403,-0.02039,-0.36667,0
0.78894,0.50613,-0.034998,-0.34668,0
0.8143,0.47528,-0.053482,-0.32889,0
0.83673,0.44289,-0.074462,-0.31335,0
0.8559,0.41003,-0.09529,-0.30039,0
0.87181,0.37787,-0.11372,-0.29022,0
0.88431,0.34806,-0.1283,-0.28353,0
0.8932,0.322,-0.13829,-0.28177,0
0.89813,0.30041,-0.14367,-0.28718,0
0.8988,0.28267,-0.14596,-0.30157,0
0.89393,0.26869,-0.14745,-0.32704,0
0.88272,0.25734,-0.14902,-0.36385,0
0.86439,0.24734,-0.147,-0.41237,0
0.8391,0.23702,-0.1353,-0.47055,0
0.80607,0.21838,-0.11048,-0.53885,0
0.76221,0.17584,-0.072656,-0.61873,0
0.71269,0.11728,-0.053889,-0.6895,0
0.67686,0.06284,-0.10262,-0.72621,0
0.64584,0.0079759,-0.14206,-0.7501,0
0.66337,0.010426,-0.15598,-0.73178,0
0.72043,0.10132,-0.091423,-0.67996,0
0.77353,0.21823,0.014283,-0.59483,0
0.81665,0.26121,0.074907,-0.50916,0
0.85105,0.25801,0.038463,-0.45571,0
0.87366,0.24379,-0.024083,-0.42036,0
0.88698,0.24033,-0.072429,-0.38763,0
0.89631,0.25437,-0.095724,-0.35037,0
0.90304,0.28099,-0.096152,-0.31035,0
0.90635,0.316,-0.084471,-0.26748,0
0.90537,0.35131,-0.074208,-0.22667,0
0.90084,0.37616,-0.075881,-0.20307,0
0.89468,0.39103,-0.096804,-0.19306,0
0.88713,0.40119,-0.12777,-0.18902,0
0.87893,0.41131,-0.15101,-0.18843,0
0.87181,0.42313,-0.15993,-0.18795,0
0.8666,0.43546,-0.15745,-0.18601,0
0.86245,0.44762,-0.14813,-0.18406,0
0.85854,0.45845,-0.13733,-0.18407,0
0.85495,0.46599,-0.12974,-0.18731,0
0.85199,0.46929,-0.12754,-0.19396,0
0.84988,0.46933,-0.12827,-0.20244,0
0.84878,0.46803,-0.12761,-0.21032,0
0.84879,0.46655,-0.12321,-0.21612,0
0.84971,0.46507,-0.11578,-0.21975,0
0.85111,0.46321,-0.10794,-0.22224,0
0.85266,0.46064,-0.10176,-0.22456,0
0.85419,0.45725,-0.098403,-0.22716,0
0.85561,0.45341,-0.097659,-0.22979,0
0.85692,0.44989,-0.09803,-0.23167,0
0.85811,0.44725,-0.098265,-0.23227,0
0.85919,0.44563,-0.097905,-0.23157,0
0.86015,0.44497,-0.096685,-0.22975,0
0.861,0.44522,-0.094394,-0.22704,0
0.86165,0.44624,-0.091246,-0.22381,0
0.8621,0.44775,-0.087957,-0.2204,0
0.86235,0.44938,-0.085124,-0.21716,0
0.86249,0.45095,-0.082808,-0.21425,0
0.86256,0.45244,-0.08064,-0.21162,0
0.86266,0.45373,-0.07839,-0.20927,0
0.8628,0.45474,-0.076053,-0.2074,0
0.86296,0.45532,-0.073766,-0.20626,0
0.86316,0.45545,-0.071717,-0.20588,0
0.86341,0.45514,-0.069924,-0.20609,0
0.86375,0.45447,-0.068334,-0.20669,0
0.86416,0.45359,-0.066682,-0.20745,0
0.86461,0.45276,-0.064422,-0.20811,0
0.8651,0.45208,-0.06142,-0.20846,0
0.86554,0.45162,-0.058061,-0.2086,0
0.86586,0.45129,-0.0548,-0.20886,0
0.86602,0.45106,-0.051872,-0.20944,0
0.86599,0.45093,-0.049467,-0.21043,0
0.86567,0.45104,-0.047634,-0.21191,0
0.86504,0.45142,-0.046276,-0.21398,0
0.86413,0.45206,-0.045074,-0.21654,0
0.86286,0.45326,-0.043411,-0.21943,0
0.86125,0.45517,-0.040677,-0.22228,0
0.85933,0.45781,-0.036344,-0.22504,0
0.85707,0.46111,-0.030469,-0.22777,0
0.85453,0.46478,-0.023593,-0.23065,0
0.85175,0.46848,-0.016705,-0.23404,0
0.84879,0.47197,-0.010315,-0.23811,0
0.84581,0.47512,-0.0041747,-0.24257,0
0.84276,0.47803,0.0022242,-0.24747,0
0.83968,0.4806,0.0093023,-0.25273,0
0.8368,0.48218,0.017195,-0.25878,0
0.83416,0.48238,0.025434,-0.26616,0
0.83171,0.48115,0.033469,-0.27503,0
0.82935,0.47841,0.041056,-0.28569,0
0.82684,0.47443,0.048316,-0.29817,0
0.82395,0.46948,0.055435,-0.31244,0
0.82052,0.46377,0.062983,-0.32816,0
0.81636,0.45744,0.072098,-0.34511,0
0.81125,0.45069,0.084055,-0.36288,0
0.80492,0.44385,0.099752,-0.38098,0
0.79716,0.43726,0.11912,-0.39894,0
0.78769,0.43107,0.14182,-0.41668,0
0.77628,0.42528,0.1671,-0.43429,0
0.76281,0.41995,0.1941,-0.45176,0
0.74742,0.41501,0.2219,-0.46892,0
0.73041,0.41018,0.24964,-0.48573,0
0.71233,0.40479,0.27631,-0.50238,0
0.69391,0.39794,0.30097,-0.51918,0
0.67577,0.38898,0.32324,-0.53623,0
0.6583,0.37754,0.34314,-0.55349,0
0.64151,0.36369,0.36116,-0.57075,0
0.62537,0.34772,0.37767,-0.58768,0
0.60996,0.33006,0.3928,-0.60393,0
0.59546,0.31105,0.40648,-0.61924,0
0.5819,0.2909,0.41871,-0.63361,0
0.56923,0.26977,0.42956,-0.64705,0
0.55737,0.24789,0.4392,-0.65953,0
0.54613,0.22549,0.44787,-0.67106,0
0.53522,0.20277,0.45574,-0.68171,0
0.52458,0.17981,0.46288,-0.69154,0
0.51438,0.15666,0.46929,-0.70045,0
0.50472,0.1333,0.47498,-0.70844,0
0.49559,0.1097,0.47999,-0.71552,0
0.48696,0.085815,0.48441,-0.7217,0
0.47879,0.061447,0.48842,-0.72693,0
0.47074,0.036347,0.49227,-0.73126,0
0.46207,0.010326,0.4964,-0.73483,0
0.45236,-0.016973,0.5005,-0.73796,0
0.4415,-0.047146,0.50335,-0.74128,0
0.42976,-0.083063,0.50462,-0.74415,0
0.41828,-0.1257,0.50622,-0.74363,0
0.40685,-0.16921,0.50824,-0.73995,0
0.39389,-0.20808,0.50913,-0.73644,0
0.37929,-0.24242,0.50975,-0.73316,0
0.36352,-0.2734,0.51097,-0.72939,0
0.34732,-0.30092,0.51338,-0.72474,0
0.3327,-0.32274,0.5174,-0.71934,0
0.32084,-0.33496,0.52446,-0.714,0
0.31158,-0.33755,0.53416,-0.70968,0
0.30264,-0.33318,0.54524,-0.70719,0
0.29227,-0.32374,0.55716,-0.70664,0
0.27981,-0.30899,0.56994,-0.70809,0
0.26511,-0.28964,0.58337,-0.71099,0
0.24808,-0.26586,0.59694,-0.71515,0
0.22883,-0.23793,0.61013,-0.72025,0
0.20686,-0.20585,0.62262,-0.72608,0
0.18216,-0.17019,0.63394,-0.7321,0
0.15489,-0.13176,0.64371,-0.73776,0
0.12594,-0.092082,0.65143,-0.74249,0
0.096406,-0.052809,0.65698,-0.74585,0
0.067547,-0.015369,0.66066,-0.74748,0
0.0407,0.018869,0.66272,-0.74752,0
0.016818,0.048723,0.6635,-0.7464,0
0.0033833,-0.073118,-0.6634,0.74468,0
0.02007,-0.091966,-0.66277,0.74288,0
0.03388,-0.10474,-0.66155,0.74177,0
0.045513,-0.1109,-0.65973,0.74188,0
0.054805,-0.11086,-0.65803,0.74277,0
0.061933,-0.10577,-0.65665,0.74417,0
0.067702,-0.095629,-0.65485,0.74662,0
0.073013,-0.08235,-0.65221,0.75001,0
0.078813,-0.069892,-0.64914,0.75334,0
0.087632,-0.062459,-0.64617,0.75557,0
0.10145,-0.063583,-0.64253,0.75685,0
0.11899,-0.074197,-0.63745,0.75762,0
0.13865,-0.093495,-0.63098,0.75756,0
0.15847,-0.11752,-0.62362,0.75642,0
0.17606,-0.14149,-0.61606,0.75463,0
0.18953,-0.16275,-0.60883,0.75294,0
0.19878,-0.18071,-0.6022,0.75179,0
0.20553,-0.19658,-0.59617,0.7508,0
0.21137,-0.21218,-0.59054,0.74938,0
0.21637,-0.22775,-0.58531,0.74748,0
0.21964,-0.24199,-0.5809,0.74549,0
0.22008,-0.25308,-0.57791,0.744,0
0.21707,-0.26033,-0.57669,0.74333,0
0.21084,-0.26456,-0.57693,0.74344,0
0.20193,-0.26705,-0.57802,0.74418,0
0.19088,-0.26856,-0.57959,0.74533,0
0.17805,-0.26883,-0.58149,0.74692,0
0.1631,-0.26736,-0.58368,0.74916,0
0.14617,-0.26406,-0.58606,0.75196,0
0.12767,-0.25877,-0.58864,0.75514,0
0.10814,-0.25171,-0.59128,0.7585,0
0.088215,-0.24361,-0.59374,0.76181,0
0.068345,-0.23509,-0.5958,0.76491,0
0.048674,-0.22649,-0.59743,0.76773,0
0.029275,-0.21777,-0.59867,0.77027,0
0.010299,-0.2087,-0.5995,0.77261,0
0.0080813,0.19933,0.59991,-0.7748,0
0.02557,0.19009,0.59981,-0.77682,0
0.041657,0.18164,0.59921,-0.7786,0
0.055898,0.17442,0.59825,-0.78009,0
0.068124,0.16863,0.59705,-0.78131,0
0.078418,0.16436,0.5957,-0.78229,0
0.086569,0.16197,0.59429,-0.783,0
0.092489,0.16157,0.59296,-0.78341,0
0.096093,0.16331,0.59181,-0.78349,0
0.097828,0.16684,0.59082,-0.78328,0
0.098061,0.17175,0.58999,-0.78281,0
0.097173,0.17759,0.58932,-0.78213,0
0.095416,0.1841,0.58881,-0.78123,0
0.093099,0.19085,0.58839,-0.7802,0
0.09055,0.19745,0.58802,-0.77914,0
0.088067,0.20364,0.58767,-0.77809,0
0.085993,0.20908,0.58738,-0.77709,0
0.084659,0.21356,0.58717,-0.77618,0
0.08418,0.21683,0.58704,-0.77542,0
0.084485,0.21894,0.58697,-0.77485,0
0.085585,0.21979,0.58697,-0.77449,0
0.087328,0.21931,0.58704,-0.77438,0
0.089577,0.21768,0.58715,-0.7745,0
0.092097,0.21523,0.58731,-0.77477,0
0.094688,0.21219,0.58749,-0.77516,0
0.097139,0.20886,0.58772,-0.77558,0
0.099244,0.2055,0.58804,-0.77597,0
0.10089,0.20233,0.58845,-0.77628,0
0.10206,0.19943,0.58896,-0.77649,0
0.1027,0.19691,0.58956,-0.77659,0
0.10279,0.19481,0.59024,-0.77659,0
0.10235,0.19311,0.59099,-0.77651,0
0.10148,0.19166,0.5918,-0.77637,0
0.10025,0.19035,0.59267,-0.77618,0
0.098747,0.18909,0.5936,-0.77597,0
0.097031,0.18778,0.59457,-0.77576,0
0.095151,0.18636,0.59558,-0.77557,0
0.093166,0.18479,0.59663,-0.77538,0
0.091134,0.18299,0.59775,-0.77518,0
0.089089,0.18089,0.59894,-0.77499,0
0.087055,0.17849,0.60019,-0.77481,0
0.084976,0.1758,0.60149,-0.77465,0
0.082803,0.17287,0.60285,-0.77449,0
0.080547,0.1698,0.60425,-0.77432,0
0.078235,0.1666,0.60568,-0.77413,0
0.075893,0.16334,0.60711,-0.77393,0
0.073514,0.16007,0.60854,-0.77373,0
0.071075,0.15684,0.60994,-0.77351,0
0.068574,0.15369,0.61132,-0.77328,0
0.066044,0.15064,0.61266,-0.77304,0
0.063521,0.14766,0.61394,-0.77281,0
0.061021,0.14478,0.61517,-0.77258,0
0.058535,0.14207,0.61634,-0.77234,0
0.056054,0.13958,0.61745,-0.7721,0
0.053587,0.13736,0.61851,-0.77182,0
0.051165,0.13538,0.61952,-0.77152,0
0.048853,0.13362,0.62047,-0.77121,0
0.046698,0.13205,0.62137,-0.7709,0
0.044722,0.13062,0.62222,-0.77057,0
0.04293,0.12931,0.62302,-0.77025,0
0.041363,0.12815,0.62376,-0.76993,0
0.040063,0.12711,0.62443,-0.76963,0
0.039082,0.12615,0.62502,-0.76936,0
0.038413,0.12523,0.62553,-0.76913,0
0.03801,0.12437,0.62594,-0.76895,0
0.037792,0.12358,0.62627,-0.76882,0
0.037719,0.12294,0.62651,-0.76873,0
0.037762,0.12249,0.62666,-0.76868,0
0.037894,0.12224,0.62673,-0.76865,0
0.038101,0.12215,0.62675,-0.76865,0
0.038352,0.12228,0.62671,-0.76865,0
0.038611,0.12265,0.62662,-0.76865,0
0.038885,0.12327,0.62648,-0.76865,0
0.039141,0.1241,0.62629,-0.76865,0
0.039389,0.12509,0.62605,-0.76867,2
0.039695,0.12619,0.62576,-0.76871,0
0.040112,0.12734,0.62542,-0.76878,0
0.04071,0.1285,0.62504,-0.76886,0
0.041515,0.12966,0.62465,-0.76895,0
0.042527,0.1308,0.62424,-0.76903,0
0.043763,0.13189,0.62382,-0.76912,0
0.04515,0.13293,0.62336,-0.76923,0
0.046592,0.134,0.62285,-0.76937,0
0.048071,0.13515,0.62231,-0.76952,0
0.049589,0.13641,0.62172,-0.76967,0
0.051177,0.13783,0.62108,-0.76983,0
0.05281,0.13941,0.62039,-0.76999,0
0.054448,0.14114,0.61966,-0.77015,0
0.05608,0.14305,0.61888,-0.77031,0
0.057709,0.14512,0.61804,-0.77048,0
0.059315,0.14728,0.61716,-0.77065,0
0.060906,0.14953,0.61623,-0.77084,0
0.062505,0.15185,0.61525,-0.77104,0
0.064119,0.15422,0.61423,-0.77125,0
0.065728,0.15662,0.61318,-0.77147,0
0.067307,0.15906,0.61209,-0.77169,0
0.068843,0.16156,0.61096,-0.77194,0
0.070334,0.1641,0.60979,-0.7722,0
0.071755,0.16667,0.6086,-0.77245,0
0.073074,0.16932,0.6074,-0.7727,0
0.074275,0.17207,0.6062,-0.77291,0
0.07533,0.17494,0.60501,-0.7731,0
0.076214,0.17792,0.60383,-0.77325,0
0.076941,0.181,0.60268,-0.77337,0
0.077516,0.18412,0.60156,-0.77344,0
0.077908,0.18722,0.60048,-0.7735,0
0.078099,0.19028,0.59946,-0.77353,0
0.078095,0.19321,0.59851,-0.77354,0
0.0779,0.19596,0.59762,-0.77355,0
0.077508,0.19846,0.59681,-0.77358,0
0.076916,0.20067,0.5961,-0.77361,0
0.07611,0.20261,0.59548,-0.77366,0
0.075064,0.20429,0.59497,-0.77372,0
0.073747,0.20568,0.59457,-0.77378,0
0.072102,0.2068,0.59428,-0.77387,0
0.070104,0.20772,0.59407,-0.77396,0
0.067743,0.20847,0.59396,-0.77406,0
0.065073,0.20905,0.59393,-0.77415,0
0.06212,0.20946,0.59396,-0.77426,0
0.058902,0.20969,0.59405,-0.77438,0
0.055443,0.20975,0.59421,-0.7745,0
0.051753,0.20969,0.59444,-0.77459,0
0.047853,0.20958,0.5947,-0.77467,0
0.043741,0.20945,0.59498,-0.77473,0
0.039409,0.20939,0.59524,-0.77478,0
0.034847,0.20936,0.59551,-0.77481,0
0.030098,0.2093,0.59579,-0.7748,0
0.025196,0.20925,0.59609,-0.77476,0
0.020152,0.20922,0.59641,-0.77467,0
0.014945,0.20928,0.59676,-0.77451,0
0.0096028,0.20948,0.59713,-0.77425,0
0.0041332,0.20984,0.59754,-0.77388,0
0.0014536,-0.21032,-0.59797,0.77343,0
0.0071075,-0.21086,-0.59843,0.7729,0
0.012831,-0.2114,-0.59889,0.77232,0
0.018588,-0.21192,-0.59931,0.77174,0
0.024341,-0.21235,-0.59972,0.77114,0
0.029988,-0.21268,-0.60015,0.77051,0
0.035438,-0.21287,-0.60065,0.76984,0
0.040721,-0.21291,-0.60121,0.76912,0
0.045845,-0.21287,-0.60182,0.76837,0
0.050834,-0.2128,-0.60243,0.7676,0
0.055674,-0.21269,-0.60303,0.76682,0
0.06029,-0.2124,-0.60364,0.76607,0
0.064592,-0.21185,-0.60425,0.7654,0
0.06855,-0.21102,-0.60484,0.76482,0
0.072251,-0.20996,-0.60537,0.76434,0
0.07572,-0.20883,-0.60582,0.76396,0
0.079026,-0.20773,-0.60616,0.76366,0
0.082191,-0.20674,-0.60638,0.76342,0
0.085156,-0.20595,-0.60647,0.76323,0
0.087937,-0.20541,-0.60643,0.76309,0
0.09059,-0.20518,-0.60623,0.76301,0
0.093159,-0.20526,-0.60587,0.76297,0
0.095708,-0.20562,-0.60532,0.76299,0
0.09826,-0.20635,-0.60456,0.76307,0
0.10086,-0.20755,-0.60359,0.76318,0
0.1035,-0.20927,-0.60241,0.76328,0
0.10612,-0.21154,-0.60108,0.76335,0
0.10872,-0.21438,-0.59957,0.76337,0
0.11127,-0.21784,-0.59788,0.76335,0
0.11372,-0.22187,-0.59604,0.76327,0
0.11604,-0.22644,-0.59404,0.76313,0
0.11815,-0.2315,-0.59191,0.76295,0
0.11999,-0.23689,-0.58967,0.76275,0
0.12148,-0.24246,-0.58737,0.76253,0
0.12257,-0.24804,-0.58508,0.76232,0
0.12321,-0.25348,-0.58281,0.76217,0
0.12339,-0.25869,-0.58062,0.76206,0
0.12314,-0.26362,-0.57852,0.76201,0
0.12245,-0.26827,-0.57651,0.76202,0
0.12143,-0.2726,-0.5746,0.76209,0
0.12011,-0.27656,-0.57279,0.76224,0
0.1185,-0.28009,-0.57111,0.76246,0
0.1167,-0.28318,-0.5696,0.76273,0
0.11478,-0.28589,-0.5682,0.76304,0
0.11287,-0.28829,-0.56691,0.76339,0
0.11104,-0.29036,-0.56573,0.76375,0
0.10938,-0.29212,-0.56462,0.76414,0
0.10792,-0.29366,-0.56357,0.76453,0
0.10672,-0.29505,-0.56258,0.76489,0
0.10582,-0.29631,-0.56168,0.76519,0
0.10523,-0.29752,-0.56085,0.76541,0
0.105,-0.29875,-0.56009,0.76552,0
0.1051,-0.30003,-0.55942,0.7655,0
0.10554,-0.30136,-0.5588,0.76537,0
0.10633,-0.30281,-0.55818,0.76514,0
0.10747,-0.3043,-0.5576,0.76481,0
0.10882,-0.30573,-0.55707,0.76444,0
0.11026,-0.30701,-0.55659,0.76407,0
0.11177,-0.30811,-0.55616,0.76371,0
0.11336,-0.30906,-0.5558,0.76336,0
0.11502,-0.30991,-0.5555,0.76298,0
0.11674,-0.31074,-0.55523,0.76259,0
0.11853,-0.31154,-0.55494,0.76219,0
0.12037,-0.31232,-0.55469,0.76176,0
0.1222,-0.3131,-0.55445,0.76133,0
0.124,-0.3139,-0.55419,0.76089,0
0.12579,-0.31483,-0.55391,0.76043,0
0.1276,-0.31596,-0.55352,0.75994,0
0.1294,-0.31732,-0.55301,0.75944,0
0.13122,-0.31889,-0.55237,0.75893,0
0.13302,-0.32055,-0.55161,0.75847,0
0.13475,-0.32218,-0.55075,0.7581,0
0.13637,-0.32363,-0.54981,0.75788,0
0.13785,-0.32482,-0.54874,0.75787,0
0.1393,-0.32583,-0.54753,0.75805,0
0.14079,-0.32679,-0.54617,0.75834,0
0.14239,-0.32782,-0.54466,0.75868,0
0.14422,-0.32905,-0.543,0.759,0
0.1465,-0.33052,-0.54118,0.75922,0
0.14933,-0.33213,-0.53925,0.75935,0
0.15273,-0.3338,-0.53726,0.75934,0
0.1567,-0.33563,-0.53526,0.75914,0
0.16135,-0.33778,-0.53321,0.75865,0
0.16678,-0.34042,-0.53104,0.75782,0
0.17301,-0.34374,-0.5287,0.75657,0
0.17995,-0.34784,-0.52616,0.75484,0
0.18728,-0.35261,-0.52343,0.75273,0
0.19458,-0.35768,-0.52059,0.75046,0
0.2015,-0.36268,-0.51773,0.74821,0
0.2078,-0.36724,-0.51501,0.74614,0
0.21338,-0.37095,-0.51259,0.7444,0
0.21815,-0.3735,-0.5106,0.7431,0
0.22207,-0.37479,-0.50904,0.74236,0
0.22519,-0.3749,-0.5078,0.74221,0
0.22758,-0.37396,-0.50682,0.74262,0
0.22939,-0.37217,-0.50598,0.74354,0
0.23086,-0.36994,-0.50508,0.7448,0
0.23223,-0.36773,-0.50396,0.74623,0
0.2337,-0.36591,-0.5025,0.74765,0
0.23549,-0.3648,-0.50062,0.7489,0
0.23782,-0.36467,-0.49822,0.74983,0
0.2408,-0.36567,-0.49526,0.75034,0
0.24446,-0.36781,-0.4918,0.75039,0
0.24877,-0.371,-0.48786,0.74998,0
0.25355,-0.37495,-0.48358,0.74919,0
0.25862,-0.3793,-0.47915,0.74811,0
0.26385,-0.38379,-0.47472,0.74681,0
0.26917,-0.38829,-0.47034,0.74536,0
0.27448,-0.39272,-0.46603,0.74381,0
0.27969,-0.39691,-0.46189,0.74222,0
0.28473,-0.40072,-0.45798,0.74068,0
0.28952,-0.40412,-0.45433,0.73922,0
0.29409,-0.40709,-0.45096,0.73785,0
0.29846,-0.40967,-0.44787,0.73655,0
0.30271,-0.41193,-0.445,0.73529,0
0.30691,-0.41398,-0.44232,0.73402,0
0.31112,-0.41588,-0.43982,0.73267,0
0.31542,-0.41772,-0.43746,0.73119,0
0.31986,-0.4196,-0.43518,0.72955,0
0.32448,-0.42156,-0.43291,0.72773,0
0.32934,-0.4237,-0.43063,0.72566,0
