0.2242,-0.33792,-0.61536,0.67593,0
0.22327,-0.33854,-0.61562,0.67568,0
0.2229,-0.33889,-0.61559,0.67566,0
0.22294,-0.33918,-0.61537,0.6757,0
0.22315,-0.33949,-0.61514,0.67569,0
0.22346,-0.33981,-0.61486,0.67568,0
0.22374,-0.34,-0.6145,0.67582,0
0.22373,-0.3399,-0.61429,0.67607,0
0.22346,-0.33957,-0.61431,0.6763,0
0.22312,-0.33918,-0.61442,0.67651,0
0.22284,-0.33884,-0.61452,0.67668,0
0.22267,-0.33871,-0.61456,0.67676,0
0.22281,-0.33891,-0.6144,0.67676,0
0.22323,-0.33928,-0.61405,0.67676,0
0.22359,-0.33958,-0.61373,0.67678,0
0.22375,-0.33963,-0.61354,0.67687,0
0.22372,-0.33949,-0.61348,0.677,0
0.22352,-0.33927,-0.61364,0.67704,0
0.2232,-0.33895,-0.61396,0.67702,0
0.22284,-0.33858,-0.6143,0.67701,0
0.22265,-0.33831,-0.61454,0.67699,0
0.22274,-0.3383,-0.61459,0.67692,0
0.223,-0.33841,-0.61441,0.67694,0
0.22328,-0.33847,-0.6141,0.6771,0
0.2235,-0.33847,-0.6138,0.6773,0
0.22353,-0.33843,-0.6138,0.67731,0
0.22343,-0.33832,-0.61404,0.67718,0
0.2232,-0.33803,-0.61441,0.67707,0
0.22287,-0.33758,-0.61481,0.67704,0
0.22265,-0.33716,-0.61512,0.67703,0
0.2227,-0.33689,-0.61522,0.67706,0
0.22298,-0.33673,-0.6151,0.67716,0
0.22331,-0.3366,-0.61491,0.67729,0
0.22359,-0.33654,-0.61481,0.67732,0
0.22387,-0.33652,-0.61477,0.67727,0
0.22403,-0.33632,-0.61479,0.6773,0
0.22389,-0.3358,-0.61501,0.6774,0
0.22356,-0.33516,-0.61534,0.67753,0
0.22326,-0.33456,-0.61565,0.67765,0
0.22313,-0.33407,-0.6158,0.67779,0
0.22315,-0.33376,-0.61578,0.67796,0
0.22326,-0.33365,-0.61567,0.67807,0
0.2235,-0.33373,-0.61549,0.67812,0
0.22383,-0.33379,-0.61527,0.67818,0
0.22394,-0.33364,-0.61516,0.67832,0
0.22375,-0.33326,-0.61522,0.67851,0
0.22344,-0.33289,-0.6154,0.67863,0
0.22322,-0.33263,-0.61557,0.67868,0
0.22315,-0.33256,-0.6156,0.67871,0
0.22322,-0.3327,-0.61544,0.67876,0
0.22343,-0.33297,-0.61517,0.67881,0
0.22383,-0.33334,-0.61481,0.67882,0
0.22432,-0.33361,-0.61446,0.67883,0
0.22457,-0.3336,-0.61431,0.6789,0
0.22449,-0.33327,-0.61437,0.67903,0
0.22418,-0.33281,-0.61462,0.67914,0
0.22386,-0.3324,-0.61492,0.67917,0
0.22368,-0.33204,-0.61513,0.67922,0
0.22366,-0.3318,-0.61518,0.67929,0
0.2238,-0.3317,-0.6151,0.67936,0
0.22411,-0.33179,-0.61495,0.67936,0
0.22454,-0.33197,-0.61472,0.67934,0
0.22493,-0.33208,-0.6145,0.67935,0
0.22513,-0.33204,-0.61442,0.67938,0
0.22507,-0.33183,-0.6145,0.67943,0
0.2249,-0.3316,-0.61466,0.67945,0
0.22482,-0.33148,-0.6148,0.67941,0
0.22486,-0.33141,-0.61487,0.67937,0
0.2249,-0.33127,-0.61493,0.67937,0
0.22493,-0.33113,-0.61498,0.67938,0
0.22503,-0.33102,-0.61499,0.67939,0
0.22516,-0.33093,-0.61497,0.67941,0
0.2253,-0.33088,-0.61491,0.67944,0
0.22547,-0.33098,-0.61479,0.67944,0
0.22571,-0.33128,-0.6146,0.67939,0
0.22588,-0.33146,-0.6144,0.67943,0
0.22577,-0.33132,-0.61433,0.6796,0
0.22552,-0.33105,-0.61438,0.67977,0
0.22534,-0.33087,-0.61446,0.67985,0
0.22531,-0.33079,-0.61447,0.67989,0
0.2254,-0.33077,-0.61437,0.67995,0
0.22558,-0.33094,-0.61419,0.67998,0
0.22577,-0.33121,-0.61399,0.67997,0
0.2258,-0.33129,-0.61389,0.68,0
0.22559,-0.33109,-0.61397,0.68009,0
0.22531,-0.33075,-0.61416,0.68018,0
0.22508,-0.33044,-0.61433,0.68026,0
0.22498,-0.33022,-0.61438,0.68034,0
0.225,-0.33011,-0.61433,0.68045,0
0.22511,-0.33008,-0.6142,0.68054,0
0.22527,-0.33014,-0.61404,0.6806,0
0.22541,-0.33025,-0.61391,0.68062,0
0.22544,-0.33032,-0.61387,0.68061,0
0.22538,-0.3303,-0.61391,0.6806,0
0.2253,-0.33018,-0.61398,0.68063,0
0.22526,-0.32998,-0.61406,0.68066,0
0.22522,-0.3297,-0.61418,0.68071,0
0.22514,-0.32942,-0.61426,0.68079,0
0.22512,-0.32927,-0.61427,0.68086,0
0.22519,-0.32923,-0.6142,0.68092,0
0.22528,-0.32918,-0.61408,0.68102,0
0.22533,-0.32916,-0.61401,0.68107,0
0.22537,-0.32926,-0.61404,0.681,0
0.2254,-0.32939,-0.61409,0.68087,0
0.22545,-0.32945,-0.61415,0.68077,0
0.22546,-0.32942,-0.6142,0.68074,0
0.22544,-0.32936,-0.61417,0.68081,0
0.22546,-0.32929,-0.61409,0.6809,0
0.22552,-0.32921,-0.61405,0.68096,0
0.2255,-0.32902,-0.6141,0.68101,0
0.22534,-0.32872,-0.61426,0.68106,0
0.22511,-0.32843,-0.6145,0.68106,0
0.22498,-0.32816,-0.61473,0.68103,0
0.22495,-0.32796,-0.61489,0.68099,0
0.22497,-0.32781,-0.61494,0.68101,0
0.22506,-0.32776,-0.61484,0.6811,0
0.22523,-0.32782,-0.61465,0.68118,0
0.22543,-0.32794,-0.61447,0.68121,0
0.22567,-0.32807,-0.61429,0.68124,0
0.22586,-0.3281,-0.61417,0.68127,0
0.22593,-0.32805,-0.61417,0.68127,0
0.22588,-0.3279,-0.61426,0.68128,0
0.22573,-0.32766,-0.61435,0.68137,0
0.22552,-0.32738,-0.61444,0.68149,0
0.22539,-0.32714,-0.61449,0.68161,0
0.22539,-0.32699,-0.61448,0.68168,0
0.22551,-0.32696,-0.61444,0.68169,0
0.22586,-0.32709,-0.61427,0.68167,0
0.22625,-0.32724,-0.614,0.68171,0
0.22652,-0.32738,-0.61375,0.68178,0
0.22663,-0.32756,-0.61353,0.68185,0
0.22658,-0.32761,-0.6134,0.68196,0
0.22642,-0.3274,-0.61336,0.68215,0
0.22633,-0.32715,-0.61339,0.68228,0
0.22635,-0.32701,-0.61348,0.68226,0
0.22645,-0.32685,-0.61351,0.68227,0
0.22658,-0.32669,-0.61346,0.68235,0
0.22676,-0.3266,-0.61335,0.68243,0
0.22695,-0.32663,-0.61321,0.68248,0
0.22705,-0.32675,-0.61314,0.68245,0
0.22701,-0.32676,-0.61317,0.68243,0
0.22687,-0.32664,-0.61326,0.68246,0
0.22673,-0.32649,-0.61337,0.68247,0
0.22671,-0.32641,-0.61339,0.6825,0
0.22686,-0.32643,-0.61325,0.68257,0
0.22711,-0.32653,-0.613,0.68267,0
0.22736,-0.32665,-0.61277,0.68273,0
0.22754,-0.32673,-0.61271,0.68269,0
0.22766,-0.32668,-0.61268,0.68269,0
0.22754,-0.3264,-0.61281,0.68275,0
0.22716,-0.32595,-0.61314,0.68281,0
0.22675,-0.32552,-0.6135,0.68282,0
0.22652,-0.32541,-0.61374,0.68273,0
0.22662,-0.32582,-0.61374,0.6825,0
0.22701,-0.32655,-0.61341,0.68232,0
0.22738,-0.32729,-0.61297,0.68224,0
0.22768,-0.32799,-0.61251,0.68221,0
0.22802,-0.32866,-0.61204,0.6822,0
0.22834,-0.32928,-0.61169,0.68211,0
0.22865,-0.32978,-0.61145,0.68198,0
0.22886,-0.33018,-0.61128,0.68187,0
0.22899,-0.33055,-0.61118,0.68173,0
0.22902,-0.33077,-0.61111,0.68168,0
0.22889,-0.33078,-0.61105,0.68177,0
0.2287,-0.3307,-0.61101,0.68191,0
0.22853,-0.33057,-0.61099,0.68205,0
0.22843,-0.33053,-0.61104,0.68206,0
0.22844,-0.33062,-0.61109,0.68197,0
0.22854,-0.33073,-0.61106,0.68191,0
0.22854,-0.33068,-0.61106,0.68192,0
0.2284,-0.33048,-0.61116,0.68199,0
0.22824,-0.33023,-0.61124,0.68208,0
0.22819,-0.33012,-0.61129,0.68212,0
0.22823,-0.33013,-0.6113,0.68208,0
0.22827,-0.33009,-0.61131,0.68208,0
0.22831,-0.32994,-0.61139,0.68207,0
0.22832,-0.32966,-0.6115,0.6821,0
0.22826,-0.32928,-0.61164,0.68218,0
0.22817,-0.32892,-0.61181,0.68223,0
0.2281,-0.32865,-0.61203,0.68219,0
0.22793,-0.32834,-0.61229,0.68215,0
0.22763,-0.32789,-0.61258,0.68222,0
0.22737,-0.32748,-0.61279,0.68231,0
0.22724,-0.32722,-0.61296,0.68233,0
0.22722,-0.32708,-0.61306,0.68231,0
0.22724,-0.32702,-0.61311,0.68229,0
0.22727,-0.327,-0.6131,0.68229,0
0.22727,-0.32698,-0.61307,0.68233,0
0.22725,-0.32694,-0.613,0.68242,0
0.22725,-0.32693,-0.61285,0.68256,0
0.22725,-0.32694,-0.61272,0.68268,0
0.2272,-0.32696,-0.6127,0.6827,0
0.22712,-0.32698,-0.61276,0.68266,0
0.22706,-0.32698,-0.61279,0.68265,0
0.22704,-0.32698,-0.61275,0.68269,0
0.22706,-0.32698,-0.61264,0.68279,0
0.22713,-0.32699,-0.61246,0.68292,0
0.22721,-0.32699,-0.61226,0.68307,0
0.22724,-0.32701,-0.61221,0.6831,0
0.22719,-0.32696,-0.61235,0.68302,0
0.22705,-0.32676,-0.61258,0.68295,0
0.22685,-0.32646,-0.61284,0.68292,0
0.22665,-0.32615,-0.61307,0.68294,0
0.22652,-0.32595,-0.61318,0.68298,0
0.22653,-0.32587,-0.61315,0.68304,0
0.22665,-0.3259,-0.61307,0.68306,0
0.22679,-0.32605,-0.61306,0.68294,0
0.22689,-0.32617,-0.61307,0.68284,0
0.22685,-0.32611,-0.61311,0.68285,0
0.22664,-0.32589,-0.61324,0.68291,0
0.22634,-0.32556,-0.61343,0.683,0
0.22614,-0.32524,-0.61355,0.68311,0
0.22612,-0.32499,-0.61356,0.68323,0
0.22623,-0.32488,-0.6135,0.6833,0
0.22637,-0.32492,-0.61342,0.68329,0
0.22648,-0.32509,-0.61335,0.68324,0
0.22658,-0.32526,-0.61326,0.68321,0
0.22663,-0.32531,-0.61316,0.68326,0
0.22654,-0.32524,-0.61314,0.68334,0
0.22642,-0.32521,-0.61319,0.68335,0
0.22638,-0.3253,-0.61326,0.68327,0
0.2264,-0.32553,-0.6133,0.68311,0
0.22646,-0.32581,-0.61326,0.68299,0
0.22655,-0.32604,-0.61308,0.68301,0
0.22669,-0.32623,-0.61277,0.68316,0
0.22693,-0.32637,-0.61242,0.68332,0
0.22721,-0.32652,-0.61212,0.68343,0
0.22745,-0.32672,-0.61193,0.68342,0
0.2275,-0.32688,-0.61192,0.68333,0
0.22729,-0.32686,-0.6121,0.68325,0
0.22698,-0.32665,-0.61237,0.68321,0
0.22676,-0.32643,-0.6126,0.68319,0
0.22664,-0.32632,-0.61267,0.68322,0
0.22663,-0.32639,-0.61253,0.68331,0
0.22676,-0.32666,-0.61227,0.68337,0
0.22702,-0.327,-0.61197,0.6834,0
0.22726,-0.32724,-0.61172,0.68342,0
0.22733,-0.32738,-0.61165,0.6834,0
0.22719,-0.3274,-0.61175,0.68334,0
0.22688,-0.32731,-0.61197,0.68329,0
0.22648,-0.32717,-0.61219,0.68329,0
0.2262,-0.3271,-0.61231,0.68331,0
0.22619,-0.32713,-0.61225,0.68335,0
0.2264,-0.32723,-0.61205,0.68341,0
0.22674,-0.32741,-0.61175,0.68349,0
0.2271,-0.32768,-0.61144,0.68352,0
0.22732,-0.3279,-0.61129,0.68347,0
0.22726,-0.32788,-0.61137,0.68343,0
0.22704,-0.32761,-0.61154,0.68348,0
0.22686,-0.32733,-0.61168,0.68355,0
0.22678,-0.32715,-0.61172,0.68362,0
0.22681,-0.32707,-0.61165,0.68371,0
0.22693,-0.3271,-0.61149,0.6838,0
0.22718,-0.32723,-0.6113,0.68383,0
0.2275,-0.32739,-0.61107,0.68386,0
0.22772,-0.32739,-0.61091,0.68392,0
0.22772,-0.32719,-0.61092,0.684,0
0.22762,-0.32682,-0.61102,0.68412,0
0.22758,-0.32648,-0.61113,0.68421,0
0.2277,-0.32634,-0.61119,0.68418,0
0.2279,-0.32635,-0.61119,0.68411,0
0.22795,-0.32631,-0.61118,0.68412,0
0.22787,-0.32618,-0.61118,0.68421,0
0.22784,-0.32606,-0.61115,0.6843,0
0.22789,-0.32599,-0.61109,0.68437,0
0.22804,-0.32593,-0.61099,0.68444,0
0.22821,-0.32582,-0.61087,0.68454,0
0.22836,-0.32576,-0.61085,0.68455,0
0.22847,-0.32581,-0.6109,0.68443,0
0.22839,-0.32579,-0.61104,0.68434,0
0.22806,-0.3256,-0.61128,0.68433,0
0.22773,-0.32534,-0.61152,0.68435,0
0.22764,-0.3252,-0.61157,0.68441,0
0.22779,-0.32523,-0.61138,0.68451,0
0.22807,-0.32535,-0.61106,0.68464,0
0.22839,-0.32553,-0.61079,0.68469,0
0.22869,-0.32581,-0.61062,0.68461,0
0.2288,-0.32595,-0.61054,0.68458,0
0.2285,-0.32574,-0.61069,0.68465,0
0.22797,-0.32533,-0.61098,0.68476,0
0.22756,-0.32498,-0.61121,0.68485,0
0.22744,-0.3249,-0.61127,0.68488,0
0.22756,-0.32502,-0.61108,0.68495,0
0.22777,-0.32524,-0.61071,0.68511,0
0.22803,-0.32562,-0.61032,0.68519,0
0.22847,-0.32611,-0.60986,0.68522,0
0.22874,-0.32632,-0.6095,0.68535,0
0.22865,-0.32621,-0.60936,0.68556,0
0.22826,-0.32585,-0.60945,0.68578,0
0.22778,-0.32543,-0.60963,0.68598,0
0.22742,-0.32509,-0.60973,0.68616,0
0.22744,-0.32513,-0.60971,0.68617,0
0.22786,-0.32549,-0.60952,0.68601,0
0.22825,-0.32579,-0.60933,0.68592,0
0.22833,-0.32588,-0.60923,0.68594,0
0.22816,-0.3258,-0.60924,0.68602,0
0.22789,-0.32555,-0.60934,0.68613,0
0.22764,-0.32531,-0.60959,0.68611,0
0.2275,-0.32522,-0.60987,0.68596,0
0.22744,-0.32508,-0.61008,0.68586,0
0.2274,-0.32489,-0.61024,0.68582,0
0.2273,-0.32469,-0.6104,0.68581,0
0.2272,-0.32448,-0.61054,0.68581,0
0.22725,-0.32435,-0.61056,0.68584,0
0.22736,-0.32441,-0.61055,0.68578,0
0.22738,-0.32461,-0.61059,0.68564,0
0.22731,-0.32473,-0.6106,0.6856,0
0.22718,-0.32471,-0.6106,0.68565,0
0.22707,-0.32464,-0.61061,0.68571,0
0.22701,-0.32446,-0.61064,0.68579,0
0.22702,-0.32422,-0.61067,0.68588,0
0.22716,-0.32403,-0.61064,0.68594,0
0.22737,-0.32401,-0.61061,0.68591,0
0.22759,-0.32427,-0.61055,0.68577,0
0.2278,-0.32452,-0.61045,0.68567,0
0.22786,-0.32461,-0.61037,0.68568,0
0.22783,-0.32461,-0.6103,0.68575,0
0.2278,-0.32456,-0.61029,0.68579,0
0.22785,-0.32451,-0.6103,0.6858,0
0.22791,-0.32442,-0.61026,0.68586,0
0.22792,-0.32432,-0.61026,0.6859,0
0.22799,-0.32432,-0.61035,0.6858,0
0.22818,-0.32432,-0.61035,0.68573,0
0.2284,-0.32424,-0.61025,0.68578,0
0.22845,-0.32408,-0.61027,0.68582,0
0.22827,-0.32388,-0.61046,0.68581,0
0.228,-0.32367,-0.6108,0.68569,0
0.22779,-0.32345,-0.61112,0.68558,0
0.22766,-0.32323,-0.61133,0.68555,0
0.22766,-0.32309,-0.61138,0.68557,0
0.22783,-0.32311,-0.61126,0.68561,0
0.22815,-0.32327,-0.61098,0.68567,0
0.22853,-0.32355,-0.6107,0.68567,0
0.22886,-0.32386,-0.61048,0.6856,0
0.22892,-0.32386,-0.61043,0.68563,0
0.22867,-0.32356,-0.61059,0.68571,0
0.22831,-0.32321,-0.61084,0.68577,0
0.22801,-0.32293,-0.61106,0.68581,0
0.22781,-0.32272,-0.61116,0.68589,0
0.22773,-0.32267,-0.6112,0.6859,0
0.22784,-0.32278,-0.61114,0.68586,0
0.22806,-0.32289,-0.61097,0.68589,0
0.22823,-0.32286,-0.6108,0.686,0
0.22823,-0.32262,-0.61078,0.68613,0
0.22798,-0.32224,-0.61095,0.68624,0
0.22764,-0.32186,-0.61117,0.68633,0
0.22738,-0.32161,-0.61141,0.68633,0
0.22733,-0.32157,-0.61156,0.68623,0
0.2274,-0.3216,-0.61158,0.68617,0
0.22747,-0.3216,-0.61152,0.6862,0
0.2275,-0.32155,-0.61142,0.6863,0
0.22757,-0.32148,-0.61131,0.68641,0
0.22772,-0.3215,-0.61125,0.6864,0
0.22787,-0.32165,-0.61126,0.68628,0
0.22783,-0.32169,-0.61133,0.68621,0
0.22757,-0.32155,-0.61147,0.68623,0
0.22728,-0.32135,-0.61163,0.68629,0
0.22712,-0.32117,-0.61168,0.68637,0
0.22713,-0.32108,-0.61158,0.68651,0
0.22725,-0.32104,-0.6114,0.68664,0
0.22748,-0.3211,-0.61124,0.68668,0
0.22778,-0.32124,-0.61111,0.68664,0
0.22796,-0.32125,-0.61103,0.68664,0
0.22785,-0.32099,-0.61109,0.68674,0
0.22749,-0.32055,-0.61129,0.68689,0
0.22708,-0.32006,-0.61153,0.68704,0
0.2268,-0.31965,-0.61171,0.68717,0
0.22674,-0.31942,-0.61177,0.68724,0
0.22682,-0.31944,-0.61173,0.68724,0
0.227,-0.31962,-0.61157,0.68724,0
0.22717,-0.3198,-0.61133,0.68731,0
0.22722,-0.31987,-0.61113,0.68743,0
0.22711,-0.31981,-0.61109,0.68754,0
0.22687,-0.31961,-0.61123,0.68759,0
0.22658,-0.31939,-0.61147,0.68757,0
0.22635,-0.31924,-0.61168,0.68753,0
0.22622,-0.3192,-0.61178,0.6875,0
0.22619,-0.31922,-0.61176,0.68752,0
0.22622,-0.31924,-0.61164,0.68761,0
0.22627,-0.31921,-0.61149,0.68774,0
0.22637,-0.31915,-0.61141,0.6878,0
0.22645,-0.31913,-0.61146,0.68775,0
0.22643,-0.31903,-0.61158,0.68769,0
0.22627,-0.31876,-0.61176,0.68771,0
0.22611,-0.31849,-0.61193,0.68774,0
0.22609,-0.31841,-0.61196,0.68775,0
0.2262,-0.31849,-0.6118,0.68782,0
0.22638,-0.31861,-0.61152,0.68796,0
0.2266,-0.3187,-0.61124,0.68809,0
0.22687,-0.31879,-0.61103,0.68814,0
0.22719,-0.31888,-0.61088,0.68813,0
0.22738,-0.31891,-0.61081,0.68812,0
0.22738,-0.31885,-0.61087,0.6881,0
0.22724,-0.31877,-0.61101,0.68805,0
0.22715,-0.31874,-0.61114,0.68799,0
0.22728,-0.31881,-0.61109,0.68795,0
0.2276,-0.31902,-0.61088,0.68793,0
0.22799,-0.31932,-0.61056,0.68795,0
0.22833,-0.31956,-0.61029,0.68797,0
0.2285,-0.31971,-0.61021,0.68791,0
0.22844,-0.31964,-0.6103,0.68788,0
0.2281,-0.31935,-0.61058,0.68788,0
0.22764,-0.31906,-0.61095,0.68784,0
0.22733,-0.31888,-0.61122,0.68779,0
0.22725,-0.31887,-0.61129,0.68775,0
0.22728,-0.31893,-0.61124,0.68776,0
0.22734,-0.31903,-0.61108,0.68784,0
0.22751,-0.31927,-0.61089,0.68784,0
0.2278,-0.31959,-0.61068,0.68778,0
0.228,-0.31979,-0.61058,0.68771,1
0.22801,-0.31979,-0.61061,0.68768,0
0.22784,-0.31964,-0.61075,0.68768,0
0.22754,-0.31935,-0.61096,0.68772,0
0.2273,-0.31908,-0.61116,0.68776,0
0.22721,-0.31898,-0.61124,0.68776,0
0.22734,-0.31911,-0.61114,0.68774,0
0.2275,-0.31929,-0.61103,0.68771,0
0.22758,-0.31938,-0.61097,0.68769,0
0.22756,-0.31931,-0.611,0.68771,0
0.22737,-0.31906,-0.61114,0.68776,0
0.22713,-0.31876,-0.61136,0.68779,0
0.22694,-0.31854,-0.61158,0.68775,0
0.22686,-0.31839,-0.61171,0.68773,0
0.22691,-0.31834,-0.61174,0.68771,0
0.22711,-0.31847,-0.61164,0.68767,0
0.22741,-0.31865,-0.61141,0.6877,0
0.22754,-0.31868,-0.61126,0.68777,0
0.22751,-0.31859,-0.61127,0.68781,0
0.22743,-0.3185,-0.61139,0.68778,0
0.22735,-0.31835,-0.61151,0.68777,0
0.22725,-0.31822,-0.61165,0.68773,0
0.2272,-0.31818,-0.61176,0.68767,0
0.22719,-0.31813,-0.61177,0.68769,0
0.22715,-0.31808,-0.61172,0.68777,0
0.22706,-0.31801,-0.6117,0.68784,0
0.22702,-0.31793,-0.61174,0.68786,0
0.22713,-0.31797,-0.61183,0.68773,0
0.22729,-0.31804,-0.61189,0.68759,0
0.22736,-0.31793,-0.61194,0.68758,0
0.2273,-0.31769,-0.61206,0.6876,0
0.22713,-0.3174,-0.6122,0.68766,0
0.22701,-0.31713,-0.61224,0.68779,0
0.2271,-0.317,-0.61207,0.68797,0
0.22727,-0.31697,-0.61189,0.68809,0
0.22737,-0.31705,-0.61183,0.68807,0
0.22744,-0.31713,-0.61183,0.68802,0
0.22736,-0.31708,-0.61192,0.68798,0
0.22721,-0.317,-0.61203,0.68797,0
0.22707,-0.31692,-0.61207,0.68802,0
0.22702,-0.31691,-0.61201,0.6881,0
0.2271,-0.31704,-0.61191,0.68809,0
0.2271,-0.3172,-0.61192,0.68801,0
0.22697,-0.31719,-0.61193,0.68806,0
0.22683,-0.31709,-0.61192,0.68816,0
0.22673,-0.31695,-0.61196,0.68822,0
0.22666,-0.31683,-0.61199,0.68827,0
0.22667,-0.31681,-0.61195,0.68831,0
0.22671,-0.31681,-0.61184,0.68839,0
0.22668,-0.31685,-0.61177,0.68845,0
0.22664,-0.31697,-0.61176,0.68842,0
0.22665,-0.31703,-0.61171,0.68843,0
0.22671,-0.31704,-0.61163,0.68848,0
0.22675,-0.31707,-0.61159,0.68849,0
0.22667,-0.31702,-0.61168,0.68846,0
0.22641,-0.31688,-0.6119,0.68841,0
0.22615,-0.31681,-0.61212,0.68833,0
0.22613,-0.3169,-0.61219,0.68823,0
0.22626,-0.31703,-0.6121,0.68821,0
0.22639,-0.31713,-0.61193,0.68827,0
0.22654,-0.31723,-0.61174,0.68835,0
0.22676,-0.31743,-0.61161,0.6883,0
0.22689,-0.31757,-0.61157,0.68822,0
0.22689,-0.31755,-0.61155,0.68825,0
0.22675,-0.31742,-0.6116,0.68831,0
0.22651,-0.31721,-0.61174,0.68836,0
0.22628,-0.31702,-0.61187,0.68841,0
0.22621,-0.31697,-0.61185,0.68848,0
0.22635,-0.31715,-0.61169,0.68849,0
0.2266,-0.31746,-0.61148,0.68845,0
0.22676,-0.31766,-0.61129,0.68847,0
0.22681,-0.3177,-0.61115,0.68857,0
0.22675,-0.31763,-0.6111,0.68867,0
0.22663,-0.31748,-0.61114,0.68873,0
0.22653,-0.31742,-0.61128,0.68867,0
0.22649,-0.31744,-0.61141,0.68856,0
0.22648,-0.31749,-0.61146,0.68849,0
0.22644,-0.31752,-0.61142,0.68853,0
0.22637,-0.31757,-0.61132,0.68862,0
0.22637,-0.31768,-0.61116,0.68871,0
0.22639,-0.31776,-0.61098,0.68882,0
0.22634,-0.31784,-0.61089,0.68889,0
0.22626,-0.31795,-0.61087,0.68888,0
0.22625,-0.31801,-0.61087,0.68885,0
0.22628,-0.31799,-0.6109,0.68882,0
0.22623,-0.31791,-0.61096,0.68883,0
0.22616,-0.31784,-0.61099,0.68885,0
0.22613,-0.31784,-0.61093,0.68892,0
0.2262,-0.31795,-0.61077,0.68899,0
0.22638,-0.31821,-0.61058,0.68898,0
0.22666,-0.31853,-0.61032,0.68897,0
0.22691,-0.31874,-0.61006,0.68901,0
0.22689,-0.31871,-0.61004,0.68905,0
0.22654,-0.31839,-0.6103,0.68909,0
0.22604,-0.31797,-0.61068,0.6891,0
0.22569,-0.31769,-0.61101,0.68906,0
0.22557,-0.31767,-0.61113,0.68901,0
0.22566,-0.31791,-0.61103,0.68895,0
0.2259,-0.31827,-0.61073,0.68897,0
0.2261,-0.31854,-0.61036,0.68911,0
0.22613,-0.31859,-0.61016,0.68925,0
0.22601,-0.31846,-0.61025,0.68927,0
0.22579,-0.31824,-0.61055,0.68918,0
0.22549,-0.318,-0.61089,0.68909,0
0.22517,-0.3178,-0.61115,0.68906,0
0.22498,-0.31769,-0.61122,0.68911,0
0.22503,-0.31774,-0.6111,0.68917,0
0.22529,-0.31796,-0.61087,0.68919,0
0.22558,-0.31826,-0.61062,0.68918,0
0.22568,-0.31843,-0.61045,0.68922,0
0.22555,-0.31837,-0.6105,0.68924,0
0.2253,-0.31812,-0.61072,0.68925,0
0.22503,-0.31778,-0.61099,0.68925,0
0.22486,-0.3175,-0.61115,0.68929,0
0.22487,-0.31742,-0.61115,0.68933,0
0.22497,-0.3175,-0.61105,0.68935,0
0.22501,-0.31761,-0.61094,0.68938,0
0.22501,-0.31775,-0.61084,0.68941,0
0.22501,-0.31791,-0.61071,0.68945,0
0.22498,-0.31788,-0.61063,0.68954,0
0.2249,-0.31772,-0.61067,0.6896,0
0.22486,-0.31758,-0.61077,0.68959,0
0.22491,-0.31752,-0.61085,0.68953,0
0.22507,-0.31759,-0.61086,0.68944,0
0.22524,-0.31771,-0.61085,0.68934,0
0.22522,-0.3177,-0.61096,0.68925,0
0.22495,-0.31754,-0.61118,0.68922,0
0.2246,-0.3174,-0.61142,0.68919,0
0.2244,-0.3174,-0.61156,0.68913,0
0.22441,-0.31749,-0.61153,0.68911,0
0.22458,-0.31762,-0.61135,0.68915,0
0.22485,-0.31787,-0.61108,0.68919,0
0.225,-0.31806,-0.61089,0.68922,0
0.22496,-0.31811,-0.61088,0.68922,0
0.22483,-0.318,-0.61094,0.68926,0
0.22467,-0.31782,-0.61101,0.68934,0
0.22464,-0.31775,-0.61098,0.6894,0
0.22473,-0.31772,-0.61081,0.68953,0
0.22484,-0.31772,-0.61061,0.68968,0
0.22488,-0.31773,-0.61048,0.68977,0
0.22485,-0.31773,-0.6104,0.68985,0
0.22479,-0.31771,-0.61034,0.68994,0
0.22478,-0.31778,-0.61029,0.68996,0
0.22488,-0.3179,-0.61021,0.68993,0
0.22485,-0.3178,-0.61025,0.68996,0
0.22461,-0.31746,-0.61038,0.69008,0
0.2243,-0.31711,-0.61057,0.69017,0
0.22404,-0.31685,-0.61077,0.6902,0
0.22394,-0.31664,-0.61081,0.69029,0
0.22393,-0.31655,-0.61075,0.69039,0
0.22399,-0.31665,-0.61073,0.69034,0
0.22405,-0.31672,-0.61072,0.6903,0
0.22394,-0.31667,-0.61071,0.69036,0
0.2237,-0.31652,-0.61072,0.6905,0
0.2234,-0.3163,-0.61077,0.69065,0
0.22319,-0.31612,-0.61087,0.69072,0
0.22316,-0.31604,-0.61091,0.69073,0
0.22329,-0.31602,-0.61087,0.69073,0
0.22347,-0.31618,-0.61082,0.69064,0
0.22361,-0.31638,-0.61075,0.69057,0
0.22356,-0.3164,-0.61074,0.69058,0
0.2233,-0.31626,-0.6109,0.69059,0
0.22298,-0.31611,-0.61113,0.69057,0
0.22271,-0.31598,-0.61136,0.69051,0
0.22252,-0.31581,-0.61154,0.69048,0
0.22244,-0.31564,-0.61161,0.69052,0
0.22265,-0.31567,-0.61151,0.69053,0
0.22304,-0.31594,-0.61135,0.69042,0
0.22335,-0.31615,-0.61128,0.69029,0
0.22334,-0.31606,-0.61141,0.69022,0
0.22301,-0.31571,-0.61166,0.69026,0
0.22266,-0.31535,-0.61191,0.69032,0
0.22249,-0.31512,-0.61205,0.69036,0
0.22253,-0.31508,-0.61203,0.69038,0
0.22265,-0.31528,-0.61194,0.69033,0
0.22283,-0.31557,-0.61178,0.69028,0
0.22305,-0.31584,-0.6116,0.69025,0
0.2232,-0.31601,-0.61141,0.69029,0
0.22322,-0.31611,-0.61134,0.6903,0
0.22302,-0.31609,-0.61149,0.69024,0
0.22262,-0.31586,-0.61177,0.69023,0
0.22223,-0.3156,-0.61208,0.69019,0
0.2221,-0.31545,-0.61225,0.69016,0
0.2222,-0.31539,-0.61217,0.69022,0
0.22236,-0.31542,-0.61199,0.69031,0
0.22253,-0.31545,-0.61181,0.6904,0
0.2226,-0.31532,-0.61177,0.69048,0
0.22241,-0.31503,-0.61201,0.69046,0
0.22214,-0.31471,-0.61233,0.69041,0
0.22195,-0.31444,-0.6125,0.69044,0
0.22189,-0.3143,-0.61256,0.69048,0
0.22187,-0.31425,-0.61257,0.69049,0
0.22192,-0.31426,-0.61255,0.69049,0
0.22208,-0.31428,-0.61244,0.69052,0
0.2223,-0.31434,-0.61229,0.69056,0
0.22258,-0.31449,-0.61213,0.69055,0
0.22285,-0.31458,-0.61196,0.69056,0
0.22302,-0.31452,-0.61189,0.6906,0
0.22294,-0.3143,-0.61203,0.6906,0
0.22266,-0.31402,-0.61242,0.69048,0
0.22238,-0.31376,-0.61289,0.69027,0
0.22222,-0.31354,-0.6132,0.69015,0
0.22222,-0.31347,-0.61327,0.69011,0
0.22244,-0.31364,-0.6131,0.69012,0
0.223,-0.31409,-0.61262,0.69016,0
0.22369,-0.31461,-0.61204,0.69021,0
0.22406,-0.31484,-0.61162,0.69036,0
0.22419,-0.31479,-0.61129,0.69063,0
0.22434,-0.31463,-0.61105,0.69087,0
0.22451,-0.31449,-0.61093,0.69098,0
0.2246,-0.31434,-0.6109,0.69104,0
0.22459,-0.31419,-0.6109,0.69112,0
0.22458,-0.3141,-0.61088,0.69118,0
0.22471,-0.31407,-0.61079,0.69124,0
0.22497,-0.31403,-0.61063,0.69131,0
0.22531,-0.31404,-0.61046,0.69134,0
0.22556,-0.31402,-0.61038,0.69134,0
0.22552,-0.31383,-0.61049,0.69134,0
0.22522,-0.31351,-0.61078,0.69133,0
0.22493,-0.31323,-0.61106,0.6913,0
0.22489,-0.31308,-0.61122,0.69124,0
0.2251,-0.31311,-0.61119,0.69118,0
0.22541,-0.31333,-0.61108,0.69108,0
0.22566,-0.31355,-0.61102,0.69096,0
0.22569,-0.31358,-0.6111,0.69086,0
0.22545,-0.31335,-0.61136,0.69081,0
0.22507,-0.31301,-0.61172,0.69077,0
0.22476,-0.31273,-0.61208,0.69068,0
0.2246,-0.31254,-0.61229,0.69063,0
0.22458,-0.31251,-0.61229,0.69066,0
0.22471,-0.3127,-0.61215,0.69066,0
0.22496,-0.31306,-0.61196,0.69057,0
0.22522,-0.3134,-0.61183,0.69045,0
0.22536,-0.31352,-0.6118,0.69038,0
0.22529,-0.31339,-0.61191,0.69036,0
0.225,-0.31318,-0.61218,0.69031,0
0.22462,-0.31306,-0.61251,0.6902,0
0.22425,-0.31306,-0.61279,0.69007,0
0.22402,-0.31317,-0.61292,0.68998,0
0.22398,-0.31333,-0.61286,0.68997,0
0.22415,-0.31359,-0.61262,0.69001,0
0.22452,-0.31393,-0.61223,0.69008,0
0.2249,-0.31426,-0.61186,0.69014,0
0.22507,-0.31443,-0.61173,0.69012,0
0.2249,-0.31432,-0.61189,0.69008,0
0.22439,-0.31392,-0.61227,0.69009,0
0.22381,-0.31347,-0.61268,0.69012,0
0.22339,-0.31317,-0.61298,0.69013,0
0.22319,-0.31308,-0.61307,0.69015,0
0.22322,-0.31317,-0.61294,0.69022,0
0.22345,-0.31341,-0.61262,0.69032,0
0.22391,-0.31378,-0.61219,0.69039,0
0.22439,-0.31405,-0.61175,0.6905,0
0.22448,-0.31395,-0.61157,0.69067,0
0.22407,-0.31349,-0.61173,0.69087,0
0.22358,-0.31295,-0.612,0.69103,0
0.22327,-0.31257,-0.61223,0.69111,0
0.22315,-0.31236,-0.61229,0.69119,0
0.22318,-0.31232,-0.61212,0.69134,0
0.22329,-0.31243,-0.61182,0.69153,0
0.2234,-0.31258,-0.61148,0.69172,0
0.22356,-0.31277,-0.61114,0.69188,0
0.22378,-0.31304,-0.61089,0.69191,0
0.22392,-0.31319,-0.6108,0.69188,0
0.22376,-0.31303,-0.61088,0.69193,0
0.22338,-0.31269,-0.61112,0.692,0
0.22304,-0.31246,-0.61136,0.692,0
0.22283,-0.31235,-0.6115,0.692,0
0.22271,-0.31233,-0.61148,0.69206,0
0.22273,-0.31244,-0.61133,0.69213,0
0.22293,-0.31268,-0.61111,0.69215,0
0.2233,-0.31299,-0.61081,0.69216,0
0.22367,-0.31321,-0.61053,0.69219,0
0.22377,-0.31321,-0.61044,0.69223,0
0.22346,-0.31292,-0.61067,0.69226,0
0.22283,-0.31243,-0.61116,0.69226,0
0.22224,-0.31202,-0.61166,0.69219,0
0.22198,-0.31183,-0.61198,0.69207,0
0.22203,-0.31184,-0.61193,0.6921,0
0.2224,-0.31204,-0.61155,0.69222,0
0.22292,-0.31236,-0.61105,0.69236,0
0.22339,-0.31265,-0.61062,0.69245,0
0.22374,-0.3129,-0.61037,0.69244,0
0.22386,-0.31298,-0.61033,0.6924,0
0.2237,-0.3128,-0.6105,0.69239,0
0.22328,-0.31237,-0.61089,0.69238,0
0.2228,-0.31197,-0.61126,0.69238,0
0.22245,-0.31176,-0.61149,0.69238,0
0.22235,-0.31173,-0.61154,0.69239,0
0.22248,-0.31181,-0.6114,0.69244,0
0.22278,-0.31203,-0.61118,0.69243,0
0.22318,-0.31229,-0.61093,0.69241,0
0.22355,-0.31231,-0.61073,0.69246,0
0.22374,-0.31198,-0.61077,0.69251,0
0.22356,-0.31121,-0.61119,0.69254,0
0.22317,-0.31035,-0.61169,0.69262,0
0.22289,-0.30988,-0.61202,0.69262,0
0.22294,-0.3099,-0.61212,0.6925,0
0.22316,-0.31014,-0.61199,0.69245,0
0.22333,-0.3103,-0.61175,0.69254,0
0.22338,-0.31033,-0.6115,0.69272,0
0.22339,-0.3103,-0.61127,0.69294,0
0.22344,-0.31035,-0.61115,0.693,0
0.22337,-0.31044,-0.61124,0.69291,0
0.22304,-0.31041,-0.61151,0.69279,0
0.22246,-0.31017,-0.61182,0.69281,0
0.22183,-0.30989,-0.6121,0.69289,0
0.22142,-0.30979,-0.61228,0.6929,0
0.22128,-0.30987,-0.61233,0.69286,0
0.2212,-0.31006,-0.61232,0.69282,0
0.22113,-0.3102,-0.61225,0.69284,0
0.22115,-0.31026,-0.61218,0.69287,0
0.22127,-0.31035,-0.6121,0.69286,0
0.22131,-0.31046,-0.61212,0.69278,0
0.22102,-0.31035,-0.61225,0.69281,0
0.2205,-0.31005,-0.61246,0.69292,0
0.22,-0.30975,-0.61272,0.69298,0
0.2196,-0.30953,-0.613,0.69297,0
0.2193,-0.30944,-0.61322,0.69291,0
0.21913,-0.30945,-0.61331,0.69287,0
0.21922,-0.30968,-0.61322,0.69282,0
0.2195,-0.31004,-0.61304,0.69273,0
0.21986,-0.31034,-0.61282,0.69267,0
0.2202,-0.31052,-0.61264,0.69264,0
0.2202,-0.31037,-0.61272,0.69265,0
0.21969,-0.30986,-0.61314,0.69266,0
0.21902,-0.30923,-0.61371,0.69265,0
0.21865,-0.30884,-0.61412,0.69258,0
0.21857,-0.30879,-0.61424,0.69252,0
0.21878,-0.30918,-0.61404,0.69246,0
0.21924,-0.30994,-0.61358,0.69238,0
0.21963,-0.31066,-0.61317,0.69229,0
0.21977,-0.3111,-0.61297,0.69223,0
0.21964,-0.31117,-0.61299,0.69223,0
0.21938,-0.31099,-0.61316,0.69224,0
0.21918,-0.31088,-0.61336,0.69217,0
0.2191,-0.3109,-0.6135,0.69206,0
0.21907,-0.31096,-0.61358,0.69198,0
0.21914,-0.3111,-0.61358,0.69189,0
0.2194,-0.31137,-0.61347,0.69178,0
0.21973,-0.31161,-0.6133,0.69173,0
0.22,-0.31179,-0.61315,0.69169,0
0.2202,-0.31202,-0.61301,0.69164,0
0.22027,-0.3122,-0.61299,0.69156,0
0.22011,-0.31216,-0.61314,0.69149,0
0.2197,-0.31188,-0.61346,0.69146,0
0.21923,-0.31149,-0.6138,0.69149,0
0.21895,-0.31117,-0.61401,0.69153,0
0.21892,-0.31106,-0.61409,0.69153,0
0.21914,-0.3112,-0.614,0.69147,0
0.21957,-0.31145,-0.61369,0.6915,0
0.2199,-0.31161,-0.61335,0.69162,0
0.21992,-0.3116,-0.6132,0.69176,0
0.21966,-0.3114,-0.6132,0.69193,0
0.21918,-0.31104,-0.6133,0.69215,0
0.21869,-0.31065,-0.61341,0.69239,0
0.21834,-0.31031,-0.61342,0.69264,0
0.2181,-0.31002,-0.61332,0.69293,0
0.21791,-0.30971,-0.61313,0.6933,0
0.21767,-0.30936,-0.61291,0.69373,0
0.21744,-0.30917,-0.6127,0.69407,0
0.21725,-0.30905,-0.61244,0.69441,0
0.2169,-0.30871,-0.61218,0.6949,0
0.21626,-0.30809,-0.61202,0.69551,0
0.21529,-0.30722,-0.61198,0.69623,0
0.21407,-0.3061,-0.61202,0.69707,0
0.21268,-0.30483,-0.61205,0.69803,0
0.21127,-0.30355,-0.612,0.69906,0
0.20988,-0.30228,-0.61188,0.70013,0
0.20842,-0.30102,-0.61174,0.70123,0
0.2069,-0.29984,-0.61162,0.70228,0
0.20541,-0.29876,-0.61147,0.70332,0
0.20388,-0.29759,-0.61128,0.70443,0
0.2022,-0.29627,-0.61112,0.7056,0
0.20041,-0.29492,-0.61096,0.70681,0
0.19864,-0.29372,-0.61072,0.70801,0
0.19705,-0.29273,-0.61028,0.70925,0
0.19573,-0.29189,-0.60954,0.7106,0
0.19486,-0.29132,-0.60846,0.712,0
0.19454,-0.29111,-0.60697,0.71344,0
0.19466,-0.29104,-0.605,0.71511,0
0.19483,-0.29092,-0.60284,0.71693,0
0.1947,-0.29091,-0.60074,0.71873,0
0.19439,-0.29115,-0.59885,0.7203,0
0.19425,-0.29159,-0.59706,0.72164,0
0.19436,-0.29191,-0.59527,0.72296,0
0.1946,-0.2919,-0.5935,0.72435,0
0.19486,-0.29179,-0.59178,0.72573,0
0.19526,-0.29184,-0.58994,0.7271,0
0.19584,-0.29209,-0.58789,0.72851,0
0.19661,-0.2925,-0.58566,0.72993,0
0.19758,-0.293,-0.58331,0.73134,0
0.19872,-0.29362,-0.58099,0.73263,0
0.19997,-0.29433,-0.57881,0.73373,0
0.20132,-0.29508,-0.57676,0.73467,0
0.20274,-0.2959,-0.57478,0.7355,0
0.20441,-0.29695,-0.57276,0.73619,0
0.20656,-0.29838,-0.5706,0.73669,0
0.20921,-0.30019,-0.56835,0.73695,0
0.2122,-0.30224,-0.56619,0.73692,0
0.21526,-0.30418,-0.56429,0.73669,0
0.21814,-0.30586,-0.56281,0.73628,0
0.22072,-0.30726,-0.56179,0.73571,0
0.22302,-0.30839,-0.56115,0.73503,0
0.22521,-0.30933,-0.5607,0.73431,0
0.2275,-0.31018,-0.56029,0.73356,0
0.23007,-0.31105,-0.5598,0.73276,0
0.23306,-0.31208,-0.55919,0.73185,0
0.2364,-0.31328,-0.55855,0.73074,0
0.23975,-0.31428,-0.5582,0.72949,0
0.24264,-0.31458,-0.55846,0.72821,0
0.2449,-0.31418,-0.55938,0.72692,0
0.24668,-0.3133,-0.56078,0.72561,0
0.24842,-0.31228,-0.56237,0.72423,0
0.25044,-0.3114,-0.56395,0.72268,0
0.25265,-0.31057,-0.56541,0.72113,0
0.25483,-0.30981,-0.56676,0.71963,0
0.25684,-0.30935,-0.56815,0.71801,0
0.25867,-0.30911,-0.56959,0.71631,0
0.26033,-0.30872,-0.57108,0.71469,0
0.26193,-0.30812,-0.57262,0.71314,0
0.26355,-0.3076,-0.57415,0.71153,0
0.26523,-0.30726,-0.57558,0.7099,0
0.26693,-0.30701,-0.57698,0.70823,0
0.26863,-0.30676,-0.5784,0.70654,0
0.27032,-0.30644,-0.57988,0.70481,0
0.27202,-0.30603,-0.58142,0.70307,0
0.27356,-0.30535,-0.58311,0.70136,0
0.27458,-0.30429,-0.5852,0.69968,0
0.27501,-0.30301,-0.58764,0.69802,0
0.27492,-0.30157,-0.59029,0.69644,0
0.27461,-0.30015,-0.59288,0.69498,0
0.27444,-0.29902,-0.59516,0.69358,0
0.27452,-0.29831,-0.597,0.69228,0
0.27489,-0.29797,-0.59831,0.69114,0
0.27542,-0.29771,-0.59927,0.69021,0
0.27584,-0.29742,-0.60028,0.68929,0
0.27598,-0.29725,-0.60148,0.68825,0
0.27564,-0.29705,-0.60277,0.68735,0
0.27458,-0.29646,-0.60415,0.68682,0
0.27295,-0.29559,-0.60572,0.68647,0
0.27102,-0.29452,-0.60734,0.68625,0
0.26928,-0.29342,-0.60861,0.68628,0
0.26802,-0.29257,-0.60932,0.68651,0
0.26706,-0.29193,-0.60959,0.68692,0
0.26619,-0.29152,-0.60957,0.68745,0
0.26511,-0.29157,-0.6093,0.68808,0
0.26382,-0.29201,-0.60858,0.68903,0
0.26297,-0.29228,-0.60748,0.6902,0
0.26217,-0.29203,-0.60658,0.69141,0
0.26056,-0.29121,-0.60607,0.69281,0
0.25829,-0.29024,-0.60587,0.69424,0
0.25597,-0.28983,-0.60568,0.69544,0
0.25372,-0.29006,-0.60521,0.69657,0
0.25149,-0.29059,-0.60452,0.69776,0
0.24944,-0.29112,-0.60342,0.69922,0
0.24747,-0.29164,-0.60204,0.70089,0
0.24557,-0.29225,-0.60059,0.70255,0
0.24392,-0.29303,-0.5992,0.70398,0
0.24235,-0.29383,-0.59816,0.70508,0
0.24067,-0.29431,-0.59761,0.70592,0
0.23871,-0.29432,-0.59746,0.7067,0
0.23619,-0.29377,-0.59775,0.70753,0
0.23297,-0.29267,-0.59823,0.70865,0
0.22924,-0.29131,-0.59859,0.71013,0
0.22514,-0.28991,-0.59872,0.7119,0
0.22088,-0.28856,-0.59858,0.71389,0
0.21661,-0.28724,-0.59814,0.7161,0
0.21231,-0.28599,-0.59742,0.71848,0
0.20798,-0.28518,-0.59655,0.72079,0
0.20383,-0.28497,-0.59532,0.72308,0
0.19989,-0.28509,-0.59361,0.72553,0
0.19598,-0.28532,-0.59174,0.72803,0
0.19205,-0.28558,-0.58983,0.73052,0
0.18834,-0.28592,-0.588,0.73283,0
0.18522,-0.28649,-0.58625,0.7348,0
0.18259,-0.28715,-0.58469,0.73644,0
0.18015,-0.28783,-0.58357,0.73766,0
0.17767,-0.28851,-0.583,0.73845,0
0.17508,-0.28908,-0.58296,0.73888,0
0.17252,-0.2897,-0.58339,0.7389,0
0.17017,-0.29042,-0.58409,0.7386,0
0.16805,-0.29108,-0.58482,0.73825,0
0.16616,-0.2916,-0.5855,0.73793,0
0.16445,-0.29191,-0.58623,0.73762,0
0.16291,-0.29197,-0.58698,0.73733,0
0.16161,-0.29189,-0.58761,0.73716,0
0.16058,-0.29176,-0.58809,0.73704,0
0.15964,-0.29178,-0.58854,0.73688,0
0.15864,-0.29192,-0.58894,0.73673,0
0.15754,-0.29198,-0.58928,0.73666,0
0.15642,-0.29202,-0.5896,0.73663,0
0.15556,-0.2923,-0.58986,0.73649,0
0.15524,-0.29285,-0.58992,0.7363,0
0.15541,-0.29357,-0.5897,0.73615,0
0.15576,-0.29422,-0.58942,0.73604,0
0.15586,-0.29463,-0.58943,0.73585,0
0.1555,-0.29469,-0.58983,0.73559,0
0.15467,-0.29445,-0.59061,0.73523,0
0.15341,-0.29393,-0.59163,0.73488,0
0.15183,-0.29336,-0.59261,0.73464,0
0.15028,-0.29318,-0.59331,0.73447,0
0.14915,-0.2937,-0.59354,0.7343,0
0.14892,-0.29535,-0.59313,0.73402,0
0.14984,-0.29837,-0.59199,0.73353,0
0.15181,-0.30266,-0.59019,0.73282,0
0.15456,-0.30794,-0.58782,0.73195,0
0.15796,-0.31379,-0.58502,0.73098,0
0.16197,-0.31967,-0.58208,0.7299,0
0.16635,-0.32486,-0.5796,0.7286,0
0.17072,-0.32895,-0.57806,0.72698,0
0.17468,-0.33178,-0.57764,0.72508,0
0.17793,-0.33352,-0.57817,0.72307,0
0.18043,-0.33436,-0.57933,0.72113,0
0.18214,-0.33431,-0.58091,0.71944,0
0.18323,-0.33344,-0.58273,0.7181,0
0.18404,-0.33203,-0.58449,0.71712,0
0.18496,-0.33054,-0.58593,0.7164,0
0.1862,-0.32931,-0.58698,0.71578,0
0.18772,-0.32863,-0.58776,0.71505,0
0.18941,-0.32842,-0.58832,0.71424,0
0.19114,-0.32832,-0.58859,0.71361,0
0.19287,-0.32825,-0.58863,0.71314,0
0.19469,-0.32843,-0.58846,0.7127,0
0.19661,-0.32891,-0.58805,0.71229,0
0.19858,-0.3296,-0.58744,0.71193,0
0.20052,-0.3304,-0.5867,0.71162,0
0.2024,-0.33124,-0.58584,0.71141,0
0.20418,-0.33203,-0.58489,0.71132,0
0.20589,-0.33277,-0.58391,0.71128,0
0.20757,-0.33348,-0.58296,0.71124,0
0.2093,-0.3342,-0.58199,0.71119,0
0.2111,-0.33495,-0.58093,0.71118,0
0.2129,-0.33573,-0.57979,0.7112,0
0.21468,-0.33651,-0.57858,0.71128,0
0.2164,-0.33729,-0.57729,0.71144,0
0.21801,-0.33801,-0.57595,0.71169,0
0.21958,-0.33874,-0.57456,0.71198,0
0.22124,-0.33962,-0.57314,0.71219,0
0.22298,-0.34063,-0.57166,0.71236,0
0.22462,-0.34165,-0.57008,0.71263,0
0.22611,-0.34265,-0.5684,0.71301,0
0.22752,-0.34373,-0.56662,0.71346,0
0.2289,-0.34489,-0.56487,0.71384,0
0.23019,-0.34606,-0.5633,0.71411,0
0.23132,-0.3471,-0.56187,0.71436,0
0.23227,-0.34799,-0.56052,0.71469,0
0.23309,-0.34882,-0.55919,0.71505,0
0.23386,-0.34963,-0.55788,0.71543,0
0.23461,-0.35044,-0.55656,0.71582,0
0.23541,-0.35129,-0.55518,0.71621,0
0.23633,-0.35217,-0.55374,0.71659,0
0.23729,-0.35292,-0.55234,0.71698,0
0.23816,-0.35344,-0.55112,0.71737,0
0.2389,-0.35369,-0.55013,0.71777,0
0.23951,-0.35365,-0.54934,0.71819,0
0.24,-0.35336,-0.54881,0.71857,0
0.24043,-0.35286,-0.5485,0.71891,0
0.24081,-0.35212,-0.54837,0.71925,0
0.24112,-0.35105,-0.54837,0.71966,0
0.24138,-0.34962,-0.54848,0.72019,0
0.24161,-0.34792,-0.54869,0.72077,0
0.24177,-0.34599,-0.54906,0.72137,0
0.24178,-0.34384,-0.54957,0.72201,0
0.2416,-0.3415,-0.55022,0.72268,0
0.24116,-0.33889,-0.55104,0.72342,0
0.24035,-0.33594,-0.5521,0.72427,0
0.23903,-0.33261,-0.55342,0.72523,0
0.23728,-0.32909,-0.5549,0.72628,0
0.23526,-0.32568,-0.55647,0.72727,0
0.23307,-0.32238,-0.55813,0.72818,0
0.23081,-0.31894,-0.55992,0.72903,0
0.22855,-0.31519,-0.56195,0.72982,0
0.22632,-0.31106,-0.56426,0.7305,0
0.2241,-0.30667,-0.5668,0.73107,0
0.22182,-0.30222,-0.56952,0.73151,0
0.21946,-0.29784,-0.57243,0.73175,0
0.21694,-0.29341,-0.57554,0.73185,0
0.21408,-0.28862,-0.57877,0.73205,0
0.21086,-0.28328,-0.58193,0.73256,0
0.20733,-0.27752,-0.58493,0.73338,0
0.20376,-0.2718,-0.58767,0.73434,0
0.2005,-0.26661,-0.59011,0.73518,0
0.19762,-0.26202,-0.59224,0.7359,0
0.19491,-0.2578,-0.59403,0.73666,0
0.19218,-0.2537,-0.5956,0.73754,0
0.18938,-0.24966,-0.59687,0.73862,0
0.18657,-0.24597,-0.59782,0.7398,0
0.18369,-0.24277,-0.59849,0.74103,0
0.18095,-0.24031,-0.59889,0.74219,0
0.17872,-0.23891,-0.59905,0.74305,0
0.17747,-0.23896,-0.59887,0.74348,0
0.17697,-0.24008,-0.59846,0.74356,0
0.17723,-0.24222,-0.59783,0.74331,0
0.17819,-0.24511,-0.59696,0.74284,0
0.17964,-0.2485,-0.59589,0.74222,0
0.18132,-0.25215,-0.59463,0.7416,0
0.18284,-0.25576,-0.59325,0.74108,0
0.184,-0.25915,-0.59181,0.74077,0
0.18479,-0.26216,-0.5904,0.74064,0
0.1854,-0.26474,-0.58913,0.74059,0
0.18592,-0.26687,-0.58804,0.74055,0
0.1864,-0.2686,-0.58728,0.74041,0
0.18678,-0.26992,-0.58683,0.7402,0
0.18674,-0.27062,-0.58671,0.74004,0
0.18605,-0.27056,-0.58692,0.74007,0
0.18463,-0.26974,-0.58744,0.74031,0
0.18279,-0.26855,-0.5881,0.74068,0
0.18103,-0.26737,-0.58867,0.74108,0
0.17949,-0.26623,-0.58903,0.74159,0
0.1781,-0.26514,-0.58922,0.74216,0
0.17679,-0.26411,-0.5893,0.74278,0
0.17548,-0.26313,-0.58937,0.74338,0
0.17405,-0.2621,-0.58948,0.74399,0
0.17238,-0.26087,-0.58964,0.74469,0
0.17042,-0.25943,-0.58986,0.74546,0
0.16833,-0.25787,-0.59014,0.74626,0
0.16628,-0.25625,-0.59047,0.74701,0
0.16429,-0.25456,-0.59086,0.74772,0
0.16226,-0.2528,-0.59133,0.7484,0
0.1601,-0.25091,-0.5919,0.74904,0
0.15777,-0.24882,-0.59257,0.74971,0
0.15522,-0.24651,-0.59335,0.75038,0
0.15243,-0.24403,-0.5942,0.75109,0
0.14947,-0.24142,-0.59506,0.75185,0
0.14639,-0.23879,-0.59579,0.75272,0
0.14329,-0.23618,-0.59632,0.75372,0
0.14028,-0.2336,-0.59655,0.7549,0
0.13735,-0.23099,-0.59647,0.75631,0
0.13429,-0.22832,-0.59608,0.75798,0
0.13096,-0.22569,-0.59536,0.7599,0
0.12734,-0.22331,-0.59419,0.76214,0
0.12377,-0.22126,-0.59262,0.76454,0
0.12064,-0.21971,-0.59068,0.76699,0
0.11819,-0.21886,-0.58843,0.76934,0
0.11611,-0.21869,-0.58598,0.77157,0
0.11378,-0.21894,-0.58336,0.77383,0
0.11092,-0.21951,-0.58032,0.77636,0
0.10784,-0.22071,-0.57661,0.77922,0
0.10493,-0.22289,-0.5721,0.78231,0
0.10238,-0.2264,-0.56695,0.78538,0
0.10021,-0.23166,-0.56107,0.78835,0
0.098358,-0.23864,-0.55441,0.79121,0
0.096952,-0.24727,-0.54693,0.79393,0
0.096108,-0.25737,-0.5387,0.79644,0
0.095799,-0.26866,-0.52979,0.79873,0
0.096077,-0.28081,-0.52029,0.80076,0
0.097129,-0.29373,-0.51027,0.80244,0
0.098323,-0.30701,-0.50018,0.80368,0
0.098624,-0.32012,-0.49026,0.80464,0
0.097009,-0.33215,-0.48061,0.80578,0
0.092695,-0.34213,-0.47125,0.80763,0
0.085718,-0.3494,-0.46203,0.81062,0
0.076519,-0.3535,-0.45276,0.81498,0
0.065837,-0.35478,-0.4432,0.82059,0
0.054864,-0.35432,-0.4331,0.82697,0
0.044879,-0.35306,-0.4225,0.83356,0
0.036348,-0.35135,-0.4118,0.84003,0
0.029333,-0.34972,-0.40149,0.84596,0
0.023445,-0.34885,-0.39209,0.85089,0
0.018101,-0.34911,-0.38399,0.8546,0
0.012979,-0.35052,-0.37715,0.85716,0
0.0081555,-0.35288,-0.37153,0.85871,0
0.0039247,-0.35596,-0.36721,0.85932,0
0.00014045,-0.35918,-0.36435,0.85921,0
0.0037622,0.36143,0.36309,-0.85879,0
0.0082172,0.36143,0.36349,-0.85859,0
0.013455,0.35862,0.3656,-0.85881,0
0.019527,0.35318,0.36958,-0.85924,0
0.025955,0.3463,0.37511,-0.85947,0
0.031913,0.33963,0.38154,-0.85911,0
0.036802,0.33445,0.38841,-0.85786,0
0.040503,0.33153,0.39484,-0.85589,0
0.043954,0.3302,0.40006,-0.85381,0
0.048976,0.32825,0.40398,-0.85244,0
0.057464,0.3233,0.40706,-0.85234,0
0.069377,0.31638,0.40917,-0.85304,0
0.08217,0.31219,0.40911,-0.85347,0
0.092976,0.31528,0.40595,-0.85274,0
0.10026,0.32758,0.40031,-0.84994,0
0.10465,0.34665,0.39494,-0.84434,0
0.10657,0.36987,0.39158,-0.83577,0
0.10532,0.39629,0.38952,-0.8247,0
0.10013,0.42516,0.38683,-0.81214,0
0.090617,0.45566,0.38237,-0.79872,0
0.076761,0.48715,0.37649,-0.78425,0
0.059473,0.51898,0.37059,-0.76798,0
0.040845,0.54878,0.36647,-0.75025,0
0.026127,0.57092,0.36447,-0.7352,0
0.018853,0.58291,0.3632,-0.7266,0
0.021364,0.58422,0.36231,-0.72592,0
0.033544,0.57757,0.36099,-0.73142,0
0.052028,0.56653,0.35841,-0.74019,0
0.071795,0.55407,0.35488,-0.74961,0
0.087842,0.54146,0.35177,-0.75853,0
0.097713,0.52835,0.35071,-0.76701,0
0.10218,0.51451,0.35237,-0.77503,0
0.10378,0.50046,0.3562,-0.78223,0
0.10439,0.48664,0.36171,-0.78832,0
0.10479,0.47335,0.36839,-0.79325,0
0.10487,0.46122,0.37557,-0.79701,0
0.10414,0.45118,0.38248,-0.79956,0
0.10223,0.44418,0.38844,-0.80085,0
0.099161,0.44085,0.39281,-0.80095,0
0.095976,0.44088,0.39454,-0.80047,0
0.094116,0.44192,0.39384,-0.80046,0
0.094615,0.44231,0.39122,-0.80147,0
0.096899,0.442,0.38786,-0.803,0
0.099298,0.44232,0.38477,-0.80402,0
0.10056,0.44438,0.38243,-0.80384,0
0.10045,0.44824,0.38113,-0.80233,0
0.099596,0.45318,0.38102,-0.79971,0
0.098592,0.45872,0.38203,-0.79618,0
0.097446,0.46481,0.38371,-0.79197,0
0.095956,0.47143,0.38569,-0.78727,0
0.094218,0.47823,0.38779,-0.78233,0
0.092657,0.48459,0.38991,-0.77753,0
0.091714,0.48989,0.39185,-0.77334,0
0.091654,0.49391,0.39336,-0.77001,0
0.092943,0.49676,0.3941,-0.76764,0
0.095853,0.49916,0.39343,-0.76607,0
0.099867,0.50224,0.39077,-0.7649,0
0.10434,0.50763,0.3858,-0.76327,0
0.1087,0.51662,0.3784,-0.76033,0
0.11201,0.52932,0.3689,-0.75576,0
0.11254,0.54575,0.35869,-0.74889,0
0.10885,0.56426,0.34992,-0.73981,0
0.10035,0.58205,0.34502,-0.72946,0
0.090575,0.59568,0.3457,-0.71934,0
0.084656,0.60311,0.34975,-0.71188,0
0.084158,0.60454,0.35455,-0.70834,0
0.088499,0.601,0.35825,-0.70896,0
0.095688,0.59283,0.36086,-0.71356,0
0.10353,0.57985,0.36355,-0.72173,0
0.11043,0.56322,0.36687,-0.73212,0
0.11589,0.54447,0.37097,-0.74331,0
0.11996,0.52604,0.37574,-0.75347,0
0.12294,0.50944,0.38142,-0.7615,0
0.12512,0.49483,0.38854,-0.76716,0
0.12687,0.48142,0.39691,-0.7711,0
0.12838,0.46835,0.40595,-0.77419,0
0.12946,0.4556,0.4149,-0.77687,0
0.13003,0.44378,0.4228,-0.77935,0
0.13076,0.43324,0.42896,-0.78179,0
0.13266,0.42413,0.43302,-0.78423,0
0.1357,0.41644,0.43544,-0.78648,0
0.13934,0.41074,0.43666,-0.78816,0
0.14278,0.40719,0.43711,-0.78914,0
0.14535,0.40585,0.43706,-0.78939,0
0.14675,0.4066,0.43705,-0.78875,0
0.14684,0.40953,0.43747,-0.78698,0
0.14583,0.41424,0.43866,-0.78403,0
0.14389,0.42032,0.44085,-0.77993,0
0.14155,0.42719,0.44372,-0.77498,0
0.13924,0.43449,0.44672,-0.76959,0
0.13706,0.44185,0.44941,-0.76421,0
0.13493,0.44914,0.45143,-0.75913,0
0.133,0.45633,0.4524,-0.75459,0
0.13175,0.46332,0.45208,-0.75073,0
0.13118,0.47038,0.45032,-0.74749,0
0.13107,0.4786,0.44633,-0.74468,0
0.13095,0.48885,0.44055,-0.74148,0
0.13022,0.50211,0.43298,-0.73719,0
0.12797,0.51821,0.42429,-0.73147,0
0.12347,0.53561,0.41565,-0.72465,0
0.11702,0.55224,0.40832,-0.71737,0
0.10948,0.56591,0.40382,-0.71042,0
0.10293,0.5748,0.40303,-0.70468,0
0.10028,0.57773,0.40506,-0.70149,0
0.10183,0.57591,0.40785,-0.70115,0
0.10621,0.57028,0.41034,-0.70365,0
0.11197,0.56089,0.41236,-0.7091,0
0.11781,0.54761,0.41416,-0.71743,0
0.12282,0.53195,0.41607,-0.72721,0
0.1266,0.51621,0.41842,-0.73649,0
0.12909,0.50187,0.42155,-0.74415,0
0.13048,0.48951,0.42592,-0.74963,0
0.13116,0.47886,0.43129,-0.75331,0
0.13088,0.46986,0.43705,-0.7557,0
0.12943,0.46256,0.44271,-0.75716,0
0.12735,0.45686,0.44768,-0.75805,0
0.12582,0.45257,0.4512,-0.7588,0
0.12636,0.44929,0.45278,-0.75971,0
0.12975,0.44644,0.45261,-0.76092,0
0.1357,0.44341,0.45113,-0.76253,0
0.14251,0.44024,0.44875,-0.76453,0
0.14882,0.43768,0.44568,-0.76659,0
0.15404,0.43645,0.44225,-0.76824,0
0.15795,0.43709,0.43905,-0.76892,0
0.1605,0.43962,0.43663,-0.76833,0
0.16169,0.44381,0.43525,-0.76645,0
0.16126,0.44962,0.43486,-0.76337,0
0.1589,0.45704,0.43513,-0.75929,0
0.15487,0.46557,0.43558,-0.75467,0
0.1498,0.47478,0.43583,-0.7498,0
0.14463,0.48412,0.4353,-0.74513,0
0.14033,0.49286,0.43343,-0.7413,0
0.13736,0.50063,0.42958,-0.73889,0
0.13574,0.5077,0.42339,-0.73794,0
0.13531,0.51528,0.41551,-0.73725,0
0.13524,0.5255,0.40685,-0.73487,0
0.13369,0.5394,0.39811,-0.72985,0
0.12894,0.55542,0.39004,-0.72302,0
0.12059,0.57085,0.38389,-0.71569,0
0.11055,0.58245,0.38113,-0.70942,0
0.10206,0.58824,0.38206,-0.7054,0
0.097072,0.58862,0.38545,-0.70393,0
0.095937,0.58449,0.38963,-0.70523,0
0.098061,0.57614,0.39318,-0.70983,0
0.10193,0.56406,0.39598,-0.71739,0
0.10617,0.54934,0.3988,-0.72658,0
0.10976,0.53364,0.40205,-0.73589,0
0.11199,0.51867,0.40583,-0.74414,0
0.1125,0.50592,0.41005,-0.7505,0
0.1116,0.49559,0.41477,-0.75492,0
0.11027,0.48667,0.42025,-0.75788,0
0.10974,0.47786,0.42658,-0.76002,0
0.11087,0.46814,0.43304,-0.76225,0
0.11349,0.45771,0.43862,-0.765,0
0.11736,0.44733,0.44253,-0.7683,0
0.12225,0.43765,0.44438,-0.77203,0
0.12785,0.42899,0.44426,-0.77605,0
0.13361,0.42147,0.44259,-0.78014,0
0.13879,0.41544,0.43988,-0.784,0
0.14254,0.41171,0.43677,-0.78703,0
0.14421,0.41116,0.43411,-0.78848,0
0.14386,0.41383,0.43256,-0.788,0
0.14179,0.41933,0.43235,-0.78558,0
0.13811,0.42726,0.43335,-0.7814,0
0.13277,0.43737,0.43499,-0.7758,0
0.1261,0.44904,0.43639,-0.76943,0
0.11901,0.46139,0.43672,-0.76305,0
0.11266,0.47368,0.43533,-0.75725,0
0.108,0.48571,0.43157,-0.75244,0
0.10505,0.49754,0.42483,-0.74896,0
0.10326,0.50955,0.41458,-0.74687,0
0.1008,0.52271,0.40264,-0.74464,0
0.096147,0.53693,0.39154,-0.74105,0
0.089822,0.54908,0.38294,-0.73742,0
0.084887,0.55535,0.37781,-0.73596,0
0.083692,0.55534,0.3767,-0.73668,0
0.086282,0.55159,0.37895,-0.73803,0
0.09124,0.54641,0.38288,-0.73926,0
0.097359,0.54011,0.38714,-0.74089,0
0.10426,0.53162,0.39066,-0.74424,0
0.11268,0.51969,0.39289,-0.75024,0
0.12286,0.50446,0.39413,-0.75834,0
0.13341,0.4877,0.39514,-0.76695,0
0.14168,0.47241,0.3966,-0.77425,0
0.14567,0.46174,0.3989,-0.77875,0
0.14626,0.45667,0.40213,-0.77997,0
0.14533,0.45675,0.40611,-0.77803,0
0.14506,0.45958,0.41048,-0.77411,0
0.1468,0.46214,0.41496,-0.76987,0
0.15088,0.4622,0.41917,-0.76675,0
0.15655,0.45969,0.42295,-0.76505,0
0.16285,0.45586,0.4263,-0.76416,0
0.16902,0.45172,0.42887,-0.76384,0
0.1752,0.44695,0.43051,-0.76433,0
0.1817,0.44131,0.43124,-0.76568,0
0.18825,0.43584,0.43124,-0.76723,0
0.19393,0.43245,0.43116,-0.76778,0
0.19779,0.4324,0.43169,-0.76652,0
0.1992,0.436,0.43302,-0.76335,0
0.19748,0.44388,0.43494,-0.75816,0
0.19294,0.45548,0.4366,-0.75146,0
0.18669,0.46921,0.43743,-0.74407,0
0.17922,0.48431,0.43733,-0.73625,0
0.17062,0.5001,0.43621,-0.72836,0
0.16055,0.5153,0.43441,-0.72109,0
0.14896,0.5284,0.43328,-0.71475,0
0.13711,0.53854,0.43356,-0.70937,0
0.12769,0.54495,0.43483,-0.70544,0
0.12453,0.54561,0.43557,-0.70504,0
0.12616,0.5424,0.43505,-0.70754,0
0.13128,0.53637,0.43293,-0.71249,0
0.13746,0.52872,0.42936,-0.71917,0
0.14273,0.52063,0.4251,-0.72654,0
0.14628,0.51292,0.42099,-0.73368,0
0.14769,0.50621,0.41758,-0.73998,0
0.1472,0.50056,0.41487,-0.74542,0
0.14507,0.49556,0.4127,-0.75037,0
0.14162,0.49094,0.41103,-0.75497,0
0.13767,0.48644,0.40989,-0.75922,0
0.13416,0.48176,0.40934,-0.76312,0
0.1324,0.47653,0.40914,-0.76681,0
0.13333,0.47032,0.40879,-0.77066,0
0.13703,0.46288,0.40802,-0.77491,0
0.14246,0.45444,0.40675,-0.77958,0
0.14842,0.44516,0.40485,-0.78479,0
0.15355,0.43571,0.40223,-0.79044,0
0.15701,0.42705,0.39929,-0.79596,0
0.15881,0.42022,0.39627,-0.80073,0
0.15949,0.41564,0.39363,-0.80428,0
0.1595,0.41283,0.39195,-0.80654,0
0.15856,0.41196,0.39157,-0.80735,0
0.15608,0.41363,0.39221,-0.80667,0
0.15185,0.41832,0.39322,-0.80457,0
0.14615,0.42601,0.3941,-0.80115,0
0.14005,0.43526,0.3948,-0.79691,0
0.13423,0.44529,0.39529,-0.79211,0
0.12886,0.45543,0.39534,-0.7872,0
0.12344,0.4659,0.39463,-0.78228,0
0.11728,0.4773,0.39299,-0.77717,0
0.11021,0.48989,0.39024,-0.77173,0
0.10269,0.50336,0.38657,-0.76593,0
0.095348,0.51655,0.38257,-0.76008,0
0.088895,0.52707,0.37948,-0.75518,0
0.084029,0.53302,0.37841,-0.75209,0
0.081435,0.53467,0.3794,-0.7507,0
0.081227,0.53303,0.38145,-0.75085,0
0.082791,0.52963,0.38341,-0.75209,0
0.085321,0.52548,0.38474,-0.75404,0
0.087757,0.52075,0.38556,-0.75661,0
0.088857,0.51484,0.38674,-0.75992,0
0.088795,0.5075,0.38927,-0.76357,0
0.088761,0.4984,0.39337,-0.76745,0
0.089966,0.48736,0.39869,-0.77164,0
0.09274,0.47464,0.40484,-0.77603,0
0.096636,0.46082,0.41145,-0.7804,0
0.10112,0.44645,0.41829,-0.78453,0
0.10554,0.43211,0.42518,-0.78826,0
0.10958,0.4184,0.43186,-0.79147,0
0.11346,0.4058,0.43795,-0.79414,0
0.11765,0.3946,0.44305,-0.79634,0
0.12228,0.38513,0.44678,-0.79819,0
0.12707,0.37794,0.44879,-0.79975,0
0.13144,0.37329,0.44922,-0.80099,0
0.13474,0.37118,0.4487,-0.80171,0
0.13648,0.3716,0.44788,-0.80168,0
0.13622,0.37496,0.44705,-0.80062,0
0.13423,0.38111,0.44638,-0.79842,0
0.13108,0.38934,0.44607,-0.79514,0
0.12725,0.39896,0.44616,-0.79093,0
0.12306,0.40928,0.44646,-0.78615,0
0.11873,0.41985,0.4467,-0.78108,0
0.11472,0.4301,0.44665,-0.77612,0
0.11181,0.43938,0.44619,-0.77159,0
0.11085,0.44723,0.44508,-0.76785,0
0.11196,0.45397,0.44277,-0.76507,0
0.11454,0.46065,0.43895,-0.76289,0
0.11745,0.46854,0.43361,-0.7607,0
0.11883,0.47883,0.42733,-0.75762,0
0.11759,0.49142,0.42096,-0.75331,0
0.11426,0.50486,0.41493,-0.74827,0
0.11017,0.51757,0.40951,-0.74316,0
0.10688,0.52795,0.40527,-0.73865,0
0.105,0.53521,0.40275,-0.73507,0
0.10427,0.53922,0.40177,-0.73277,0
0.10465,0.53964,0.40154,-0.73254,0
0.10631,0.5363,0.40142,-0.73481,0
0.10911,0.52919,0.40148,-0.7395,0
0.11231,0.51904,0.40233,-0.74573,0
0.11505,0.50732,0.40453,-0.75216,0
0.11688,0.49535,0.40812,-0.7579,0
0.11782,0.48402,0.41253,-0.76267,0
0.1182,0.47365,0.41706,-0.76665,0
0.11844,0.46409,0.4214,-0.77007,0
0.11883,0.45504,0.42561,-0.77309,0
0.11955,0.44628,0.42979,-0.77577,0
0.12081,0.43772,0.4337,-0.77827,0
0.12295,0.42941,0.43688,-0.78078,0
0.12625,0.42156,0.43906,-0.78331,0
0.13049,0.41447,0.44016,-0.78577,0
0.13495,0.40846,0.4403,-0.78809,0
0.13904,0.40379,0.43972,-0.79011,0
0.14257,0.40063,0.43862,-0.79169,0
0.14551,0.39907,0.43731,-0.79267,0
0.14783,0.399,0.43611,-0.79294,0
0.1494,0.40024,0.43522,-0.79251,0
0.14989,0.40278,0.43493,-0.79129,0
0.1487,0.40692,0.43533,-0.78917,0
0.14597,0.41251,0.43628,-0.78625,0
0.14218,0.41924,0.4377,-0.78258,0
0.13814,0.42638,0.43945,-0.77846,0
0.13427,0.43317,0.44118,-0.7744,0
0.13047,0.43945,0.44253,-0.77073,0
0.12636,0.44575,0.44296,-0.76754,0
0.12165,0.45301,0.44203,-0.76459,0
0.11627,0.46183,0.43935,-0.76169,0
0.10957,0.47214,0.43501,-0.75885,0
0.10037,0.48326,0.43015,-0.75588,0
0.087701,0.49444,0.42562,-0.75278,0
0.072727,0.50441,0.42088,-0.75042,0
0.059205,0.51243,0.41423,-0.74989,0
0.049475,0.51857,0.40394,-0.75198,0
0.042692,0.52272,0.38946,-0.75714,0
0.036054,0.52425,0.37196,-0.76518,0
0.028097,0.52226,0.35367,-0.77548,0
0.019621,0.5164,0.33575,-0.78754,0
0.010942,0.5069,0.3191,-0.80069,0
0.0015465,0.49494,0.30436,-0.81388,0
0.010149,-0.48241,-0.29217,0.82572,0
0.026238,-0.47145,-0.28245,0.83503,0
0.048148,-0.46305,-0.27451,0.84138,0
0.075584,-0.45666,-0.26714,0.84521,0
0.10681,-0.45103,-0.25906,0.84738,0
0.13879,-0.44546,-0.2502,0.84836,0
0.17048,-0.44087,-0.24109,0.84761,0
0.20133,-0.43818,-0.23213,0.84474,0
0.23054,-0.43671,-0.22346,0.84036,0
0.25748,-0.43526,-0.2153,0.8354,0
0.28181,-0.4338,-0.20802,0.83014,0
0.30464,-0.43296,-0.20151,0.8241,0
0.32786,-0.43213,-0.19521,0.81711,0
0.35247,-0.43075,-0.18884,0.80905,0
0.37833,-0.4304,-0.18206,0.79905,0
0.40537,-0.43371,-0.17391,0.7857,0
0.43414,-0.44449,-0.16255,0.7665,0
0.46318,-0.46286,-0.14767,0.74123,0
0.48982,-0.48334,-0.13329,0.71322,0
0.51557,-0.49696,-0.13067,0.68567,0
0.53859,-0.50424,-0.1456,0.65914,0
0.55021,-0.51093,-0.17872,0.63582,0
0.54353,-0.51471,-0.22849,0.62245,0
0.52282,-0.50472,-0.27506,0.62949,0
0.49238,-0.48996,-0.3087,0.64978,0
0.45106,-0.47845,-0.33446,0.67511,0
0.39818,-0.46643,-0.35739,0.70439,0
0.3443,-0.45265,-0.37033,0.73446,0
0.29279,-0.44445,-0.37298,0.76002,0
0.24081,-0.44358,-0.36862,0.78062,0
0.18963,-0.44883,-0.35546,0.79765,0
0.14302,-0.46231,-0.3348,0.80853,0
0.10252,-0.48106,-0.31181,0.81293,0
0.066409,-0.49836,-0.28661,0.81553,0
0.033588,-0.5177,-0.2579,0.81507,0
0.00116,-0.54368,-0.23143,0.80676,0
0.035825,0.56986,0.21452,-0.79244,0
0.078409,0.58618,0.20536,-0.77979,0
0.12558,0.59029,0.19909,-0.77211,0
0.17709,0.58285,0.19487,-0.76873,0
0.22907,0.56685,0.19369,-0.76726,0
0.27611,0.54958,0.1975,-0.76336,0
0.31853,0.53746,0.20675,-0.75294,0
0.36308,0.52943,0.21912,-0.73475,0
0.41523,0.52299,0.23081,-0.70767,0
0.46832,0.51387,0.23107,-0.68061,0
0.51521,0.48471,0.23913,-0.66516,0
0.56813,0.428,0.24553,-0.65861,0
0.59516,0.43944,0.25426,-0.62292,0
0.60466,0.42155,0.28103,-0.61457,0
0.56984,0.42953,0.32,-0.62321,0
0.50357,0.49265,0.35702,-0.61339,0
0.45315,0.54646,0.36019,-0.60522,0
0.43428,0.54029,0.32728,-0.64216,0
0.41152,0.53056,0.29257,-0.68085,0
0.39586,0.51919,0.26539,-0.70944,0
0.38609,0.48166,0.24245,-0.74844,0
0.37288,0.41791,0.22294,-0.79787,0
0.34531,0.37508,0.22333,-0.83078,0
0.2943,0.38504,0.24063,-0.84097,0
0.23163,0.41656,0.25508,-0.84129,0
0.17169,0.46065,0.26378,-0.82991,0
0.11766,0.51786,0.2666,-0.8043,0
0.07678,0.56858,0.26379,-0.77539,0
0.048784,0.60478,0.25657,-0.75235,0
0.02485,0.62968,0.24826,-0.7357,0
0.0023427,0.64378,0.24357,-0.72541,0
0.013247,-0.64464,-0.24546,0.72389,0
0.017515,-0.63357,-0.25108,0.7316,0
0.015212,-0.61813,-0.25479,0.74348,0
0.0094598,-0.60045,-0.25717,0.75712,0
0.00070277,-0.58118,-0.26086,0.77083,0
0.009344,0.56329,0.26565,-0.78233,0
0.017669,0.54976,0.26992,-0.79031,0
0.022135,0.54206,0.27277,-0.79453,0
0.022932,0.53896,0.27419,-0.79613,0
0.021326,0.53903,0.27402,-0.79618,0
0.019594,0.54073,0.27315,-0.79537,0
0.018571,0.54333,0.27274,-0.79376,0
0.018615,0.54586,0.27367,-0.79171,0
0.019858,0.54749,0.27578,-0.78981,0
0.022268,0.54801,0.27828,-0.78851,0
0.025842,0.54737,0.28061,-0.78802,0
0.030409,0.54553,0.28268,-0.7884,0
0.035397,0.54257,0.28483,-0.78945,0
0.039835,0.53909,0.28727,-0.79074,0
0.043167,0.53567,0.29,-0.79189,0
0.045364,0.53294,0.29288,-0.79255,0
0.046493,0.5315,0.2957,-0.7924,0
0.04687,0.53141,0.29834,-0.79145,0
0.046979,0.53205,0.30061,-0.79016,0
0.047079,0.5329,0.30232,-0.78893,0
0.047291,0.53358,0.30355,-0.78798,0
0.047552,0.53364,0.30464,-0.7875,0
0.047537,0.53317,0.30569,-0.78742,0
0.04707,0.53246,0.30669,-0.78753,0
0.046255,0.53166,0.30759,-0.78777,0
0.045317,0.53077,0.3084,-0.78811,0
0.04456,0.52965,0.30926,-0.78857,0
0.044186,0.52801,0.31032,-0.78928,0
0.044069,0.52587,0.31171,-0.79016,0
0.043834,0.5237,0.3134,-0.79095,0
0.043288,0.5218,0.3152,-0.79152,0
0.042312,0.52032,0.31702,-0.79182,0
0.040816,0.51938,0.31897,-0.79173,0
0.038874,0.51875,0.32119,-0.79134,0
0.036563,0.51823,0.32367,-0.79078,0
0.033791,0.51791,0.32632,-0.79002,0
0.030366,0.51793,0.32897,-0.78905,0
0.02613,0.51813,0.33149,-0.78802,0
0.021147,0.51847,0.33392,-0.78692,0
0.015842,0.51878,0.3362,-0.78587,0
0.010649,0.51877,0.3382,-0.7851,0
0.0057416,0.51857,0.33982,-0.78459,0
0.00077124,0.51859,0.3408,-0.78417,0
0.0049477,-0.51836,-0.34108,0.78419,0
0.011448,-0.5166,-0.34086,0.78537,0
0.018164,-0.51238,-0.34014,0.78832,0
0.02442,-0.506,-0.3386,0.79292,0
0.030027,-0.4991,-0.33566,0.79833,0
0.035415,-0.49273,-0.33141,0.80382,0
0.041154,-0.48712,-0.32645,0.80898,0
0.047628,-0.48183,-0.32122,0.81387,0
0.055284,-0.47578,-0.31622,0.81889,0
0.064112,-0.46781,-0.31222,0.82436,0
0.073269,-0.45704,-0.30979,0.83053,0
0.081456,-0.4431,-0.30889,0.83762,0
0.087958,-0.42625,-0.30936,0.8455,0
0.092294,-0.40671,-0.31147,0.85385,0
0.09401,-0.38476,-0.31583,0.86219,0
0.093234,-0.36108,-0.32292,0.86986,0
0.090735,-0.33648,-0.33278,0.87625,0
0.087417,-0.31182,-0.34497,0.88098,0
0.083859,-0.28832,-0.35882,0.88379,0
0.080216,-0.26641,-0.37316,0.88507,0
0.076198,-0.24642,-0.38752,0.88504,0
0.071559,-0.22836,-0.4016,0.88399,0
0.066571,-0.21247,-0.415,0.88216,0
0.06188,-0.19901,-0.42717,0.87982,0
0.058209,-0.18841,-0.43735,0.87741,0
0.05559,-0.18096,-0.44519,0.8752,0
0.053306,-0.17697,-0.45096,0.8732,0
0.050277,-0.1764,-0.45545,0.87116,0
0.046107,-0.17847,-0.45946,0.86886,0
0.041154,-0.18262,-0.46325,0.86623,0
0.036312,-0.18874,-0.46678,0.86324,0
0.032511,-0.19651,-0.47005,0.85987,0
0.030068,-0.20541,-0.47335,0.85606,0
0.028621,-0.21474,-0.47691,0.85184,0
0.027435,-0.22399,-0.48042,0.84751,0
0.024788,-0.23324,-0.48326,0.84347,0
0.01684,-0.24333,-0.48508,0.83977,0
0.0047665,0.25584,0.48369,-0.837,0
0.041369,0.27148,0.47508,-0.836,0
0.059626,0.29334,0.46199,-0.83484,0
0.037821,0.31966,0.4592,-0.82797,0
0.0061878,0.32912,0.47259,-0.8175,0
0.011808,-0.3216,-0.4941,0.80765,0
0.015954,-0.30861,-0.51441,0.79993,0
0.015398,-0.29697,-0.53253,0.79245,0
0.015074,-0.28887,-0.55026,0.78329,0
0.018111,-0.28255,-0.5673,0.77331,0
0.022815,-0.27621,-0.58202,0.76449,0
0.030374,-0.27216,-0.59357,0.75675,0
0.041719,-0.27082,-0.59989,0.7517,0
0.054781,-0.2702,-0.6004,0.75068,0
0.069479,-0.27058,-0.59779,0.7514,0
0.086927,-0.27211,-0.59545,0.75089,0
0.10769,-0.27412,-0.59388,0.74871,0
0.13125,-0.27565,-0.59189,0.74596,0
0.15663,-0.27585,-0.58886,0.74338,0
0.1828,-0.27546,-0.58465,0.74088,0
0.20897,-0.27535,-0.57911,0.73834,0
0.23394,-0.27487,-0.57266,0.73606,0
0.25591,-0.27267,-0.56582,0.73485,0
0.27494,-0.26884,-0.55915,0.7345,0
0.29062,-0.26375,-0.55312,0.73487,0
0.30312,-0.2583,-0.54814,0.73549,0
0.31177,-0.25399,-0.54455,0.73604,0
0.31393,-0.25158,-0.54207,0.73777,0
0.3061,-0.25089,-0.54032,0.74257,0
0.2947,-0.25188,-0.53845,0.74818,0
0.29231,-0.25706,-0.53292,0.75131,0
0.29537,-0.26383,-0.52851,0.75088,0
0.29937,-0.27137,-0.52528,0.74888,0
0.30387,-0.28011,-0.52234,0.7459,0
0.31214,-0.29248,-0.51933,0.73981,0
0.32658,-0.31081,-0.51551,0.72869,0
0.34333,-0.3329,-0.51377,0.71228,0
0.3566,-0.35508,-0.51883,0.69107,0
0.36161,-0.37228,-0.53158,0.66938,0
0.36087,-0.3823,-0.54257,0.65516,0
0.35681,-0.38801,-0.54743,0.64996,0
0.34979,-0.3919,-0.54942,0.64977,0
0.34199,-0.39373,-0.54975,0.65253,0
0.33481,-0.39409,-0.54731,0.65806,0
0.32935,-0.39456,-0.5415,0.6653,0
0.32603,-0.39542,-0.53337,0.67295,0
0.32388,-0.3962,-0.52565,0.67958,0
0.32183,-0.39667,-0.5212,0.68368,0
0.32012,-0.39735,-0.51919,0.68562,0
0.3195,-0.39847,-0.51836,0.68589,0
0.32021,-0.40005,-0.51776,0.68509,0
0.32232,-0.4024,-0.51665,0.68356,0
0.32561,-0.40554,-0.51491,0.68145,0
0.3298,-0.40899,-0.51265,0.67908,0
0.33422,-0.41206,-0.51029,0.67684,0
0.33795,-0.4142,-0.50841,0.67509,0
0.34022,-0.41522,-0.50727,0.67418,0
0.34042,-0.41504,-0.507,0.6744,0
0.33865,-0.41384,-0.50731,0.67579,0
0.33534,-0.41184,-0.50792,0.6782,0
0.33086,-0.40937,-0.50897,0.6811,0
0.32573,-0.40681,-0.51032,0.68409,0
0.3204,-0.40441,-0.51172,0.68698,0
0.31517,-0.4024,-0.5131,0.68954,0
0.31001,-0.40078,-0.51462,0.69169,0
0.30504,-0.39946,-0.51605,0.6936,0
0.30063,-0.39873,-0.51702,0.69521,0
0.297,-0.39886,-0.51747,0.69636,0
0.2942,-0.40001,-0.51749,0.69688,0
0.29216,-0.40212,-0.5172,0.69675,0
0.29078,-0.40487,-0.51674,0.69606,0
0.28991,-0.40792,-0.51636,0.69493,0
0.28917,-0.41092,-0.51631,0.69351,0
0.28825,-0.41365,-0.5166,0.69205,0
0.28701,-0.41601,-0.51719,0.6907,0
0.28531,-0.41785,-0.51823,0.68952,0
0.28308,-0.41899,-0.51972,0.68862,0
0.28051,-0.4196,-0.52134,0.68808,0
0.2778,-0.4199,-0.52287,0.68783,0
0.27501,-0.41997,-0.52431,0.68782,0
0.2722,-0.41979,-0.52561,0.68805,0
0.26955,-0.41937,-0.52675,0.68848,0
0.26721,-0.41888,-0.52769,0.68897,0
0.26524,-0.41849,-0.52844,0.68939,0
0.26371,-0.41828,-0.52901,0.68967,0
0.26259,-0.4182,-0.52943,0.68982,0
0.2618,-0.4182,-0.5297,0.68991,0
0.26135,-0.41835,-0.5297,0.69,0
0.26111,-0.41863,-0.52949,0.69008,0
0.26098,-0.41894,-0.5292,0.69016,0
0.2609,-0.41924,-0.52893,0.69022,0
0.26082,-0.4195,-0.52872,0.69025,0
0.26072,-0.41973,-0.52859,0.69025,0
0.26061,-0.41995,-0.52847,0.69025,0
0.26052,-0.42016,-0.52833,0.69027,0
0.26045,-0.42035,-0.5282,0.69027,0
0.26042,-0.42054,-0.52812,0.69023,0
0.26048,-0.4207,-0.52808,0.69013,0
0.26069,-0.42081,-0.5281,0.68998,0
0.26103,-0.42083,-0.52822,0.68975,0
0.26143,-0.42072,-0.5285,0.68945,0
0.2618,-0.42048,-0.52895,0.68911,0
0.26209,-0.42013,-0.52954,0.68876,0
0.26224,-0.41965,-0.53029,0.68842,0
0.26221,-0.41903,-0.53115,0.68814,0
0.26202,-0.41826,-0.53208,0.68796,0
0.26167,-0.41735,-0.53306,0.68789,0
0.26121,-0.41636,-0.53407,0.68788,0
0.26071,-0.41535,-0.53508,0.68789,0
0.26022,-0.41442,-0.53604,0.6879,0
0.25979,-0.41363,-0.5369,0.68786,0
0.25944,-0.41303,-0.53764,0.68778,0
0.25918,-0.41264,-0.53832,0.68757,0
0.25905,-0.41245,-0.53897,0.68723,0
0.25913,-0.41242,-0.5395,0.6868,0
0.25947,-0.41251,-0.53992,0.6863,0
0.26004,-0.41267,-0.54025,0.68572,0
0.26082,-0.41288,-0.54054,0.68506,0
0.26174,-0.41306,-0.54082,0.68439,0
0.26276,-0.41311,-0.5411,0.68375,0
0.26379,-0.41291,-0.54145,0.6832,0
0.26474,-0.4125,-0.54187,0.68274,0
0.26552,-0.41189,-0.54238,0.6824,0
0.26611,-0.41106,-0.54297,0.68221,0
0.26653,-0.41007,-0.54357,0.68215,0
0.26683,-0.40901,-0.54414,0.68222,0
0.26702,-0.40795,-0.54462,0.6824,0
0.26713,-0.40696,-0.54504,0.68261,0
0.26727,-0.40621,-0.54536,0.68275,0
0.2675,-0.40578,-0.5455,0.68281,0
0.26783,-0.40566,-0.54545,0.68278,0
0.26827,-0.40586,-0.54521,0.68268,0
0.26881,-0.40638,-0.54477,0.68251,0
0.26944,-0.40711,-0.54421,0.68227,0
0.27016,-0.40793,-0.54361,0.68198,0
0.27092,-0.40877,-0.543,0.68166,0
0.27166,-0.40957,-0.54244,0.68133,0
0.27232,-0.41035,-0.54201,0.68094,0
0.2728,-0.41107,-0.54172,0.68055,0
0.27305,-0.41166,-0.54154,0.68023,0
0.27306,-0.41209,-0.54148,0.68001,0
0.27279,-0.41235,-0.5415,0.67995,0
0.2723,-0.41245,-0.54154,0.68006,0
0.27173,-0.41246,-0.5415,0.68031,0
0.27119,-0.41253,-0.54139,0.68057,0
0.27072,-0.4127,-0.5412,0.68081,0
0.27037,-0.41297,-0.5409,0.68102,0
0.27023,-0.41336,-0.54051,0.68114,0
0.27034,-0.41387,-0.54002,0.68119,0
0.27071,-0.41452,-0.53942,0.68112,0
0.27124,-0.41527,-0.5388,0.68094,0
0.27186,-0.41599,-0.53815,0.68076,0
0.27252,-0.41661,-0.53748,0.68064,0
0.27314,-0.41723,-0.53684,0.68052,0
0.27365,-0.41787,-0.5363,0.68036,0
0.27409,-0.41844,-0.53578,0.68023,0
0.27456,-0.419,-0.53525,0.68012,0
0.27506,-0.41971,-0.5347,0.67991,0
0.27571,-0.42054,-0.53397,0.67971,0
0.27647,-0.42135,-0.53312,0.67957,0
0.27739,-0.42223,-0.53208,0.67947,0
0.27843,-0.42323,-0.53103,0.67923,0
0.27946,-0.42432,-0.53022,0.67877,0
0.2806,-0.42563,-0.52956,0.67799,0
0.28189,-0.42718,-0.52894,0.67696,0
0.28339,-0.42875,-0.52812,0.67598,0
0.28502,-0.43026,-0.52707,0.67516,0
0.28664,-0.43184,-0.52592,0.67435,0
0.28814,-0.43356,-0.5249,0.67341,0
0.28952,-0.43534,-0.52407,0.67231,0
0.29091,-0.43709,-0.52342,0.67108,2
0.29221,-0.4387,-0.52296,0.66983,0
0.29341,-0.44018,-0.52252,0.66868,0
0.29451,-0.44154,-0.52197,0.66772,0
0.29549,-0.44281,-0.52136,0.66693,0
0.29627,-0.44416,-0.52095,0.66601,0
0.29698,-0.4456,-0.52071,0.66491,0
0.298,-0.44696,-0.52035,0.66382,0
0.29936,-0.44818,-0.51992,0.66272,0
0.30084,-0.4493,-0.51953,0.66159,0
0.3023,-0.45033,-0.51911,0.66057,0
0.30379,-0.4513,-0.5186,0.65962,0
0.30547,-0.45234,-0.51799,0.65861,0
0.3075,-0.45354,-0.51723,0.65743,0
0.30986,-0.45479,-0.51643,0.65609,0
0.31239,-0.45593,-0.51557,0.65477,0
0.315,-0.45708,-0.51464,0.65345,0
0.31762,-0.45839,-0.51361,0.65208,0
0.32034,-0.45987,-0.5124,0.65065,0
0.32326,-0.46151,-0.51101,0.64914,0
0.32639,-0.46323,-0.50952,0.64751,0
0.32973,-0.46494,-0.5079,0.64587,0
0.33327,-0.46659,-0.50605,0.64431,0
0.3369,-0.46824,-0.5041,0.64275,0
0.3406,-0.46991,-0.50215,0.64111,0
0.34426,-0.47151,-0.50032,0.63941,0
0.3479,-0.47298,-0.4985,0.63777,0
0.35157,-0.47434,-0.4966,0.63622,0
0.35525,-0.47561,-0.49471,0.6347,0
0.35877,-0.4768,-0.49302,0.63315,0
0.36203,-0.47789,-0.49161,0.63156,0
0.36516,-0.47884,-0.49032,0.63004,0
0.36819,-0.47964,-0.48916,0.62857,0
0.37107,-0.48029,-0.48817,0.62716,0
0.3737,-0.48081,-0.48732,0.62585,0
0.37603,-0.48124,-0.48661,0.62467,0
0.37803,-0.48164,-0.48603,0.62362,0
0.37969,-0.48202,-0.48555,0.62268,0
0.38106,-0.48237,-0.48506,0.62195,0
0.38228,-0.4827,-0.48443,0.62144,0
0.38345,-0.48312,-0.48358,0.62106,0
0.38463,-0.48368,-0.48252,0.62071,0
0.38576,-0.48446,-0.48138,0.62029,0
0.38667,-0.48549,-0.48041,0.61967,0
0.38743,-0.48671,-0.47947,0.61897,0
0.38821,-0.48802,-0.4784,0.61828,0
0.38896,-0.48945,-0.47716,0.61763,0
0.38964,-0.49105,-0.4758,0.61698,0
0.39025,-0.49287,-0.47429,0.61631,0
0.3909,-0.49492,-0.47258,0.61557,0
0.3917,-0.49719,-0.47062,0.61473,0
0.39283,-0.49967,-0.46843,0.61367,0
0.39441,-0.50236,-0.46599,0.61231,0
0.39644,-0.50527,-0.46335,0.61061,0
0.39882,-0.50832,-0.46062,0.60859,0
0.4014,-0.51139,-0.45793,0.60635,0
0.40396,-0.51438,-0.45538,0.60403,0
0.40638,-0.51717,-0.45303,0.60179,0
0.40859,-0.51968,-0.45089,0.59974,0
0.41054,-0.52185,-0.44895,0.59797,0
0.41223,-0.52367,-0.44719,0.59653,0
0.41372,-0.52514,-0.4456,0.5954,0
0.41506,-0.52629,-0.44418,0.59452,0
0.41634,-0.52719,-0.4429,0.59377,0
0.41762,-0.52795,-0.44168,0.59311,0
0.41892,-0.52864,-0.44048,0.59247,0
0.42024,-0.52932,-0.43924,0.59185,0
0.42156,-0.53001,-0.43797,0.59124,0
0.42287,-0.5307,-0.43667,0.59065,0
0.42417,-0.53143,-0.43537,0.59002,0
0.42546,-0.53224,-0.43406,0.58932,0
0.42669,-0.53317,-0.43272,0.58858,0
0.42785,-0.53417,-0.43137,0.58782,0
0.42891,-0.53526,-0.43005,0.58702,0
0.42988,-0.53646,-0.42878,0.58615,0
0.43076,-0.53779,-0.42755,0.58518,0
0.4316,-0.53923,-0.42634,0.58412,0
0.43245,-0.54073,-0.42513,0.58298,0
0.43334,-0.54218,-0.42399,0.5818,0
0.43427,-0.54357,-0.42292,0.58059,0
0.43517,-0.54495,-0.4219,0.57937,0
0.43597,-0.54634,-0.42093,0.57815,0
0.43667,-0.54767,-0.42009,0.57697,0
0.43734,-0.54886,-0.41942,0.57582,0
0.438,-0.54989,-0.41896,0.57467,0
0.4386,-0.5508,-0.4187,0.57352,0
0.43909,-0.55163,-0.41865,0.5724,0
0.43951,-0.55224,-0.41873,0.57142,0
0.43994,-0.55264,-0.4189,0.57058,0
0.44042,-0.55296,-0.4191,0.56975,0
0.44098,-0.55331,-0.41929,0.56884,0
0.44167,-0.5537,-0.41939,0.56785,0
0.44259,-0.55413,-0.41929,0.56679,0
0.44379,-0.55459,-0.41892,0.56567,0
0.44528,-0.55511,-0.41822,0.56451,0
0.44704,-0.5556,-0.41726,0.56335,0
0.44898,-0.55601,-0.41611,0.56225,0
0.45107,-0.55629,-0.41482,0.56125,0
0.4533,-0.55646,-0.41337,0.56035,0
0.4557,-0.55661,-0.41167,0.55951,0
0.45828,-0.55696,-0.40953,0.55863,0
0.46104,-0.55777,-0.40669,0.55762,0
0.46382,-0.55934,-0.4028,0.55655,0
0.46653,-0.56163,-0.39798,0.55547,0
0.4695,-0.56426,-0.39252,0.55418,0
0.47332,-0.56688,-0.38689,0.5522,0
0.4782,-0.56954,-0.38143,0.54906,0
0.48416,-0.5725,-0.37611,0.5444,0
0.49098,-0.57576,-0.37097,0.53836,0
0.49822,-0.57911,-0.36641,0.53118,0
0.50511,-0.58227,-0.36302,0.52349,0
0.511,-0.58496,-0.36088,0.5162,0
0.51544,-0.58678,-0.35994,0.51035,0
0.51841,-0.58746,-0.35992,0.50656,0
0.52031,-0.58698,-0.3604,0.50482,0
0.52159,-0.58542,-0.36084,0.505,0
0.52271,-0.58333,-0.36068,0.50637,0
0.52409,-0.5812,-0.35959,0.50817,0
0.52601,-0.57943,-0.35754,0.50965,0
0.52857,-0.57822,-0.35469,0.51036,0
0.53177,-0.57765,-0.35122,0.51008,0
0.53556,-0.57784,-0.34717,0.50867,0
0.53974,-0.57877,-0.34257,0.50631,0
0.54417,-0.58032,-0.33734,0.5033,0
0.54874,-0.58226,-0.33154,0.49994,0
0.55343,-0.58443,-0.32522,0.49638,0
0.55815,-0.58667,-0.31869,0.49267,0
0.56273,-0.58885,-0.31238,0.48888,0
0.56715,-0.59079,-0.30649,0.48515,0
0.57134,-0.59237,-0.30121,0.4816,0
0.57527,-0.5936,-0.29657,0.47827,0
0.57897,-0.59449,-0.29265,0.47511,0
0.58253,-0.59514,-0.28932,0.47197,0
0.58601,-0.59569,-0.2863,0.46881,0
0.58941,-0.59617,-0.28341,0.46569,0
0.59279,-0.59661,-0.28046,0.4626,0
0.59622,-0.59701,-0.27732,0.45955,0
0.59975,-0.59742,-0.27386,0.4565,0
0.60336,-0.59793,-0.27001,0.45335,0
0.60701,-0.59862,-0.26578,0.45006,0
0.61075,-0.59945,-0.26115,0.4466,0
0.61456,-0.60038,-0.25624,0.44295,0
0.61835,-0.6014,-0.25129,0.43911,0
0.62206,-0.60245,-0.24651,0.43512,0
0.6256,-0.60357,-0.24207,0.43097,0
0.62893,-0.60477,-0.238,0.42669,0
