0.61301,0.55079,0.3953,0.40568,0
0.61328,0.55061,0.39484,0.40598,0
0.61334,0.5506,0.39468,0.40605,0
0.61333,0.55068,0.39465,0.406,0
0.61327,0.55082,0.39467,0.40587,0
0.61319,0.5511,0.3946,0.40567,0
0.61314,0.55145,0.39443,0.40546,0
0.6131,0.55176,0.39423,0.40528,0
0.61303,0.55197,0.39415,0.40517,0
0.61296,0.55208,0.39422,0.40507,0
0.61291,0.55214,0.39431,0.40497,0
0.61289,0.55218,0.39438,0.40489,0
0.61286,0.55221,0.39443,0.40483,0
0.61282,0.55224,0.39448,0.40479,0
0.61278,0.55229,0.39452,0.40476,0
0.61274,0.55235,0.39455,0.40471,0
0.6127,0.55244,0.39456,0.40465,0
0.61265,0.55253,0.39457,0.40457,0
0.6126,0.55262,0.3946,0.4045,0
0.61255,0.5527,0.39465,0.40443,0
0.61251,0.55275,0.3947,0.40437,0
0.61245,0.55279,0.39478,0.40432,0
0.61239,0.55282,0.39487,0.40428,0
0.61235,0.55287,0.39491,0.40423,0
0.61231,0.55292,0.39495,0.40419,0
0.61225,0.55298,0.39501,0.40414,0
0.61219,0.55304,0.39509,0.40408,0
0.61213,0.55306,0.39518,0.40405,0
0.61205,0.55307,0.3953,0.40403,0
0.61197,0.55308,0.39541,0.40403,0
0.61188,0.55311,0.39551,0.40403,0
0.61176,0.55318,0.3956,0.40403,0
0.61164,0.55326,0.39567,0.40404,0
0.61152,0.55333,0.39573,0.40407,0
0.61139,0.55338,0.39582,0.40411,0
0.6113,0.55341,0.39589,0.40413,0
0.61121,0.55345,0.39596,0.40415,0
0.61112,0.5535,0.39603,0.40415,0
0.61104,0.55356,0.39607,0.40414,0
0.61093,0.55366,0.39612,0.40412,0
0.6108,0.55378,0.39619,0.40408,0
0.61068,0.5539,0.39626,0.40404,0
0.61058,0.554,0.39633,0.40398,0
0.61053,0.55409,0.39636,0.4039,0
0.61054,0.55416,0.39634,0.4038,0
0.61059,0.55421,0.3963,0.40371,0
0.61066,0.55424,0.39623,0.40362,0
0.6107,0.55428,0.39621,0.40353,0
0.61071,0.55437,0.39619,0.40342,0
0.6107,0.55451,0.39615,0.40328,0
0.61069,0.55469,0.39609,0.4031,0
0.61075,0.55486,0.39597,0.4029,0
0.61082,0.55501,0.39583,0.4027,0
0.61083,0.55514,0.39582,0.40253,0
0.61077,0.55523,0.39592,0.4024,0
0.6107,0.55528,0.39604,0.40233,0
0.61062,0.55536,0.39611,0.40227,0
0.61054,0.55557,0.39606,0.40216,0
0.61048,0.55587,0.39585,0.40202,0
0.61043,0.55616,0.39566,0.4019,0
0.6103,0.55633,0.39566,0.40185,0
0.61009,0.5564,0.39587,0.40185,0
0.60987,0.55641,0.39618,0.40188,0
0.60968,0.55642,0.39645,0.4019,0
0.60952,0.55645,0.39664,0.40189,0
0.6094,0.55651,0.39679,0.40186,0
0.60932,0.55656,0.3969,0.4018,0
0.60929,0.55657,0.39698,0.40176,0
0.60931,0.55654,0.39704,0.40172,0
0.60934,0.55649,0.39708,0.40169,0
0.60935,0.55644,0.39713,0.40168,0
0.60933,0.55643,0.39719,0.40168,0
0.60927,0.55645,0.39723,0.40169,0
0.60921,0.55651,0.39725,0.40168,0
0.60917,0.55659,0.39725,0.40164,0
0.60915,0.55665,0.39723,0.4016,0
0.60914,0.55669,0.39722,0.40158,0
0.6091,0.55669,0.39726,0.40159,0
0.60904,0.55669,0.39731,0.40163,0
0.60895,0.55671,0.39736,0.40168,0
0.60884,0.55677,0.39741,0.40174,0
0.60871,0.55686,0.39744,0.40177,0
0.60858,0.55699,0.39747,0.40176,0
0.60848,0.55712,0.39747,0.40172,0
0.60843,0.55725,0.39743,0.40165,0
0.60842,0.55735,0.39739,0.40157,0
0.60844,0.55743,0.39734,0.4015,0
0.60843,0.55752,0.39729,0.40142,0
0.6084,0.55764,0.39725,0.40134,0
0.60835,0.55779,0.39722,0.40125,0
0.60829,0.55794,0.39719,0.40115,0
0.60825,0.55807,0.39716,0.40107,0
0.60821,0.55818,0.39712,0.401,0
0.60818,0.55826,0.3971,0.40097,0
0.60814,0.55831,0.39709,0.40096,0
0.60809,0.55835,0.39708,0.40098,0
0.60803,0.55841,0.39705,0.40103,0
0.60798,0.55846,0.397,0.4011,0
0.60792,0.5585,0.39695,0.40118,0
0.60787,0.55853,0.39691,0.40126,0
0.60781,0.55854,0.39689,0.40134,0
0.60776,0.55854,0.39688,0.40143,0
0.6077,0.55856,0.39686,0.40152,0
0.60763,0.55861,0.39685,0.40156,0
0.60759,0.55872,0.39678,0.40154,0
0.60753,0.55884,0.39673,0.4015,0
0.60738,0.55897,0.39683,0.40146,0
0.60718,0.55906,0.39701,0.40146,0
0.607,0.55912,0.39715,0.40149,0
0.60684,0.55924,0.39723,0.4015,0
0.6067,0.55947,0.39715,0.40148,0
0.60662,0.55973,0.39697,0.40141,0
0.60653,0.5599,0.3969,0.40137,0
0.60636,0.55997,0.39706,0.40137,0
0.60619,0.55996,0.39734,0.40137,0
0.60608,0.5599,0.39755,0.40141,0
0.60602,0.55986,0.39767,0.40144,0
0.60596,0.55988,0.39772,0.40145,0
0.60591,0.55991,0.39777,0.40145,0
0.60586,0.55994,0.39782,0.40142,0
0.60583,0.55996,0.39788,0.40138,0
0.60582,0.55996,0.39792,0.40135,0
0.60581,0.55996,0.39796,0.40133,0
0.60579,0.55998,0.39799,0.40131,0
0.60577,0.56004,0.39798,0.40125,0
0.60579,0.56009,0.39796,0.40119,0
0.60584,0.56011,0.39794,0.4011,0
0.6059,0.56011,0.39791,0.40104,0
0.60595,0.5601,0.39789,0.40099,0
0.60597,0.56007,0.39791,0.40098,0
0.60593,0.56006,0.39795,0.40102,0
0.60588,0.56009,0.39796,0.40105,0
0.60582,0.56013,0.39797,0.40107,0
0.60575,0.56017,0.39801,0.40108,0
0.60569,0.56022,0.39805,0.40106,0
0.60563,0.56027,0.39808,0.40106,0
0.60555,0.56033,0.3981,0.40107,0
0.60546,0.56039,0.39812,0.4011,0
0.60536,0.56045,0.39814,0.40115,0
0.60528,0.56053,0.39814,0.40116,0
0.60522,0.56061,0.39812,0.40116,0
0.60518,0.56069,0.39808,0.40114,0
0.60517,0.56077,0.39803,0.4011,0
0.60515,0.56082,0.39801,0.40108,0
0.60513,0.56085,0.39799,0.40108,0
0.6051,0.56089,0.39797,0.40109,0
0.60507,0.56095,0.39794,0.40109,0
0.60503,0.56104,0.39787,0.40108,0
0.60499,0.56115,0.39777,0.40109,0
0.60496,0.56125,0.39767,0.40111,0
0.60492,0.56131,0.39761,0.40114,0
0.60488,0.56131,0.3976,0.4012,0
0.60483,0.56128,0.39762,0.4013,0
0.60478,0.56124,0.39764,0.40143,0
0.60474,0.56122,0.3976,0.40154,0
0.60469,0.56124,0.39756,0.40162,0
0.60469,0.56125,0.39751,0.40167,0
0.60476,0.56124,0.39739,0.40169,0
0.60486,0.56122,0.39726,0.40169,0
0.60486,0.56119,0.39726,0.40174,0
0.60476,0.56118,0.39736,0.40182,0
0.60465,0.56116,0.39743,0.40194,0
0.60456,0.56121,0.3974,0.40203,0
0.60458,0.56143,0.39711,0.40197,0
0.60468,0.56171,0.39669,0.40186,0
0.60477,0.56193,0.39635,0.40173,0
0.6048,0.56205,0.39622,0.40165,0
0.60473,0.5621,0.39628,0.40164,0
0.60468,0.56214,0.39631,0.40162,0
0.60467,0.56221,0.39622,0.40161,0
0.60465,0.5623,0.39613,0.40162,0
0.60461,0.56238,0.39607,0.40163,0
0.60455,0.56244,0.39603,0.40167,0
0.6045,0.56243,0.39602,0.40177,0
0.60445,0.56237,0.39603,0.40192,0
0.60439,0.56231,0.39607,0.40206,0
0.60428,0.56231,0.3961,0.40219,0
0.60416,0.56236,0.39611,0.40229,0
0.60405,0.56242,0.39612,0.40236,0
0.60397,0.56244,0.39613,0.40245,0
0.60391,0.56242,0.39614,0.40255,0
0.60388,0.56236,0.39614,0.40267,0
0.60383,0.56231,0.39614,0.40283,0
0.60374,0.56227,0.39617,0.40298,0
0.60366,0.56226,0.39618,0.40312,0
0.60358,0.56225,0.39616,0.40328,0
0.60351,0.56224,0.39613,0.4034,0
0.60344,0.56225,0.39614,0.4035,0
0.60337,0.56225,0.39614,0.4036,0
0.60327,0.56225,0.39616,0.40373,0
0.60317,0.56225,0.39614,0.40389,0
0.6031,0.56225,0.39609,0.40405,0
0.60304,0.56226,0.39604,0.40418,0
0.60298,0.56228,0.39599,0.40429,0
0.60293,0.56229,0.39596,0.40438,0
0.6029,0.5623,0.39595,0.40442,0
0.60291,0.56231,0.39592,0.40442,0
0.60294,0.56232,0.39587,0.4044,0
0.60298,0.56231,0.39583,0.40441,0
0.60299,0.56224,0.39579,0.40452,0
0.60299,0.56217,0.39572,0.40469,0
0.60295,0.56211,0.39565,0.4049,0
0.60291,0.56204,0.39557,0.40513,0
0.60289,0.56198,0.39551,0.4053,0
0.6029,0.56194,0.39546,0.40541,0
0.60292,0.56189,0.39541,0.40548,0
0.60294,0.56187,0.39536,0.40553,0
0.60294,0.56187,0.39531,0.40559,0
0.60291,0.56187,0.39525,0.40568,0
0.60289,0.5619,0.39518,0.40574,0
0.6029,0.56194,0.39509,0.40577,0
0.60294,0.56201,0.39496,0.40573,0
0.60299,0.5621,0.39483,0.40566,0
0.60287,0.56219,0.39493,0.4056,0
0.60271,0.5623,0.39508,0.40554,0
0.60259,0.5624,0.39515,0.40552,0
0.60248,0.56258,0.39513,0.40544,0
0.60243,0.56288,0.3949,0.40534,0
0.60243,0.56318,0.3946,0.40522,0
0.60244,0.56336,0.39441,0.40513,0
0.6024,0.5634,0.39442,0.40511,0
0.60237,0.56336,0.39454,0.40511,0
0.60242,0.5633,0.39457,0.40509,0
0.60249,0.56324,0.39453,0.40512,0
0.60252,0.5632,0.39448,0.40516,0
0.60252,0.5632,0.39444,0.40521,0
0.60252,0.56318,0.39438,0.40529,0
0.60257,0.56317,0.39428,0.40534,0
0.60266,0.56315,0.39417,0.40535,0
0.60273,0.56312,0.39409,0.40534,0
0.60277,0.56311,0.39405,0.40534,0
0.60278,0.56312,0.39402,0.40533,0
0.60279,0.56313,0.39398,0.40534,0
0.60282,0.56316,0.3939,0.40534,0
0.60288,0.56321,0.39377,0.40531,0
0.60293,0.56332,0.3936,0.40524,0
0.60294,0.56343,0.39349,0.40518,0
0.60295,0.56353,0.39341,0.40512,0
0.60298,0.56362,0.39329,0.40505,0
0.60303,0.56368,0.39317,0.40502,0
0.60309,0.56372,0.39304,0.40499,0
0.60317,0.56377,0.39291,0.40494,0
0.60324,0.56385,0.39274,0.40488,0
0.60331,0.56396,0.39256,0.4048,0
0.60336,0.56409,0.39238,0.40472,0
0.6034,0.5642,0.39224,0.40464,0
0.60343,0.56428,0.39214,0.40458,0
0.60343,0.56436,0.39208,0.40452,0
0.60342,0.56445,0.39203,0.40446,0
0.6034,0.56456,0.39199,0.40439,0
0.60338,0.56466,0.39194,0.40433,0
0.60338,0.56474,0.39185,0.4043,0
0.6034,0.56479,0.39177,0.40428,0
0.6034,0.56483,0.39171,0.40428,0
0.60339,0.56486,0.39167,0.40427,0
0.60338,0.56492,0.39166,0.40424,0
0.60335,0.56498,0.39165,0.4042,0
0.60332,0.56507,0.39162,0.40414,0
0.6033,0.56518,0.39159,0.40406,0
0.60328,0.56528,0.39156,0.40397,0
0.60325,0.56535,0.39157,0.4039,0
0.60321,0.56541,0.3916,0.40385,0
0.60316,0.56545,0.39164,0.40383,0
0.60311,0.56551,0.39167,0.40379,0
0.60309,0.56558,0.39166,0.40372,0
0.60313,0.56566,0.39161,0.40362,0
0.6032,0.56574,0.3915,0.4035,0
0.6032,0.56579,0.39152,0.40341,0
0.60311,0.56583,0.39167,0.40334,0
0.60306,0.56584,0.39177,0.40332,0
0.60304,0.56588,0.39179,0.40327,0
0.60303,0.56604,0.3917,0.40315,0
0.60307,0.56628,0.39147,0.40297,0
0.60312,0.56648,0.39126,0.40281,0
0.6031,0.56656,0.39125,0.40275,0
0.603,0.56652,0.39143,0.40278,0
0.6029,0.56643,0.39163,0.40285,0
0.60287,0.56634,0.39171,0.40296,0
0.60284,0.56629,0.39172,0.40306,0
0.6028,0.56628,0.39173,0.40311,0
0.60277,0.56628,0.39177,0.40314,0
0.6028,0.56624,0.39178,0.40312,0
0.60291,0.56618,0.39172,0.4031,0
0.60303,0.56608,0.39164,0.40313,0
0.60312,0.56598,0.39159,0.40321,0
0.60316,0.56589,0.39155,0.4033,0
0.60317,0.56583,0.39151,0.4034,0
0.60315,0.5658,0.39149,0.40351,0
0.60316,0.56576,0.39144,0.40359,0
0.60321,0.5657,0.39139,0.40366,0
0.60325,0.56561,0.39135,0.40376,0
0.60326,0.56549,0.39137,0.40389,0
0.60324,0.56539,0.39141,0.40403,0
0.6032,0.56532,0.39141,0.40418,0
0.60316,0.56528,0.3914,0.4043,0
0.60311,0.56526,0.39142,0.4044,0
0.60305,0.56525,0.39145,0.40446,0
0.60298,0.56523,0.3915,0.40454,0
0.60292,0.5652,0.39154,0.40464,0
0.60287,0.56517,0.39155,0.40475,0
0.60281,0.56517,0.39154,0.40485,0
0.60273,0.5652,0.39152,0.40493,0
0.60266,0.56526,0.39151,0.40497,0
0.60261,0.56532,0.39149,0.40498,0
0.60259,0.56538,0.39147,0.40494,0
0.6026,0.56544,0.39144,0.40487,0
0.60262,0.5655,0.39141,0.40479,0
0.60262,0.56556,0.39137,0.40475,0
0.60261,0.56563,0.39132,0.40472,0
0.60258,0.56571,0.39127,0.40469,0
0.60256,0.56578,0.39124,0.40466,0
0.60253,0.56585,0.39123,0.40462,0
0.60251,0.56591,0.39123,0.40456,0
0.60249,0.56598,0.39122,0.40451,0
0.60247,0.56603,0.3912,0.40447,0
0.60246,0.56609,0.39114,0.40447,0
0.60245,0.56615,0.39107,0.40448,0
0.60243,0.5662,0.391,0.40449,0
0.6024,0.56625,0.39097,0.4045,0
0.60238,0.56631,0.39094,0.40447,0
0.6024,0.56637,0.39087,0.40442,0
0.60241,0.56644,0.3908,0.40437,0
0.60231,0.56652,0.39089,0.40433,0
0.6021,0.56663,0.39107,0.40432,0
0.60189,0.56673,0.39123,0.40433,0
0.6017,0.56688,0.39132,0.40432,0
0.60157,0.56711,0.39126,0.40424,0
0.60153,0.56737,0.39106,0.40413,0
0.60149,0.56756,0.39094,0.40405,0
0.60138,0.56763,0.39103,0.40402,0
0.60121,0.56765,0.39126,0.40402,0
0.60107,0.56767,0.39148,0.40399,0
0.60098,0.56773,0.3916,0.40392,0
0.60092,0.56781,0.39165,0.40385,0
0.60085,0.56789,0.39172,0.40378,0
0.60078,0.56793,0.3918,0.40374,0
0.60075,0.56794,0.39186,0.40373,0
0.60074,0.56793,0.39188,0.40373,0
0.60074,0.56793,0.39188,0.40372,0
0.60072,0.56797,0.39189,0.40369,0
0.60067,0.56801,0.39193,0.40366,0
0.60062,0.56805,0.39199,0.40363,0
0.60058,0.56805,0.39206,0.40362,0
0.60054,0.56804,0.39212,0.40364,0
0.60051,0.56801,0.39218,0.40367,0
0.60047,0.56798,0.39224,0.40372,0
0.6004,0.56793,0.39232,0.40381,0
0.60032,0.56788,0.39239,0.40393,0
0.60025,0.56783,0.39242,0.40408,0
0.60019,0.56777,0.39242,0.40424,0
0.60016,0.56772,0.39242,0.40436,0
0.60015,0.56767,0.39243,0.40443,0
0.60017,0.56764,0.39243,0.40445,0
0.60021,0.56763,0.39242,0.40443,0
0.60025,0.56762,0.39239,0.4044,0
0.6003,0.5676,0.39235,0.40439,0
0.60031,0.56756,0.39234,0.40444,0
0.60028,0.56752,0.39236,0.40452,0
0.60023,0.56749,0.39241,0.40461,0
0.60013,0.56748,0.39249,0.40467,0
0.60003,0.5675,0.39259,0.4047,0
0.59994,0.56753,0.39267,0.40471,0
0.59988,0.56754,0.39272,0.40472,0
0.59984,0.56752,0.39277,0.40477,0
0.59979,0.56745,0.39284,0.40487,0
0.59975,0.56736,0.39291,0.405,0
0.59969,0.56729,0.39297,0.40513,0
0.59961,0.56726,0.39302,0.40523,0
0.59954,0.56726,0.39307,0.40529,0
0.59947,0.56728,0.39312,0.40533,0
0.59941,0.56727,0.39319,0.40535,0
0.59937,0.56725,0.39325,0.40538,0
0.59934,0.56723,0.39331,0.4054,0
0.59931,0.5672,0.39336,0.40543,0
0.59929,0.56719,0.39337,0.40546,0
0.5993,0.56721,0.3933,0.40549,0
0.59929,0.56726,0.39324,0.40551,0
0.59919,0.56731,0.39331,0.40551,0
0.59903,0.56734,0.39349,0.40552,0
0.59888,0.56734,0.39368,0.40555,0
0.59877,0.56743,0.39376,0.40553,0
0.59868,0.56762,0.39368,0.40547,0
0.5986,0.56784,0.39354,0.40541,0
0.59847,0.568,0.39353,0.40539,0
0.59826,0.56807,0.39371,0.40543,0
0.59805,0.56806,0.39399,0.40548,0
0.59791,0.56804,0.39421,0.40551,0
0.59785,0.56803,0.39431,0.40551,0
0.59782,0.56803,0.39437,0.4055,0
0.59777,0.56802,0.39445,0.4055,0
0.59771,0.56801,0.39453,0.40553,0
0.59768,0.56799,0.39454,0.40559,0
0.59769,0.56795,0.39451,0.40566,0
0.59773,0.5679,0.39448,0.4057,0
0.59776,0.56784,0.39447,0.40575,0
0.5978,0.56778,0.39446,0.4058,0
0.59783,0.56771,0.39443,0.40586,0
0.59788,0.56763,0.39441,0.40593,0
0.59793,0.56756,0.39437,0.40599,0
0.59799,0.56753,0.39429,0.40602,0
0.59803,0.56751,0.39425,0.40604,0
0.59806,0.5675,0.39422,0.40604,0
0.59808,0.5675,0.39419,0.40603,0
0.59811,0.5675,0.39414,0.40603,0
0.59814,0.56749,0.39411,0.40604,0
0.59815,0.56745,0.39409,0.40608,0
0.59816,0.56742,0.39407,0.40615,0
0.59816,0.5674,0.39403,0.40621,0
0.59817,0.56742,0.39394,0.40626,0
0.59819,0.56748,0.39381,0.40626,0
0.59823,0.56756,0.39367,0.40622,0
0.59828,0.56761,0.39357,0.40618,0
0.59832,0.56764,0.39351,0.40613,0
0.59834,0.56765,0.39349,0.40611,0
0.59834,0.56767,0.39348,0.40611,0
0.5983,0.56773,0.39344,0.40611,0
0.59826,0.56782,0.39338,0.4061,0
0.59822,0.56794,0.39331,0.40607,0
0.59818,0.56805,0.39327,0.406,0
0.59816,0.56813,0.39326,0.40593,0
0.59814,0.56818,0.39328,0.40587,0
0.59812,0.56821,0.39332,0.40583,0
0.59808,0.56824,0.39333,0.40584,0
0.59803,0.56827,0.39331,0.40589,0
0.59796,0.56831,0.39327,0.40596,0
0.59789,0.56837,0.39321,0.40602,0
0.59785,0.56844,0.39317,0.40604,0
0.59784,0.56848,0.39316,0.406,1
0.59787,0.5685,0.39317,0.40593,0
0.59793,0.56853,0.39314,0.40583,0
0.59804,0.56856,0.39304,0.40572,0
0.59809,0.5686,0.39299,0.40564,0
0.59804,0.56866,0.39305,0.40557,0
0.598,0.56874,0.3931,0.40548,0
0.59799,0.56882,0.39309,0.40538,0
0.59801,0.56897,0.39298,0.40524,0
0.59806,0.56919,0.39275,0.40508,0
0.59809,0.56939,0.39255,0.40496,0
0.59804,0.56948,0.39253,0.40492,0
0.59791,0.5695,0.3927,0.40493,0
0.59777,0.56949,0.39291,0.40495,0
0.59769,0.56949,0.39303,0.40493,0
0.59767,0.56954,0.39305,0.40488,0
0.59765,0.56959,0.39306,0.40482,0
0.59762,0.56962,0.39312,0.40479,0
0.59758,0.56961,0.39318,0.40478,0
0.59761,0.5696,0.39316,0.40478,0
0.59768,0.56958,0.3931,0.40477,0
0.59774,0.56956,0.39306,0.40473,0
0.59781,0.56956,0.39303,0.40465,0
0.59788,0.56958,0.39301,0.40455,0
0.59793,0.56958,0.39301,0.40447,0
0.59797,0.56955,0.39304,0.40443,0
0.59801,0.56949,0.39306,0.40444,0
0.59803,0.56943,0.39307,0.40447,0
0.59803,0.56938,0.39311,0.40452,0
0.59801,0.56934,0.39315,0.40455,0
0.598,0.56933,0.39318,0.40456,0
0.598,0.56933,0.39318,0.40456,0
0.59802,0.56931,0.39318,0.40456,0
0.59806,0.56928,0.39317,0.40455,0
0.5981,0.56924,0.39316,0.40455,0
0.59813,0.56922,0.39313,0.40457,0
0.59817,0.56922,0.39306,0.40459,0
0.59822,0.56923,0.39297,0.40459,0
0.59827,0.56923,0.3929,0.40457,0
0.59834,0.56921,0.39285,0.40454,0
0.59842,0.56919,0.3928,0.40452,0
0.59849,0.56916,0.39276,0.40449,0
0.59855,0.56915,0.39271,0.40445,0
0.5986,0.56916,0.39267,0.40442,0
0.59863,0.56916,0.39264,0.4044,0
0.59864,0.56915,0.39263,0.40439,0
0.59865,0.56915,0.39263,0.40439,0
0.59867,0.56914,0.39261,0.40439,0
0.59869,0.56913,0.39259,0.40439,0
0.59872,0.5691,0.39257,0.40441,0
0.59874,0.56907,0.39256,0.40443,0
0.59876,0.56906,0.39254,0.40443,0
0.59876,0.56907,0.39254,0.40442,0
0.59875,0.56909,0.39255,0.4044,0
0.59873,0.56909,0.39259,0.40439,0
0.59873,0.56907,0.39261,0.40439,0
0.59877,0.56906,0.39259,0.40437,0
0.59886,0.56908,0.39249,0.40432,0
0.59895,0.56911,0.39239,0.40424,0
0.59892,0.56914,0.39246,0.40417,0
0.59885,0.56917,0.39257,0.40412,0
0.59881,0.56917,0.39266,0.40409,0
0.59878,0.56921,0.39269,0.40404,0
0.59879,0.56936,0.39257,0.40394,0
0.59883,0.56954,0.39236,0.40384,0
0.59885,0.56965,0.39224,0.40377,0
0.5988,0.56967,0.39228,0.40377,0
0.59874,0.56962,0.39243,0.40379,0
0.59872,0.56954,0.39255,0.4038,0
0.59877,0.56948,0.39258,0.4038,0
0.59881,0.56941,0.39259,0.40382,0
0.59881,0.56933,0.39265,0.40387,0
0.5988,0.56928,0.39271,0.40392,0
0.59883,0.56924,0.39267,0.40394,0
0.5989,0.56923,0.39259,0.40396,0
0.59898,0.56919,0.39252,0.40395,0
0.59905,0.56913,0.3925,0.40396,0
0.59912,0.56904,0.3925,0.40397,0
0.59917,0.56896,0.39252,0.40399,0
0.59921,0.56889,0.39256,0.40399,0
0.59927,0.56884,0.39258,0.40395,0
0.59935,0.56882,0.39257,0.40389,0
0.59942,0.56879,0.39257,0.40381,0
0.59947,0.56875,0.39257,0.40379,0
0.59951,0.56869,0.39255,0.40383,0
0.59954,0.5686,0.39252,0.40394,0
0.59954,0.56852,0.39248,0.40409,0
0.59955,0.56848,0.39246,0.40417,0
0.59956,0.56847,0.39244,0.40419,0
0.5996,0.56846,0.3924,0.40416,0
0.59966,0.56847,0.39236,0.40411,0
0.59972,0.56846,0.39231,0.40409,0
0.59976,0.56845,0.39226,0.40408,0
0.59978,0.56845,0.39224,0.40409,0
0.59976,0.56847,0.39223,0.40409,0
0.59974,0.56851,0.39224,0.40405,0
0.59973,0.56857,0.39223,0.40398,0
0.59973,0.56864,0.39222,0.4039,0
0.59974,0.56871,0.39222,0.4038,0
0.59974,0.56874,0.39221,0.40376,0
0.59973,0.56875,0.39218,0.40378,0
0.5997,0.56876,0.39217,0.40382,0
0.59964,0.56879,0.39216,0.40388,0
0.59958,0.56884,0.39215,0.4039,0
0.59954,0.56891,0.39215,0.40387,0
0.59952,0.56898,0.39214,0.40381,0
0.59951,0.56901,0.39215,0.40377,0
0.59952,0.569,0.39217,0.40375,0
0.59954,0.56898,0.39218,0.40375,0
0.59956,0.56896,0.39217,0.40374,0
0.59962,0.56895,0.39211,0.40374,0
0.59972,0.56894,0.39199,0.40372,0
0.59981,0.56894,0.39188,0.40369,0
0.59979,0.56893,0.39194,0.40367,0
0.59976,0.56891,0.39202,0.40366,0
0.59976,0.56885,0.3921,0.40368,0
0.59976,0.56884,0.39213,0.40365,0
0.59979,0.56897,0.392,0.40357,0
0.59984,0.56914,0.39179,0.40346,0
0.59988,0.56922,0.39165,0.40342,0
0.59986,0.5692,0.3917,0.40343,0
0.59978,0.56915,0.39189,0.40343,0
0.59974,0.56911,0.39205,0.4034,0
0.5997,0.56909,0.39215,0.40338,0
0.59964,0.56906,0.39225,0.40341,0
0.5995,0.56903,0.3924,0.40352,0
0.59929,0.569,0.3926,0.40366,0
0.59917,0.569,0.39271,0.40375,0
0.59911,0.56903,0.39273,0.40378,0
0.5991,0.56906,0.39272,0.40376,0
0.5991,0.56906,0.39275,0.40373,0
0.59908,0.56905,0.39282,0.40371,0
0.59902,0.56904,0.39291,0.40373,0
0.59895,0.56902,0.393,0.40377,0
0.59889,0.56899,0.39307,0.40384,0
0.59888,0.56896,0.39307,0.4039,0
0.59888,0.56891,0.39306,0.40396,0
0.59886,0.56884,0.39311,0.40405,0
0.59887,0.56875,0.39315,0.40412,0
0.59886,0.56865,0.39319,0.40423,0
0.59883,0.56855,0.39323,0.40437,0
0.5988,0.56848,0.39324,0.40452,0
0.59875,0.56842,0.39324,0.40467,0
0.59875,0.56839,0.39319,0.40476,0
0.59877,0.56838,0.39314,0.4048,0
0.59883,0.56835,0.3931,0.40479,0
0.59891,0.56831,0.39306,0.40476,0
0.59895,0.56827,0.39307,0.40475,0
0.59894,0.56823,0.39311,0.40478,0
0.59889,0.56825,0.39313,0.4048,0
0.59885,0.5683,0.3931,0.40482,0
0.59881,0.56836,0.39307,0.40483,0
0.59878,0.56839,0.39307,0.40484,0
0.59877,0.56837,0.39308,0.40486,0
0.59877,0.56834,0.39312,0.40488,0
0.59876,0.5683,0.39314,0.40493,0
0.59874,0.56828,0.39314,0.40498,0
0.59873,0.56827,0.39313,0.40503,0
0.59872,0.56825,0.39312,0.40507,0
0.59871,0.56821,0.39313,0.40513,0
0.59869,0.56816,0.39317,0.40521,0
0.59865,0.5681,0.39322,0.40529,0
0.59861,0.56804,0.39327,0.40538,0
0.59858,0.56801,0.39332,0.40541,0
0.59859,0.56801,0.39332,0.40541,0
0.59854,0.56801,0.39338,0.40541,0
0.59841,0.56803,0.39359,0.40538,0
0.59825,0.56807,0.39378,0.40537,0
0.59814,0.5681,0.39393,0.40535,0
0.59807,0.5682,0.39396,0.40527,0
0.59803,0.56842,0.39385,0.40513,0
0.59803,0.56867,0.39365,0.40498,0
0.59803,0.56885,0.39352,0.40485,0
0.59798,0.56894,0.39355,0.40478,0
0.59787,0.56898,0.39372,0.40471,0
0.59776,0.56901,0.39391,0.40466,0
0.59766,0.56909,0.394,0.40461,0
0.59758,0.56918,0.39401,0.40458,0
0.59748,0.56926,0.39404,0.40459,0
0.59741,0.56934,0.39408,0.40454,0
0.59739,0.5694,0.3941,0.40447,0
0.59743,0.56944,0.39406,0.40439,0
0.5975,0.56947,0.39403,0.40429,0
0.59755,0.5695,0.39399,0.4042,0
0.5976,0.56953,0.39395,0.40411,0
0.59764,0.56957,0.39393,0.40402,0
0.59767,0.56958,0.39395,0.40394,0
0.5977,0.56956,0.39397,0.40391,0
0.59773,0.56953,0.39397,0.40389,0
0.59772,0.56952,0.39399,0.40391,0
0.59767,0.56953,0.39402,0.40394,0
0.5976,0.56956,0.39405,0.40397,0
0.59754,0.5696,0.39406,0.404,0
0.59751,0.56963,0.39406,0.404,0
0.5975,0.56967,0.39405,0.40397,0
0.59749,0.56969,0.39406,0.40395,0
0.59747,0.56972,0.39407,0.40394,0
0.59743,0.56976,0.39405,0.40396,0
0.59737,0.56982,0.39402,0.40399,0
0.59731,0.56989,0.39396,0.40404,0
0.59725,0.56995,0.39389,0.40409,0
0.59721,0.57003,0.39381,0.40413,0
0.59718,0.57009,0.39373,0.40416,0
0.59712,0.57014,0.39371,0.40419,0
0.59705,0.57017,0.39374,0.40424,0
0.59696,0.57019,0.39377,0.4043,0
0.59687,0.57023,0.39378,0.40438,0
0.5968,0.57029,0.39375,0.40442,0
0.59676,0.57037,0.39369,0.40443,0
0.59675,0.57044,0.39364,0.40441,0
0.59675,0.57047,0.39362,0.40438,0
0.59674,0.57046,0.39363,0.4044,0
0.59673,0.57042,0.39364,0.40445,0
0.59672,0.57039,0.39364,0.4045,0
0.59673,0.57038,0.3936,0.40454,0
0.59679,0.5704,0.39351,0.40453,0
0.59689,0.5704,0.39337,0.40451,0
0.59698,0.57037,0.39329,0.40449,0
0.597,0.57034,0.39332,0.40448,0
0.597,0.57029,0.39337,0.4045,0
0.59703,0.57021,0.39341,0.40454,0
0.59707,0.57019,0.39339,0.40453,0
0.59714,0.57026,0.39326,0.40445,0
0.59724,0.57038,0.39304,0.40433,0
0.59734,0.57046,0.39287,0.40424,0
0.59738,0.57045,0.39284,0.40422,0
0.59735,0.57039,0.39295,0.40426,0
0.59729,0.57031,0.39311,0.4043,0
0.59723,0.57027,0.39322,0.40433,0
0.59721,0.57022,0.39328,0.40438,0
0.59716,0.57016,0.39338,0.40444,0
0.59714,0.57007,0.39348,0.40451,0
0.59714,0.56996,0.39356,0.40457,0
0.59717,0.56986,0.3936,0.40463,0
0.59721,0.56979,0.39359,0.40468,0
0.59724,0.56974,0.39359,0.4047,0
0.59726,0.5697,0.39362,0.40471,0
0.5973,0.56962,0.39368,0.4047,0
0.59737,0.56949,0.39375,0.40472,0
0.59745,0.56932,0.3938,0.40479,0
0.59753,0.56914,0.39381,0.40491,0
0.59757,0.56898,0.39382,0.40506,0
0.59755,0.56885,0.39386,0.40524,0
0.5975,0.56876,0.39392,0.40538,0
0.59746,0.56867,0.39399,0.4055,0
0.59744,0.56857,0.39406,0.40561,0
0.59743,0.56849,0.39412,0.40568,0
0.59743,0.5684,0.39416,0.40575,0
0.59744,0.56832,0.39418,0.40583,0
0.59743,0.56824,0.3942,0.40593,0
0.59741,0.56817,0.39422,0.40605,0
0.59737,0.56811,0.39423,0.40617,0
0.59732,0.56807,0.39426,0.40627,0
0.59727,0.56805,0.39429,0.40635,0
0.59724,0.56804,0.39431,0.4064,0
0.59723,0.56805,0.39429,0.40641,0
0.59725,0.56805,0.39427,0.4064,0
0.59728,0.56805,0.39425,0.40639,0
0.59732,0.56802,0.39424,0.40637,0
0.59735,0.56798,0.39427,0.40635,0
0.59736,0.56795,0.3943,0.40634,0
0.59736,0.56796,0.39432,0.40631,0
0.59738,0.56799,0.39431,0.40626,0
0.59741,0.568,0.39429,0.40621,0
0.59746,0.56799,0.39428,0.40617,0
0.5975,0.56796,0.39429,0.40614,0
0.59757,0.56792,0.39426,0.40613,0
0.59766,0.56789,0.39416,0.40614,0
0.5977,0.56788,0.3941,0.40614,0
0.59767,0.56792,0.39413,0.40611,0
0.59764,0.56795,0.39417,0.40606,0
0.59763,0.56793,0.39424,0.40603,0
0.59761,0.56793,0.39431,0.406,0
0.59757,0.56803,0.39429,0.40593,0
0.59754,0.56818,0.39417,0.40588,0
0.59754,0.56829,0.39403,0.40587,0
0.59751,0.56833,0.39401,0.40588,0
0.59746,0.56831,0.3941,0.40589,0
0.59742,0.56826,0.39426,0.40587,0
0.5974,0.5682,0.3944,0.40585,0
0.59739,0.56816,0.39449,0.40583,0
0.59738,0.56813,0.39456,0.40581,0
0.59736,0.5681,0.39465,0.4058,0
0.59734,0.56808,0.39474,0.40577,0
0.59735,0.56808,0.39479,0.40572,0
0.59738,0.56809,0.3948,0.40564,0
0.59743,0.5681,0.3948,0.40556,0
0.59749,0.56808,0.39479,0.40552,0
0.59754,0.56802,0.3948,0.4055,0
0.5976,0.56794,0.39484,0.40549,0
0.59766,0.56784,0.39487,0.40551,0
0.59774,0.56774,0.39487,0.40553,0
0.59782,0.56766,0.39487,0.40553,0
0.59786,0.56761,0.39488,0.40553,0
0.5979,0.56757,0.39488,0.40552,0
0.59795,0.56752,0.39486,0.40553,0
0.59802,0.56745,0.39483,0.40557,0
0.5981,0.56736,0.39479,0.40561,0
0.59818,0.56726,0.39476,0.40566,0
0.59826,0.56716,0.39472,0.40573,0
0.59832,0.56706,0.39467,0.40582,0
0.59836,0.56697,0.39463,0.40593,0
0.59838,0.5669,0.3946,0.40602,0
0.59841,0.56686,0.39459,0.40606,0
0.59842,0.56684,0.39461,0.40603,0
0.59844,0.56685,0.39463,0.40597,0
0.59849,0.56686,0.39463,0.40589,0
0.59854,0.56686,0.39459,0.40585,0
0.59858,0.56684,0.39455,0.40586,0
0.59859,0.56682,0.39451,0.40591,0
0.59859,0.5668,0.39447,0.40599,0
0.5986,0.56681,0.3944,0.40602,0
0.59863,0.56685,0.39432,0.40601,0
0.59868,0.5669,0.39422,0.40595,0
0.59877,0.56694,0.39412,0.40587,0
0.59886,0.56695,0.39403,0.4058,0
0.59896,0.56694,0.39395,0.40576,0
0.59906,0.56693,0.39383,0.40573,0
0.59912,0.56695,0.39374,0.4057,0
0.59909,0.56701,0.39375,0.40565,0
0.59904,0.56709,0.39376,0.40559,0
0.59903,0.56715,0.39376,0.40554,0
0.59902,0.5672,0.39374,0.40549,0
0.59901,0.56732,0.39365,0.40544,0
0.599,0.56749,0.39345,0.40541,0
0.59901,0.56762,0.39322,0.40544,0
0.59899,0.56768,0.39307,0.40552,0
0.59891,0.56768,0.39308,0.40563,0
0.59884,0.56764,0.39315,0.40571,0
0.5988,0.5676,0.39322,0.40576,0
0.59879,0.56757,0.39326,0.40578,0
0.5988,0.56751,0.39332,0.40579,0
0.59882,0.56742,0.39343,0.40578,0
0.59884,0.5673,0.39359,0.40577,0
0.59889,0.56718,0.39374,0.40573,0
0.59894,0.56707,0.39388,0.40567,0
0.59899,0.56695,0.39406,0.4056,0
0.59906,0.5668,0.39425,0.40551,0
0.59914,0.56662,0.39448,0.40541,0
0.59922,0.5664,0.39478,0.40531,0
0.59926,0.56616,0.39516,0.40522,0
0.59925,0.56593,0.39557,0.40514,0
0.59918,0.56575,0.39602,0.40506,0
0.59905,0.56561,0.39648,0.40499,0
0.59888,0.5655,0.39698,0.40492,0
0.59868,0.5654,0.39749,0.40487,0
0.59845,0.56526,0.39804,0.40484,0
0.5982,0.56511,0.39865,0.40483,0
0.59791,0.56495,0.39929,0.40485,0
0.59758,0.56484,0.3999,0.40489,0
0.59727,0.56475,0.40046,0.40492,0
0.59701,0.56465,0.40097,0.40493,0
0.59682,0.5645,0.40147,0.40493,0
0.59669,0.5643,0.40196,0.4049,0
0.59661,0.56408,0.40244,0.40486,0
0.59656,0.56382,0.40291,0.40482,0
0.59655,0.5635,0.40338,0.40482,0
0.59655,0.56311,0.40384,0.40491,0
0.59652,0.56263,0.4043,0.40515,0
0.59648,0.56212,0.40473,0.4055,0
0.59642,0.56163,0.40507,0.40592,0
0.59631,0.56121,0.40534,0.4064,0
0.59612,0.56083,0.40561,0.40692,0
0.5959,0.56047,0.40593,0.40742,0
0.59565,0.56015,0.40627,0.40788,0
0.59536,0.55993,0.40661,0.40828,0
0.59505,0.55989,0.40684,0.40856,0
0.59469,0.56007,0.40697,0.40871,0
0.59418,0.56046,0.40714,0.40875,0
0.59351,0.56105,0.40737,0.40867,0
0.59281,0.5618,0.40756,0.40848,0
0.59207,0.56273,0.40769,0.40813,0
0.59131,0.56393,0.4077,0.40757,0
0.59057,0.5654,0.40751,0.4068,0
0.58991,0.567,0.40714,0.40589,0
0.58932,0.56864,0.4067,0.40491,0
0.58869,0.57031,0.40631,0.40385,0
0.58807,0.57203,0.40594,0.40269,0
0.58753,0.57383,0.40547,0.4014,0
0.58705,0.57574,0.40487,0.39997,0
0.58658,0.5777,0.40424,0.39847,0
0.58606,0.57964,0.40371,0.39694,0
0.58553,0.58144,0.40332,0.3955,0
0.58503,0.58303,0.40302,0.39421,0
0.58456,0.58445,0.40276,0.39305,0
0.58412,0.58577,0.4025,0.39201,0
0.58377,0.58694,0.40218,0.39111,0
0.5835,0.58798,0.40179,0.39035,0
0.58336,0.58887,0.40127,0.38973,0
0.58332,0.58963,0.40066,0.38929,0
0.58331,0.59025,0.39999,0.38905,0
0.58336,0.59073,0.39926,0.389,0
0.58336,0.59111,0.39857,0.38914,0
0.5833,0.59139,0.39796,0.38943,0
0.58322,0.5916,0.39737,0.38983,0
0.58309,0.59171,0.39687,0.39037,0
0.58284,0.59178,0.39652,0.39097,0
0.58247,0.59183,0.39636,0.39161,0
0.582,0.59188,0.39634,0.39225,0
0.58145,0.59199,0.39638,0.39286,0
0.58082,0.59215,0.39651,0.39343,0
0.58008,0.59234,0.39676,0.39398,0
0.57924,0.59254,0.39716,0.39451,0
0.5783,0.59277,0.3977,0.395,0
0.57727,0.59302,0.39836,0.39547,0
0.57622,0.59327,0.39906,0.39592,0
0.57516,0.59354,0.39976,0.39635,0
0.5741,0.59383,0.40045,0.39677,0
0.57306,0.59411,0.40109,0.39719,0
0.57206,0.59437,0.40172,0.39761,0
0.57107,0.5946,0.40235,0.39805,0
0.57012,0.59475,0.40298,0.39856,0
0.5692,0.59476,0.40364,0.39919,0
0.56831,0.59467,0.40428,0.39994,0
0.56748,0.59456,0.40485,0.40071,0
0.56673,0.59445,0.40532,0.40146,0
0.56604,0.59429,0.40576,0.40221,0
0.56527,0.59411,0.40631,0.40301,0
0.56445,0.59391,0.40689,0.40386,0
0.56379,0.59371,0.40719,0.40479,0
0.56316,0.59351,0.40735,0.40579,0
0.56248,0.59338,0.40747,0.40679,0
0.562,0.59335,0.40724,0.40773,0
0.56158,0.59326,0.40689,0.4088,0
0.56111,0.59302,0.40666,0.41001,0
0.56048,0.59262,0.40676,0.41134,0
0.55974,0.59216,0.40709,0.41269,0
0.55879,0.59186,0.40768,0.41382,0
0.55815,0.59176,0.4077,0.41481,0
0.55819,0.59167,0.40673,0.41584,0
0.55805,0.59175,0.40585,0.41677,0
0.55742,0.5922,0.40527,0.41754,0
0.55664,0.59271,0.4049,0.41822,0
0.55587,0.59314,0.4047,0.41883,0
0.55513,0.5937,0.40448,0.41922,0
0.55463,0.59435,0.40396,0.41947,0
0.55431,0.5949,0.40341,0.41963,0
0.55416,0.59523,0.4029,0.41986,0
0.55416,0.59532,0.40238,0.42023,0
0.5542,0.59534,0.40193,0.42058,0
0.5542,0.59543,0.40155,0.42081,0
0.55417,0.59552,0.40129,0.42097,0
0.55415,0.59548,0.4012,0.42113,0
0.55415,0.5953,0.40122,0.42138,0
0.55412,0.59501,0.40132,0.42173,0
0.55408,0.5947,0.40142,0.42213,0
0.55397,0.59445,0.40157,0.42249,0
0.5537,0.59428,0.40185,0.4228,0
0.5532,0.59422,0.40232,0.42311,0
0.55251,0.59422,0.40292,0.42342,0
0.55175,0.59427,0.40356,0.42374,0
0.55098,0.59433,0.40423,0.42401,0
0.55023,0.59444,0.4049,0.42419,0
0.54952,0.59464,0.40551,0.42425,0
0.54889,0.59488,0.40604,0.42422,0
0.54831,0.59514,0.40651,0.42416,0
0.54777,0.59542,0.40694,0.42406,0
0.54728,0.59568,0.40734,0.42393,0
0.54686,0.59593,0.40775,0.42374,0
0.54649,0.59616,0.40819,0.42346,0
0.54621,0.59637,0.40869,0.42305,0
0.54605,0.59655,0.40923,0.42249,0
0.54599,0.59667,0.40976,0.42187,0
0.5461,0.59672,0.41024,0.42119,0
0.5463,0.59672,0.4107,0.42049,0
0.5465,0.59665,0.41126,0.41978,0
0.54693,0.59645,0.41165,0.41911,0
0.54766,0.59615,0.41179,0.41845,0
0.54847,0.59586,0.41185,0.41775,0
0.54948,0.59564,0.41168,0.4169,0
0.55077,0.59544,0.41121,0.41594,0
0.55221,0.59517,0.41062,0.415,0
0.55363,0.59486,0.41016,0.414,0
0.55505,0.59448,0.40987,0.41294,0
0.55655,0.59401,0.40958,0.41188,0
0.55814,0.59353,0.40924,0.41076,0
0.55979,0.59313,0.40883,0.4095,0
0.5615,0.59284,0.40833,0.40807,0
0.56328,0.59276,0.40766,0.40641,0
0.56512,0.59287,0.40675,0.4046,0
0.56707,0.59306,0.40562,0.40273,0
0.5691,0.59328,0.40432,0.40085,0
0.57114,0.59344,0.40299,0.39904,0
0.57317,0.5934,0.4017,0.39747,0
0.57515,0.59312,0.40057,0.39616,0
0.57709,0.59276,0.39953,0.39493,0
0.579,0.59245,0.39845,0.39369,0
0.58086,0.59224,0.39734,0.3924,0
0.58268,0.59201,0.39627,0.39112,0
0.58448,0.59163,0.39531,0.38999,0
0.58627,0.59099,0.39456,0.38901,0
0.58807,0.59008,0.39405,0.38819,0
0.58985,0.58907,0.39363,0.38746,0
0.59161,0.58806,0.3932,0.38676,0
0.59329,0.58712,0.39273,0.38608,0
0.59486,0.58629,0.39222,0.38545,0
0.59631,0.5856,0.39163,0.38486,0
0.59761,0.58504,0.39097,0.38436,0
0.59878,0.58456,0.39035,0.38392,0
0.59984,0.5841,0.3898,0.38351,0
0.60081,0.5837,0.38934,0.38306,0
0.60169,0.58336,0.38894,0.3826,0
0.60248,0.58307,0.38859,0.38215,0
0.60318,0.58282,0.3883,0.38172,0
0.60382,0.5826,0.38804,0.38132,0
0.60438,0.58241,0.38783,0.38095,0
0.60485,0.58226,0.38766,0.38058,0
0.60528,0.58217,0.38749,0.38021,0
0.60567,0.58217,0.38725,0.37985,0
0.606,0.58231,0.38688,0.37947,0
0.60632,0.58261,0.38632,0.37907,0
0.60656,0.58307,0.3857,0.37861,0
0.6066,0.5837,0.38523,0.37806,0
0.60657,0.58445,0.38482,0.37737,0
0.60651,0.5853,0.38444,0.37654,0
0.60634,0.58631,0.38414,0.37556,0
0.60612,0.58753,0.38375,0.37438,0
0.60593,0.58903,0.38306,0.37304,0
0.60564,0.59065,0.38232,0.37171,0
0.60512,0.59237,0.38176,0.37038,0
0.60446,0.59414,0.38138,0.36901,2
0.60379,0.59592,0.38105,0.36758,0
0.60317,0.59767,0.38072,0.36611,0
0.60262,0.59936,0.38036,0.36462,0
0.60214,0.60097,0.37997,0.36315,0
0.60175,0.60252,0.3795,0.36173,0
0.6014,0.60405,0.37896,0.36033,0
0.60105,0.60556,0.37837,0.35898,0
0.60071,0.60704,0.37779,0.35767,0
0.60039,0.60841,0.37727,0.35642,0
0.60008,0.60964,0.37684,0.35529,0
0.59976,0.61078,0.37648,0.35425,0
0.5994,0.61184,0.37622,0.3533,0
0.59899,0.61284,0.37607,0.35245,0
0.59852,0.61377,0.37599,0.35169,0
0.59801,0.61463,0.37601,0.35103,0
0.59743,0.61539,0.37618,0.35052,0
0.59674,0.61606,0.37652,0.35015,0
0.59596,0.6167,0.37694,0.3499,0
0.59507,0.61736,0.3774,0.34976,0
0.59406,0.61803,0.37797,0.34968,0
0.5929,0.61871,0.37868,0.34965,0
0.59159,0.6194,0.37962,0.34966,0
0.59011,0.62008,0.38077,0.3497,0
0.58853,0.62077,0.38203,0.34977,0
0.5869,0.62141,0.38338,0.34987,0
0.58523,0.62199,0.38484,0.35005,0
0.58347,0.62252,0.38641,0.3503,0
0.58161,0.62304,0.3881,0.35062,0
0.57962,0.62356,0.38988,0.35102,0
0.57748,0.62406,0.39178,0.35154,0
0.57519,0.62456,0.39379,0.35215,0
0.57277,0.62505,0.39591,0.35284,0
0.57023,0.62552,0.39812,0.35364,0
0.56756,0.62598,0.40044,0.3545,0
0.5648,0.6264,0.40284,0.35544,0
0.56202,0.62669,0.40529,0.35656,0
0.55927,0.62682,0.40775,0.35785,0
0.5565,0.62682,0.41025,0.35931,0
0.55359,0.6267,0.41292,0.36095,0
0.55056,0.62651,0.41571,0.3627,0
0.5475,0.62629,0.41848,0.36453,0
0.5444,0.62608,0.42117,0.36643,0
0.54126,0.62592,0.42373,0.36839,0
0.53817,0.62581,0.42611,0.37035,0
0.53511,0.62572,0.42843,0.37227,0
0.53211,0.62564,0.43072,0.37406,0
0.52925,0.62556,0.43289,0.37574,0
0.52661,0.62545,0.43486,0.37735,0
0.52424,0.62524,0.43659,0.37899,0
0.52212,0.62489,0.43812,0.38072,0
0.5203,0.6244,0.43941,0.38253,0
0.51876,0.62378,0.44046,0.38441,0
0.51747,0.62307,0.44131,0.38635,0
0.51644,0.62222,0.44199,0.38829,0
0.51572,0.62124,0.44251,0.39024,0
0.51532,0.62013,0.44284,0.39214,0
0.5152,0.61893,0.44302,0.394,0
0.51529,0.61765,0.44308,0.39582,0
0.51555,0.61628,0.44305,0.39764,0
0.51597,0.61482,0.44296,0.39945,0
0.51653,0.61327,0.44282,0.40127,0
0.51721,0.61159,0.44264,0.40313,0
0.51794,0.60981,0.44248,0.40508,0
0.51865,0.60793,0.44237,0.4071,0
0.51935,0.60598,0.44231,0.40917,0
0.52003,0.60393,0.44232,0.41133,0
0.52067,0.60174,0.44244,0.41359,0
0.52124,0.59943,0.4427,0.41595,0
0.52173,0.59703,0.4431,0.41835,0
0.52213,0.59459,0.44357,0.42081,0
0.52241,0.59211,0.44417,0.42332,0
0.52253,0.58955,0.44495,0.42592,0
0.52248,0.58686,0.44596,0.42864,0
0.52229,0.58406,0.44719,0.43141,0
0.52195,0.58113,0.44863,0.43426,0
0.52145,0.5781,0.45027,0.4372,0
0.52083,0.57505,0.45204,0.44013,0
0.52009,0.57204,0.45387,0.44303,0
0.51925,0.56904,0.45578,0.44592,0
0.51829,0.566,0.45776,0.44886,0
0.51722,0.56288,0.45985,0.45188,0
0.51603,0.55969,0.46206,0.45493,0
0.5147,0.55647,0.46441,0.45799,0
0.51325,0.55326,0.46685,0.46101,0
0.51174,0.5501,0.46934,0.46393,0
0.51019,0.54701,0.47184,0.46675,0
0.50856,0.54394,0.47439,0.46952,0
0.50676,0.54088,0.4771,0.47224,0
0.50477,0.53786,0.47999,0.47489,0
0.50261,0.53496,0.483,0.47741,0
0.50025,0.53223,0.4861,0.47977,0
0.49779,0.52973,0.48919,0.48196,0
0.49529,0.52742,0.49221,0.48399,0
0.49266,0.5252,0.49526,0.48596,0
0.48984,0.52305,0.49842,0.4879,0
0.4869,0.52101,0.50164,0.48973,0
0.48394,0.51911,0.50484,0.49138,0
0.48106,0.51751,0.50798,0.49267,0
0.47835,0.51637,0.51098,0.49339,0
0.47586,0.51574,0.51378,0.49355,0
0.47352,0.51545,0.51646,0.4933,0
0.47114,0.51532,0.51928,0.49278,0
0.46863,0.5152,0.52243,0.49196,0
0.46614,0.51511,0.52581,0.49082,0
0.46387,0.51513,0.52921,0.48928,0
0.46189,0.51536,0.53251,0.48734,0
0.46009,0.5158,0.5357,0.48507,0
0.45835,0.51632,0.53885,0.48267,0
0.45662,0.51655,0.54204,0.48049,0
0.45498,0.51614,0.54521,0.47889,0
0.45344,0.51485,0.54842,0.47807,0
0.45207,0.51284,0.5516,0.47787,0
0.45099,0.51064,0.55444,0.47796,0
0.45015,0.50891,0.55671,0.47796,0
0.44921,0.50796,0.5585,0.47777,0
0.44792,0.50768,0.56011,0.4774,0
0.44643,0.50779,0.56159,0.47694,0
0.44501,0.50809,0.56281,0.4765,0
0.44386,0.50834,0.56367,0.47629,0
0.44306,0.50809,0.56424,0.47663,0
0.44255,0.50695,0.56463,0.47785,0
0.44226,0.505,0.56484,0.47993,0
0.44218,0.50281,0.56474,0.48242,0
0.44232,0.50056,0.56446,0.48495,0
0.44266,0.498,0.56426,0.4875,0
0.44326,0.49499,0.5642,0.49008,0
0.44407,0.4915,0.5642,0.49286,0
0.44498,0.48754,0.56395,0.49625,0
0.446,0.48329,0.56321,0.50032,0
0.44739,0.47871,0.56207,0.50473,0
0.44984,0.47352,0.56063,0.50903,0
0.45351,0.46795,0.55906,0.51264,0
0.4581,0.4623,0.55783,0.51503,0
0.46323,0.45702,0.55721,0.51583,0
0.467,0.45425,0.55586,0.51632,0
0.46917,0.45405,0.55356,0.517,0
0.47068,0.45529,0.55123,0.51703,0
0.47138,0.4579,0.54884,0.51662,0
0.47106,0.46129,0.54652,0.51636,0
0.46979,0.46468,0.54452,0.51659,0
0.46821,0.46767,0.54308,0.51684,0
0.46687,0.47019,0.54247,0.5164,0
0.46597,0.47239,0.54272,0.51496,0
0.46527,0.47464,0.54391,0.51226,0
0.46406,0.47732,0.54616,0.50845,0
0.46159,0.48089,0.54883,0.50444,0
0.45765,0.48518,0.55129,0.50124,0
0.45385,0.48803,0.55448,0.4984,0
0.45148,0.48908,0.55695,0.49677,0
0.45134,0.48857,0.55715,0.49717,0
0.4522,0.48725,0.55685,0.49801,0
0.4534,0.486,0.5564,0.49866,0
0.45518,0.48503,0.55489,0.49966,0
0.45705,0.48432,0.55292,0.50081,0
0.45894,0.48367,0.55092,0.50192,0
0.46077,0.48314,0.54886,0.50301,0
0.4625,0.48288,0.54674,0.50399,0
0.4644,0.48284,0.54436,0.50484,0
0.46674,0.48291,0.54146,0.50574,0
0.4696,0.483,0.53792,0.50679,0
0.47287,0.48283,0.53397,0.50808,0
0.47653,0.48202,0.52984,0.50975,0
0.48053,0.48059,0.52583,0.51149,0
0.48516,0.47829,0.52262,0.51257,0
0.48969,0.47607,0.52031,0.51267,0
0.49237,0.47612,0.51748,0.51294,0
0.49384,0.47757,0.51486,0.51281,0
0.4945,0.47965,0.5128,0.5123,0
0.49468,0.48183,0.51119,0.51167,0
0.49478,0.48365,0.51016,0.5109,0
0.49517,0.48481,0.50958,0.50999,0
0.49603,0.48544,0.50924,0.50889,0
0.49742,0.4858,0.50895,0.50748,0
0.4993,0.48617,0.50861,0.50562,0
0.50131,0.48679,0.50817,0.50348,0
0.50298,0.48774,0.50768,0.50138,0
0.50401,0.48908,0.50726,0.49946,0
0.50436,0.49089,0.50701,0.49758,0
0.50404,0.49309,0.50705,0.49568,0
0.50287,0.49559,0.50771,0.4937,0
0.50065,0.49855,0.50936,0.49127,0
0.49744,0.50227,0.51197,0.48802,0
0.49347,0.50649,0.51532,0.48415,0
0.48878,0.51107,0.51921,0.47992,0
0.48317,0.51641,0.52313,0.4756,0
0.47728,0.52136,0.52762,0.47118,0
0.47255,0.52368,0.53305,0.46724,0
0.46943,0.52424,0.53595,0.46644,0
0.46847,0.52289,0.53737,0.46728,0
0.46719,0.52144,0.53956,0.46766,0
0.46592,0.52016,0.54169,0.46789,0
0.4652,0.51899,0.5432,0.46816,0
0.46503,0.51781,0.54402,0.46867,0
0.46498,0.51632,0.5446,0.46971,0
0.46507,0.51437,0.54502,0.47127,0
0.46554,0.51226,0.54508,0.47303,0
0.46632,0.51023,0.54493,0.47462,0
0.46744,0.5082,0.54473,0.47591,0
0.4691,0.50601,0.54434,0.47706,0
0.47151,0.50356,0.5434,0.47835,0
0.47474,0.50072,0.54156,0.48022,0
0.47829,0.49758,0.53913,0.48269,0
0.48194,0.49418,0.53646,0.48552,0
0.48602,0.49021,0.53422,0.48794,0
0.49032,0.48615,0.53259,0.48949,0
0.49301,0.48428,0.53001,0.49143,0
0.49481,0.4836,0.52778,0.4927,0
0.49604,0.48383,0.5259,0.49324,0
0.49665,0.48508,0.52359,0.49386,0
0.49669,0.48678,0.52096,0.49493,0
0.49639,0.48836,0.51868,0.49606,0
0.49617,0.48954,0.51706,0.4968,0
0.4964,0.49025,0.51614,0.49684,0
0.4972,0.49065,0.51557,0.49623,0
0.49827,0.49099,0.51507,0.49534,0
0.49918,0.49158,0.5146,0.49433,0
0.49962,0.49262,0.51418,0.49328,0
0.49929,0.49438,0.51391,0.49213,0
0.49808,0.49697,0.51393,0.49074,0
0.49586,0.50028,0.51449,0.48902,0
0.49283,0.50397,0.51573,0.48699,0
0.48905,0.50773,0.51782,0.48467,0
0.48428,0.51174,0.52062,0.48223,0
0.47798,0.51661,0.52375,0.47993,0
0.4729,0.51922,0.52898,0.47639,0
0.46865,0.52098,0.53311,0.47407,0
0.46781,0.52125,0.53272,0.47504,0
0.46811,0.52163,0.53196,0.47519,0
0.46804,0.52283,0.53185,0.47404,0
0.46813,0.52335,0.53215,0.47306,0
0.46829,0.52279,0.53295,0.47261,0
0.46845,0.52171,0.53385,0.47263,0
0.46893,0.52024,0.53435,0.47321,0
0.46999,0.51873,0.5341,0.47409,0
0.47139,0.51737,0.53346,0.47491,0
0.47337,0.51601,0.53237,0.47565,0
0.47613,0.51456,0.53072,0.47631,0
0.47949,0.51299,0.52861,0.47697,0
0.48325,0.51115,0.52611,0.47792,0
0.48753,0.50869,0.52311,0.47948,0
0.49246,0.50549,0.51994,0.48127,0
0.49854,0.50108,0.51746,0.4823,0
0.50407,0.49733,0.51489,0.48318,0
0.50759,0.49556,0.51202,0.48435,0
0.50997,0.49472,0.51032,0.48452,0
0.51116,0.49542,0.50852,0.48443,0
0.51142,0.49726,0.5059,0.48501,0
0.51099,0.49939,0.50345,0.48584,0
0.51041,0.50131,0.50204,0.48593,0
0.51042,0.50284,0.5015,0.48489,0
0.51112,0.50393,0.50167,0.48285,0
0.51227,0.50466,0.50218,0.48033,0
0.51361,0.50525,0.50266,0.47777,0
0.51472,0.50588,0.50303,0.47551,0
0.51517,0.50663,0.50345,0.47378,0
0.51478,0.5076,0.50406,0.47252,0
0.51338,0.50918,0.505,0.47133,0
0.51104,0.51153,0.50637,0.46985,0
0.50788,0.51424,0.5084,0.46813,0
0.50369,0.51708,0.51121,0.46647,0
0.49772,0.52089,0.51437,0.46516,0
0.49181,0.52361,0.5197,0.46247,0
0.48563,0.52609,0.52601,0.45903,0
0.48223,0.52894,0.52644,0.45884,0
0.48286,0.53099,0.52369,0.45895,0
0.48191,0.53342,0.52317,0.45773,0
0.48012,0.5344,0.52402,0.4575,0
0.47843,0.53458,0.52503,0.4579,0
0.47775,0.53507,0.52507,0.45799,0
0.47785,0.53505,0.52481,0.45822,0
0.47834,0.53409,0.5248,0.45883,0
0.47916,0.53266,0.52478,0.45966,0
0.48028,0.53119,0.52453,0.46048,0
0.48175,0.52958,0.52401,0.46138,0
0.48378,0.5276,0.52311,0.46255,0
0.48643,0.52505,0.52179,0.46416,0
0.48946,0.52171,0.52016,0.46656,0
0.49279,0.51733,0.51828,0.47001,0
0.4971,0.51146,0.51678,0.47353,0
0.50139,0.50559,0.51567,0.47652,0
0.50336,0.50264,0.5132,0.48022,0
0.50416,0.50141,0.51126,0.48273,0
0.5041,0.50169,0.50964,0.48421,0
0.5034,0.50331,0.50796,0.48502,0
0.50246,0.50536,0.50664,0.48525,0
0.50158,0.50691,0.50633,0.48486,0
0.50088,0.50755,0.50713,0.48409,0
0.50034,0.5074,0.50871,0.48314,0
0.50014,0.50702,0.51043,0.48193,0
0.50006,0.50656,0.51227,0.48053,0
0.49985,0.50623,0.51416,0.47908,0
0.49931,0.50614,0.51586,0.4779,0
0.49774,0.50637,0.51789,0.47711,0
0.49509,0.50725,0.52032,0.47629,0
0.49109,0.50858,0.52358,0.47544,0
0.48566,0.50986,0.52779,0.47499,0
0.47847,0.51188,0.53212,0.47528,0
0.4718,0.51263,0.53824,0.47424,0
0.46538,0.51344,0.54561,0.47129,0
0.46367,0.5139,0.54611,0.47189,0
0.46487,0.51469,0.54464,0.47155,0
0.46579,0.51709,0.54419,0.46852,0
0.46631,0.5192,0.54407,0.4658,0
0.46632,0.51993,0.54493,0.46398,0
0.46626,0.51811,0.54673,0.46394,0
0.4668,0.51454,0.54834,0.46548,0
0.46803,0.51005,0.54922,0.46813,0
0.46976,0.50538,0.54934,0.47131,0
0.47171,0.50077,0.54886,0.47484,0
0.47364,0.4963,0.54794,0.47866,0
0.47549,0.49181,0.5467,0.48286,0
0.47738,0.48707,0.54516,0.48751,0
0.47957,0.48218,0.54346,0.49211,0
0.48267,0.47665,0.54259,0.4954,0
0.48549,0.47216,0.54169,0.49793,0
0.48666,0.47013,0.54,0.50054,0
0.48661,0.46955,0.53846,0.50279,0
0.48537,0.46996,0.53746,0.50467,0
0.48376,0.47084,0.53699,0.50589,0
0.48264,0.47144,0.53719,0.50618,0
0.48205,0.47135,0.53821,0.50575,0
0.48179,0.47049,0.54,0.5049,0
0.48155,0.4691,0.54229,0.50396,0
0.48103,0.4676,0.54489,0.50304,0
0.47992,0.46645,0.5479,0.50189,0
0.47803,0.46629,0.55141,0.50001,0
0.47553,0.46731,0.5551,0.49735,0
0.47239,0.46959,0.55843,0.49446,0
0.46828,0.47362,0.56065,0.49201,0
0.46506,0.47721,0.56325,0.48862,0
0.46295,0.48042,0.56555,0.4848,0
0.46128,0.4845,0.56621,0.48154,0
0.46008,0.4889,0.56566,0.47888,0
0.45958,0.49265,0.56482,0.4765,0
0.45953,0.49544,0.56425,0.47433,0
0.45987,0.49765,0.56365,0.4724,0
0.46028,0.49988,0.56282,0.47063,0
0.46026,0.50253,0.56187,0.46897,0
0.45989,0.50531,0.561,0.46738,0
0.4594,0.50809,0.56016,0.46585,0
0.45878,0.51089,0.55929,0.46444,0
0.45816,0.51378,0.55833,0.46302,0
0.45789,0.51681,0.55719,0.46128,0
0.45835,0.51978,0.5559,0.45903,0
0.45949,0.52216,0.5546,0.45676,0
0.46093,0.52341,0.55329,0.45547,0
0.46214,0.5237,0.55186,0.45564,0
0.4631,0.52369,0.55017,0.45672,0
0.46445,0.52322,0.54886,0.45747,0
0.46528,0.52355,0.54747,0.45791,0
0.4641,0.52628,0.54522,0.45867,0
0.46162,0.52975,0.54366,0.45903,0
0.45854,0.53307,0.54313,0.4589,0
0.4555,0.53595,0.54324,0.45844,0
0.45276,0.53815,0.54398,0.45769,0
0.45024,0.53963,0.54537,0.45679,0
0.44785,0.54052,0.54717,0.45594,0
0.44555,0.54102,0.54921,0.45514,0
0.44329,0.54151,0.55139,0.45413,0
0.44103,0.54226,0.55358,0.45276,0
0.4386,0.54336,0.55571,0.45119,0
0.4358,0.54473,0.55775,0.44975,0
0.43238,0.5464,0.55996,0.44827,0
0.42825,0.54853,0.56278,0.44609,0
0.42349,0.55101,0.56628,0.44314,0
0.41758,0.5544,0.56938,0.44054,0
0.4117,0.55676,0.57297,0.43844,0
0.40697,0.55717,0.57679,0.43733,0
0.40393,0.55754,0.57825,0.43774,0
0.40379,0.55793,0.57688,0.43917,0
0.40428,0.55842,0.57567,0.4397,0
0.40466,0.55868,0.57528,0.43951,0
0.40494,0.55839,0.57528,0.43963,0
0.40523,0.55781,0.57527,0.44012,0
0.40572,0.55715,0.5751,0.44072,0
0.4065,0.5563,0.57472,0.44157,0
0.40745,0.55517,0.57418,0.44282,0
0.40859,0.55386,0.57358,0.4442,0
0.41029,0.55237,0.57281,0.44547,0
0.41296,0.55065,0.57161,0.44667,0
0.41657,0.54884,0.5699,0.44773,0
0.42096,0.54704,0.56769,0.44863,0
0.42599,0.54515,0.56483,0.44979,0
0.43149,0.5429,0.56139,0.45157,0
0.43755,0.53964,0.55856,0.45316,0
0.44263,0.53717,0.55532,0.45514,0
0.44572,0.53642,0.55136,0.45781,0
0.44719,0.53666,0.54781,0.46035,0
0.4478,0.53716,0.54527,0.46218,0
0.44832,0.53752,0.54368,0.46314,0
0.44909,0.53734,0.54313,0.46325,0
0.45014,0.53664,0.54345,0.46265,0
0.45157,0.53577,0.54406,0.46156,0
0.45312,0.53491,0.54475,0.46021,0
0.45472,0.53424,0.54534,0.45873,0
0.45609,0.53392,0.54579,0.4572,0
0.45682,0.53408,0.5463,0.45566,0
0.4567,0.5348,0.54698,0.45412,0
0.45571,0.53612,0.54789,0.45246,0
0.45393,0.53803,0.54913,0.45047,0
0.45152,0.54044,0.55082,0.44793,0
0.44871,0.54318,0.55293,0.44484,0
0.44504,0.54657,0.55507,0.4417,0
0.44067,0.54998,0.55762,0.43864,0
0.43682,0.55174,0.56127,0.43561,0
0.43418,0.55219,0.56383,0.43437,0
0.43381,0.55178,0.5639,0.43517,0
0.43467,0.55111,0.56339,0.43581,0
0.43545,0.55035,0.56326,0.43616,0
0.43608,0.54879,0.56337,0.43734,0
0.43691,0.54648,0.56367,0.43903,0
0.43816,0.5438,0.56387,0.44085,0
0.43984,0.54091,0.56367,0.44297,0
0.4417,0.53787,0.56315,0.44549,0
0.44349,0.53472,0.56255,0.44825,0
0.4452,0.5316,0.56202,0.45092,0
0.44731,0.52858,0.56134,0.45323,0
0.45027,0.5256,0.56021,0.45515,0
0.45408,0.52247,0.55863,0.45691,0
0.4584,0.51904,0.55669,0.45888,0
0.46285,0.51533,0.55448,0.46127,0
0.46739,0.5113,0.55241,0.46364,0
0.47188,0.50723,0.55099,0.46525,0
0.47471,0.50521,0.54902,0.46689,0
0.47572,0.50529,0.54649,0.46875,0
0.47563,0.50617,0.54411,0.47066,0
0.47459,0.50724,0.54213,0.47282,0
0.47283,0.50792,0.54094,0.47521,0
0.47085,0.50766,0.54085,0.47756,0
0.46905,0.50654,0.54171,0.47955,0
0.46752,0.50496,0.5432,0.48102,0
0.46632,0.50329,0.54497,0.48192,0
0.46564,0.50193,0.54662,0.48213,0
0.46572,0.50131,0.5477,0.48147,0
0.46663,0.50161,0.54791,0.48004,0
0.46806,0.50296,0.5473,0.47794,0
0.46935,0.50539,0.54655,0.47496,0
0.47032,0.50861,0.54612,0.47103,0
0.47096,0.51236,0.54613,0.4663,0
0.47104,0.51692,0.54617,0.4611,0
0.47123,0.52217,0.54616,0.45496,0
0.47309,0.52766,0.5461,0.44669,0
0.47576,0.53414,0.54441,0.43814,0
0.47834,0.54052,0.54106,0.4316,0
0.48214,0.54449,0.53757,0.42671,0
0.48799,0.54658,0.53409,0.42174,0
0.49603,0.54895,0.52872,0.41601,0
0.50618,0.55289,0.51996,0.40955,0
0.51761,0.55869,0.50801,0.40233,0
0.52886,0.56553,0.49459,0.39479,0
0.53923,0.57331,0.48052,0.38683,0
0.54901,0.58215,0.46567,0.37795,0
0.5586,0.59156,0.45018,0.36791,0
0.56832,0.60096,0.43402,0.35705,0
0.57786,0.60968,0.41719,0.34688,0
0.58615,0.61735,0.4005,0.33898,0
0.59342,0.62399,0.38431,0.33286,0
0.60037,0.62966,0.36869,0.32733,0
0.60725,0.63422,0.35389,0.32213,0
0.61379,0.63737,0.34054,0.31788,0
0.61974,0.63945,0.32878,0.31454,0
0.62511,0.64126,0.31833,0.31095,0
0.63032,0.64335,0.30933,0.30516,0
0.63472,0.64635,0.30053,0.29839,0
0.63773,0.65009,0.29122,0.29305,0
0.63931,0.65371,0.28309,0.28949,0
0.63785,0.65726,0.27813,0.28949,0
0.63344,0.65857,0.27956,0.29476,0
0.62862,0.65611,0.28651,0.30374,0
0.62429,0.65212,0.29463,0.31335,0
0.62005,0.64722,0.30384,0.32299,0
0.61478,0.64104,0.3145,0.33497,0
0.60803,0.63499,0.32504,0.34848,0
0.60043,0.62996,0.33438,0.36169,0
0.59316,0.62466,0.34338,0.37423,0
0.58728,0.61872,0.35272,0.38454,0
0.58297,0.61295,0.3618,0.39185,0
0.57991,0.60677,0.3707,0.39764,0
0.57717,0.59873,0.37997,0.40499,0
0.57499,0.5891,0.38922,0.41334,0
0.5738,0.57907,0.39828,0.42048,0
0.57221,0.56945,0.40675,0.42761,0
0.5689,0.5607,0.41308,0.43741,0
0.56425,0.55216,0.41958,0.44799,0
0.55772,0.5437,0.42934,0.45717,0
0.5492,0.53525,0.44281,0.46455,0
0.53975,0.52723,0.45755,0.47047,0
0.53034,0.52112,0.46978,0.47591,0
0.52283,0.51353,0.48046,0.48177,0
0.51725,0.50205,0.49133,0.48888,0
0.51215,0.4886,0.50245,0.49649,0
0.50717,0.47559,0.51393,0.50246,0
0.50224,0.46577,0.52511,0.50506,0
0.4965,0.46074,0.53543,0.50449,0
0.49068,0.45979,0.54452,0.50132,0
0.48658,0.46127,0.55225,0.49547,0
0.48466,0.46413,0.55826,0.48788,0
0.48401,0.467,0.56256,0.48079,0
0.48282,0.4683,0.56543,0.47736,0
0.47972,0.46821,0.56706,0.47864,0
0.47367,0.46632,0.56932,0.48379,0
0.46577,0.46223,0.57434,0.48943,0
0.459,0.45905,0.58175,0.49007,0
0.45535,0.45959,0.58931,0.4839,0
0.45538,0.46105,0.59515,0.47524,0
0.45858,0.4598,0.60133,0.4655,0
0.46574,0.45507,0.6074,0.45505,0
0.47312,0.45108,0.61037,0.44736,0
0.47594,0.45361,0.60788,0.4452,0
0.47182,0.46177,0.6028,0.4481,0
0.4636,0.47035,0.59975,0.45183,0
0.45648,0.47725,0.59916,0.45263,0
0.45391,0.48168,0.59966,0.44984,0
0.45525,0.48423,0.60041,0.44471,0
0.45785,0.4861,0.60118,0.43894,0
0.46034,0.48847,0.60131,0.43349,0
0.4624,0.49167,0.60042,0.42888,0
0.46453,0.49566,0.59798,0.42538,0
0.46686,0.50033,0.59411,0.42278,0
0.46913,0.50553,0.58939,0.42068,0
0.47098,0.51101,0.58472,0.4185,0
0.47236,0.51648,0.58112,0.41524,0
0.47411,0.5215,0.57822,0.411,0
0.47634,0.52621,0.57541,0.40633,0
0.47863,0.53088,0.57258,0.40154,0
0.48069,0.53539,0.56982,0.39699,0
0.48233,0.53958,0.56726,0.39297,0
0.48345,0.54346,0.56506,0.38939,0
0.48398,0.54707,0.56333,0.38618,0
0.48387,0.55033,0.56209,0.38349,0
0.48311,0.55334,0.56126,0.38133,0
0.48168,0.5563,0.56074,0.37959,0
0.47981,0.55929,0.56038,0.37809,0
0.47778,0.56235,0.56005,0.3766,0
0.47574,0.56549,0.55963,0.37512,0
0.47371,0.56862,0.55908,0.37377,0
0.47171,0.57151,0.55849,0.37276,0
0.46967,0.57393,0.55804,0.37229,0
0.46755,0.57603,0.55776,0.37214,0
0.46522,0.57818,0.55766,0.37187,0
0.46261,0.58086,0.55766,0.37096,0
0.4597,0.58398,0.55766,0.36967,0
0.45616,0.58726,0.55787,0.36855,0
0.45201,0.59031,0.55832,0.3681,0
0.4476,0.59299,0.5589,0.36831,0
0.44328,0.59541,0.55945,0.36879,0
0.43934,0.59788,0.5597,0.36912,0
0.43599,0.60061,0.55943,0.36908,0
0.43311,0.60352,0.55864,0.36892,0
0.4305,0.60651,0.55748,0.36882,0
0.42804,0.60944,0.55617,0.36885,0
0.42565,0.61214,0.55486,0.3691,0
0.42324,0.61461,0.55365,0.36959,0
0.42082,0.61684,0.55246,0.37042,0
0.41851,0.61891,0.55112,0.37157,0
0.41645,0.62095,0.54948,0.3729,0
0.41472,0.62293,0.54755,0.37437,0
0.41325,0.62478,0.54546,0.37596,0
0.41211,0.62642,0.54328,0.37764,0
0.41136,0.6278,0.54106,0.37935,0
0.41094,0.62895,0.53887,0.38102,0
0.4108,0.62983,0.53671,0.38275,0
0.41091,0.63037,0.5346,0.38469,0
0.41113,0.63044,0.5327,0.38698,0
0.41128,0.63006,0.53112,0.3896,0
0.41132,0.62933,0.52988,0.39241,0
0.41128,0.62835,0.52897,0.39525,0
0.41121,0.62694,0.52851,0.39817,0
0.41123,0.62502,0.52838,0.40131,0
0.41156,0.62251,0.52845,0.40476,0
0.41235,0.6197,0.52842,0.4083,0
0.41348,0.61678,0.52824,0.41181,0
0.4148,0.61372,0.52801,0.41532,0
0.41613,0.61044,0.52797,0.41886,0
0.4176,0.60706,0.52795,0.42232,0
0.41961,0.60381,0.52743,0.42563,0
0.42218,0.60089,0.52632,0.42857,0
0.42501,0.59837,0.52491,0.43103,0
0.42774,0.5962,0.52364,0.43288,0
0.43045,0.59404,0.523,0.43394,0
0.43323,0.59189,0.52254,0.43467,0
0.43634,0.58985,0.52195,0.43504,0
0.44046,0.58798,0.52095,0.43461,0
0.4459,0.58661,0.5184,0.43396,0
0.45168,0.5857,0.5142,0.43422,0
0.45725,0.58476,0.50915,0.43559,0
0.46323,0.58244,0.50529,0.43688,0
0.46829,0.58033,0.50185,0.43826,0
0.47167,0.57979,0.49792,0.43983,0
0.4748,0.57955,0.49488,0.4402,0
0.47814,0.57971,0.49246,0.43909,0
0.48212,0.58036,0.49008,0.43655,0
0.48741,0.58142,0.48718,0.43248,0
0.49382,0.58274,0.48363,0.42738,0
0.50086,0.58426,0.47945,0.42179,0
0.50801,0.58595,0.4748,0.41612,0
0.51491,0.58764,0.46984,0.41085,0
0.52126,0.58921,0.4649,0.40618,0
0.52684,0.59085,0.46015,0.40199,0
0.53174,0.59297,0.45526,0.39796,0
0.53629,0.59568,0.44997,0.39381,0
0.54054,0.59881,0.44435,0.38961,0
0.54413,0.60226,0.43895,0.3854,0
0.54654,0.60623,0.43446,0.38081,0
0.54684,0.61105,0.43152,0.37601,0
0.54366,0.61821,0.42968,0.37099,0
0.53876,0.62753,0.42974,0.36232,0
0.53836,0.63394,0.42589,0.35625,0
0.54561,0.63508,0.41682,0.3539,0
0.54938,0.63878,0.41125,0.34787,0
0.55262,0.64139,0.40637,0.34363,0
0.55546,0.64341,0.40192,0.3405,0
0.55912,0.64518,0.3964,0.33763,0
0.56414,0.64643,0.38905,0.33543,0
0.56969,0.64704,0.38125,0.33383,0
0.57522,0.64701,0.37398,0.33263,0
0.58097,0.64617,0.3672,0.33181,0
0.58706,0.64456,0.36092,0.33113,0
0.59331,0.6425,0.35516,0.33021,0
0.59956,0.64006,0.35029,0.32886,0
0.60574,0.63703,0.34684,0.32706,0
0.61167,0.63348,0.34532,0.32453,0
0.61582,0.63139,0.34312,0.32309,0
0.61802,0.63101,0.34077,0.32211,0
0.61898,0.63168,0.33892,0.3209,0
0.61891,0.63324,0.33754,0.31941,0
0.61795,0.63547,0.33697,0.31745,0
0.61636,0.63809,0.33735,0.31486,0
0.61437,0.64097,0.33839,0.31177,0
0.6113,0.6448,0.33992,0.30821,0
0.60543,0.65109,0.34179,0.30449,0
0.59541,0.6603,0.34502,0.30075,0
0.58327,0.67106,0.35042,0.2944,0
0.58309,0.6747,0.34612,0.29152,0
0.58643,0.67552,0.3408,0.2892,0
0.58975,0.67501,0.33721,0.28782,0
0.59311,0.67384,0.33428,0.28707,0
0.59488,0.67304,0.33266,0.28718,0
0.59577,0.67209,0.33292,0.28726,0
0.59735,0.67078,0.33288,0.28708,0
0.59945,0.66956,0.33188,0.28672,0
0.60175,0.66885,0.32994,0.28579,0
0.60399,0.66882,0.32728,0.28419,0
0.606,0.66931,0.32406,0.28244,0
0.60766,0.67015,0.32037,0.2811,0
0.60875,0.67119,0.31675,0.28035,0
0.60935,0.67222,0.31386,0.27982,0
0.60962,0.67307,0.31202,0.27924,0
0.60984,0.67355,0.31115,0.27859,0
0.61024,0.67364,0.31076,0.27793,0
0.61091,0.67339,0.31045,0.2774,0
0.61181,0.67295,0.30991,0.2771,0
0.61275,0.67256,0.30905,0.27694,0
0.61365,0.67234,0.30794,0.2767,0
0.61458,0.67228,0.30671,0.27615,0
0.61557,0.67221,0.30548,0.27547,0
0.61662,0.67198,0.30432,0.27499,0
0.61762,0.67152,0.30335,0.27493,0
0.61845,0.67089,0.30273,0.27529,0
0.61918,0.67019,0.3023,0.27582,0
0.61988,0.66949,0.30191,0.27637,0
0.62056,0.66882,0.30152,0.27692,0
0.62118,0.66816,0.30117,0.27747,0
0.62171,0.66755,0.30092,0.27804,0
0.62214,0.66698,0.30071,0.27867,0
0.62254,0.66644,0.30048,0.2793,0
0.62291,0.66596,0.30022,0.27991,0
0.62321,0.66552,0.29998,0.28054,0
0.62342,0.66513,0.29979,0.28121,0
0.62352,0.66479,0.29965,0.28193,0
0.62351,0.66449,0.29957,0.28273,0
0.62337,0.66428,0.29954,0.2836,0
0.62314,0.66413,0.29946,0.2845,0
0.62292,0.66403,0.29928,0.28542,0
0.62271,0.66397,0.29898,0.28633,0
0.62251,0.66391,0.29866,0.28724,0
0.62228,0.66381,0.29847,0.28817,0
0.62198,0.66362,0.29851,0.2892,0
0.62163,0.66336,0.29876,0.29029,0
0.62121,0.6631,0.29914,0.29139,0
0.62073,0.6629,0.29957,0.29245,0
0.62014,0.66278,0.30004,0.29347,0
0.61945,0.66276,0.30055,0.29445,0
0.6187,0.66279,0.3011,0.29539,0
0.61797,0.66281,0.30166,0.29632,0
0.61731,0.66278,0.30217,0.29723,0
0.61675,0.66269,0.30264,0.29812,0
0.61625,0.66257,0.30307,0.29899,0
0.61578,0.66243,0.30349,0.29984,0
0.61536,0.66228,0.30387,0.30062,0
0.615,0.66211,0.30423,0.30138,0
0.61468,0.66187,0.3046,0.30219,0
0.61439,0.66158,0.30495,0.30305,0
0.61414,0.66129,0.30525,0.30389,0
0.61392,0.66103,0.30545,0.30471,0
0.61376,0.66083,0.30551,0.30541,0
0.61363,0.66067,0.30551,0.306,0
0.61334,0.6605,0.30579,0.30669,0
0.61283,0.66032,0.30641,0.30745,0
0.61227,0.66026,0.30702,0.30809,0
0.61169,0.66036,0.30741,0.30863,0
0.61104,0.66062,0.30767,0.30912,0
0.61024,0.66095,0.30804,0.30964,0
0.60934,0.66125,0.30864,0.31016,0
0.6085,0.66143,0.30937,0.31069,0
0.60774,0.66147,0.31018,0.31128,0
0.60707,0.66138,0.31107,0.31191,0
0.60645,0.66125,0.31196,0.31249,0
0.6059,0.66114,0.31275,0.313,0
0.60541,0.66104,0.31342,0.3135,0
0.60496,0.6609,0.31401,0.31406,0
0.60458,0.6607,0.31456,0.31466,0
0.60426,0.66044,0.31507,0.31532,0
0.60401,0.66015,0.3155,0.31598,0
0.60381,0.65984,0.31587,0.31662,0
0.60365,0.65953,0.31621,0.31723,0
0.60351,0.6592,0.31654,0.31786,0
0.60338,0.65882,0.31691,0.31852,0
0.60327,0.65837,0.31733,0.31924,0
0.60317,0.65788,0.31781,0.31996,0
0.60304,0.65739,0.31836,0.32067,0
0.60286,0.65693,0.31897,0.32134,0
0.60266,0.6565,0.31959,0.32198,0
0.60244,0.65608,0.32021,0.32261,0
0.60218,0.65571,0.32083,0.32325,0
0.60189,0.65539,0.3214,0.32388,0
0.60156,0.65515,0.32189,0.32451,0
0.60116,0.65497,0.32236,0.32513,0
0.60069,0.65485,0.32286,0.32574,0
0.60019,0.65477,0.32337,0.32632,0
0.59974,0.65468,0.32385,0.32684,0
0.59934,0.6546,0.32427,0.32734,0
0.59898,0.65451,0.32462,0.32782,0
0.59866,0.65442,0.3249,0.32829,0
0.59836,0.65437,0.32513,0.32873,0
0.59805,0.65434,0.32533,0.32914,0
0.59772,0.65436,0.32553,0.32951,0
0.5974,0.65438,0.32573,0.32985,0
0.59712,0.6544,0.32591,0.33014,0
0.59685,0.65442,0.32609,0.3304,0
0.59658,0.65446,0.32627,0.33064,0
0.5963,0.65452,0.32643,0.33088,0
0.596,0.65461,0.32657,0.3311,0
0.59571,0.65475,0.32664,0.33128,0
0.59546,0.65493,0.32662,0.3314,0
0.59524,0.65512,0.32655,0.33147,0
0.59506,0.65532,0.32647,0.33148,0
0.59488,0.65555,0.32637,0.33144,0
0.59469,0.65581,0.32628,0.33135,0
0.5945,0.6561,0.32616,0.33124,0
0.59433,0.6564,0.32602,0.3311,0
0.59416,0.65669,0.32586,0.33098,0
0.594,0.65697,0.3257,0.33087,0
0.59387,0.65724,0.32553,0.33072,0
0.59377,0.65751,0.32536,0.33053,3
0.5937,0.6578,0.32517,0.33028,0
0.59367,0.65811,0.32493,0.32994,0
0.59368,0.65847,0.32463,0.32952,0
0.59369,0.65887,0.32428,0.32904,0
0.59373,0.65929,0.3239,0.32851,0
0.59378,0.65972,0.32347,0.32795,0
0.59387,0.66021,0.32297,0.32731,0
0.59401,0.66078,0.32233,0.32654,0
0.59411,0.6614,0.3217,0.32571,0
0.59406,0.66201,0.3213,0.32496,0
0.59398,0.66263,0.32095,0.32421,0
0.59399,0.66333,0.32036,0.32333,0
0.59412,0.66413,0.31941,0.32238,0
0.59423,0.66501,0.31829,0.32148,0
0.59421,0.66593,0.31724,0.32063,0
0.59414,0.66689,0.31625,0.31976,0
0.59409,0.66783,0.31525,0.31888,0
0.59408,0.66871,0.31422,0.31804,0
0.59412,0.66954,0.31322,0.31723,0
0.59422,0.67035,0.31216,0.31637,0
0.59439,0.67119,0.31096,0.31546,0
0.59458,0.672,0.30971,0.3146,0
0.59477,0.67273,0.3085,0.31384,0
0.59496,0.6734,0.3074,0.31316,0
0.59517,0.67402,0.30635,0.31243,0
0.59545,0.67464,0.3053,0.31161,0
0.59578,0.67522,0.30423,0.31074,0
0.59615,0.67576,0.30318,0.3099,0
0.59652,0.67625,0.30214,0.30913,0
0.59689,0.67671,0.3011,0.30843,0
0.59723,0.67714,0.3001,0.30778,0
0.59753,0.67758,0.29915,0.30717,0
0.59777,0.67805,0.29824,0.30655,0
0.59798,0.67856,0.29733,0.30589,0
0.59814,0.67911,0.29644,0.30523,0
0.59825,0.67969,0.29554,0.30459,0
0.59835,0.68027,0.29458,0.30401,0
0.59846,0.68085,0.29353,0.30352,0
0.59858,0.68142,0.29242,0.3031,0
0.5987,0.68196,0.29125,0.30276,0
0.59882,0.68247,0.29007,0.3025,0
0.59894,0.68297,0.28887,0.30229,0
0.59907,0.68344,0.28766,0.30212,0
0.5992,0.6839,0.28645,0.30198,0
0.59933,0.68433,0.28525,0.30186,0
0.59944,0.68477,0.28406,0.30178,0
0.59951,0.6852,0.28291,0.30175,0
0.59953,0.68564,0.28176,0.30177,0
0.59953,0.68609,0.28064,0.30179,0
0.59952,0.68657,0.27952,0.30177,0
0.59949,0.68711,0.27837,0.30166,0
0.59947,0.68772,0.27715,0.30144,0
0.59943,0.6884,0.27587,0.30115,0
0.59935,0.6891,0.27459,0.30087,0
0.59924,0.6898,0.27335,0.30063,0
0.59911,0.69046,0.27216,0.30043,0
0.599,0.69106,0.27101,0.30031,0
0.59892,0.69161,0.26988,0.30023,0
0.59888,0.69213,0.26875,0.30012,0
0.59883,0.69269,0.26761,0.29993,0
0.59877,0.69334,0.26643,0.2996,0
0.59871,0.69407,0.2652,0.29914,0
0.59864,0.69487,0.2639,0.29855,0
0.59861,0.69574,0.26252,0.2978,0
0.59861,0.69667,0.26107,0.29692,0
0.59863,0.69764,0.25956,0.29592,0
0.59867,0.69868,0.25795,0.29479,0
0.59876,0.69977,0.25625,0.29351,0
0.59893,0.70087,0.25445,0.2921,0
0.59919,0.70197,0.25255,0.29057,0
0.59955,0.70307,0.25054,0.28889,0
0.59999,0.70418,0.24845,0.28707,0
0.60051,0.70531,0.24631,0.28506,0
0.60106,0.70646,0.24414,0.28291,0
0.60166,0.70758,0.24197,0.28068,0
0.60228,0.70867,0.23982,0.27843,0
0.60293,0.70971,0.23768,0.27622,0
0.60359,0.71072,0.23553,0.27401,0
0.60426,0.71175,0.23332,0.27175,0
0.60494,0.71278,0.23105,0.26946,0
0.60563,0.71379,0.22876,0.26719,0
0.60632,0.71477,0.22647,0.26496,0
0.60699,0.71571,0.22417,0.26278,0
0.60764,0.71666,0.22188,0.26065,0
0.60825,0.71763,0.21952,0.25853,0
0.60879,0.71867,0.21711,0.2564,0
0.6092,0.71981,0.2147,0.25427,0
0.60943,0.72106,0.21235,0.25216,0
0.60949,0.72239,0.21012,0.25005,0
0.6094,0.72381,0.208,0.24792,0
0.60922,0.7253,0.20588,0.24576,0
0.60898,0.72685,0.20375,0.24355,0
0.60859,0.72845,0.20172,0.24143,0
0.60793,0.7301,0.20002,0.2395,0
0.60716,0.73183,0.19837,0.23754,0
0.60648,0.73367,0.19635,0.2353,0
0.60585,0.73559,0.19397,0.23287,0
0.60512,0.73762,0.1915,0.23039,0
0.60419,0.7397,0.18925,0.22801,0
0.60312,0.7418,0.18723,0.22568,0
0.60201,0.74386,0.18539,0.22337,0
0.6009,0.74587,0.18364,0.22107,0
0.59977,0.7479,0.18191,0.21869,0
0.59864,0.74997,0.18011,0.21618,0
0.59759,0.75203,0.17813,0.21354,0
0.59668,0.75402,0.17601,0.21082,0
0.59593,0.75588,0.17389,0.20804,0
0.59539,0.75755,0.17179,0.20522,0
0.59507,0.75905,0.1697,0.20232,0
0.59496,0.76042,0.16759,0.19926,0
0.595,0.76171,0.1654,0.196,0
0.59515,0.76297,0.16311,0.19255,0
0.59534,0.76422,0.16073,0.18895,0
0.59561,0.76543,0.15828,0.18523,0
0.59599,0.76657,0.15577,0.1814,0
0.59651,0.76762,0.15317,0.17741,0
0.5972,0.76858,0.15041,0.17323,0
0.59802,0.76945,0.14755,0.16894,0
0.599,0.7702,0.14463,0.16452,0
0.60016,0.7708,0.1417,0.16003,0
0.60139,0.77124,0.13898,0.15556,0
0.6025,0.77167,0.13663,0.15118,0
0.60329,0.77221,0.13475,0.14684,0
0.60409,0.77271,0.13299,0.14251,0
0.60512,0.77298,0.13117,0.13829,0
0.60619,0.77316,0.12948,0.13415,0
0.60728,0.77326,0.12798,0.13002,0
0.60837,0.77334,0.12655,0.12581,0
0.60937,0.77349,0.12511,0.12137,0
0.61024,0.77377,0.1236,0.1167,0
0.6109,0.7742,0.12198,0.11195,0
0.61138,0.77476,0.12027,0.10724,0
0.61176,0.77539,0.11844,0.1025,0
0.61206,0.77607,0.11645,0.097598,0
0.6123,0.77682,0.11436,0.092525,0
0.61249,0.77759,0.11219,0.087284,0
0.61265,0.77837,0.10996,0.081918,0
0.61279,0.77913,0.10767,0.076497,0
0.61292,0.77987,0.10527,0.071087,0
0.61297,0.78064,0.10272,0.065708,0
0.61289,0.78149,0.10003,0.060362,0
0.61261,0.78243,0.097318,0.055083,0
0.61213,0.78348,0.094696,0.049915,0
0.61144,0.78462,0.092217,0.044907,0
0.61065,0.78575,0.089924,0.040137,0
0.60989,0.7868,0.087817,0.035675,0
0.60925,0.78768,0.085866,0.031548,0
0.60875,0.78843,0.083935,0.027651,0
0.60834,0.78908,0.081879,0.02387,0
0.60803,0.78966,0.07957,0.02016,0
0.60779,0.79019,0.076906,0.016521,0
0.60755,0.79073,0.073897,0.012966,0
0.60728,0.79129,0.070594,0.0095843,0
0.60695,0.79188,0.06711,0.0063765,0
0.60655,0.7925,0.063558,0.0033363,0
0.60608,0.79313,0.060031,0.00046394,0
0.60559,0.79376,0.056608,-0.0022443,0
0.60509,0.79435,0.053326,-0.0047854,0
0.60458,0.79493,0.050181,-0.0071829,0
0.6041,0.79546,0.047096,-0.009533,0
0.60367,0.79593,0.043969,-0.011918,0
0.60326,0.79637,0.040907,-0.014249,0
0.60274,0.79686,0.038196,-0.016293,0
0.60214,0.79738,0.035866,-0.018065,0
0.60158,0.79786,0.033632,-0.019922,0
0.60119,0.79819,0.031366,-0.021818,0
