0.18542,0.15006,0.69056,0.68281,0
0.18615,0.14901,0.69034,0.68306,0
0.18651,0.14847,0.69023,0.68319,0
0.18676,0.14825,0.69013,0.68328,0
0.187,0.14823,0.69001,0.68334,0
0.18723,0.14834,0.6899,0.68336,0
0.18737,0.14844,0.68983,0.68337,0
0.18747,0.14848,0.68979,0.68337,0
0.18757,0.14855,0.68976,0.68336,0
0.18767,0.14866,0.68974,0.68333,0
0.18774,0.14873,0.68972,0.68331,0
0.18781,0.14879,0.68972,0.68328,0
0.18782,0.14885,0.68973,0.68326,0
0.18781,0.14891,0.68969,0.68329,0
0.18791,0.14905,0.68962,0.6833,0
0.18816,0.14934,0.68957,0.68322,0
0.18842,0.14967,0.68953,0.68311,0
0.18856,0.14989,0.68952,0.68304,0
0.18853,0.14995,0.68954,0.68301,0
0.18832,0.14985,0.6896,0.68303,0
0.18806,0.14966,0.68967,0.68307,0
0.18794,0.14955,0.68973,0.68307,0
0.18803,0.14963,0.68975,0.683,0
0.18828,0.14993,0.68975,0.68287,0
0.18863,0.15037,0.68973,0.68271,0
0.18894,0.15081,0.68972,0.68253,0
0.18912,0.15114,0.68972,0.68241,0
0.18923,0.15136,0.6897,0.68234,0
0.1893,0.15148,0.68967,0.68233,0
0.18927,0.15152,0.68964,0.68236,0
0.1891,0.15146,0.68963,0.68243,0
0.18887,0.15135,0.68964,0.68251,0
0.18871,0.15132,0.68964,0.68256,0
0.18864,0.15137,0.68963,0.68258,0
0.18865,0.15154,0.6896,0.68257,0
0.18867,0.15173,0.68957,0.68255,0
0.18864,0.1518,0.68957,0.68254,0
0.1886,0.15178,0.68962,0.68251,0
0.18847,0.15164,0.68969,0.6825,0
0.18827,0.15144,0.68977,0.68253,0
0.18815,0.15135,0.68983,0.68252,0
0.1882,0.15142,0.68985,0.68246,0
0.18845,0.15171,0.68984,0.68234,0
0.18881,0.15216,0.68978,0.6822,0
0.18914,0.15258,0.68965,0.68214,0
0.18931,0.15281,0.68955,0.68215,0
0.18921,0.15283,0.68954,0.68218,0
0.18895,0.15271,0.68959,0.68223,0
0.18868,0.15254,0.68967,0.68227,0
0.18859,0.15243,0.6897,0.68229,0
0.18871,0.15251,0.68967,0.68226,0
0.18886,0.15269,0.68964,0.68221,0
0.18894,0.15293,0.68957,0.68221,0
0.18898,0.15313,0.68948,0.68224,0
0.189,0.15326,0.68941,0.68228,0
0.18905,0.15339,0.68942,0.68222,0
0.18919,0.15356,0.68944,0.68213,0
0.18936,0.15385,0.68944,0.68202,0
0.18958,0.15429,0.68941,0.68189,0
0.18976,0.15474,0.68939,0.68175,0
0.18984,0.15513,0.68935,0.68168,0
0.18995,0.15548,0.68929,0.68164,0
0.19,0.1557,0.68923,0.68163,0
0.18988,0.15566,0.6892,0.68171,0
0.18968,0.15547,0.6892,0.6818,0
0.18958,0.15535,0.68921,0.68185,0
0.18966,0.15542,0.68922,0.68179,0
0.1899,0.15564,0.68922,0.68169,0
0.1903,0.156,0.6892,0.68151,0
0.19069,0.15642,0.68922,0.68129,0
0.19087,0.15666,0.68925,0.68115,0
0.19088,0.15668,0.68928,0.68111,0
0.19079,0.15655,0.68931,0.68113,0
0.19067,0.15629,0.68934,0.6812,0
0.19065,0.15607,0.68936,0.68124,0
0.1908,0.15604,0.68936,0.68119,0
0.19111,0.15629,0.68933,0.68108,0
0.19151,0.15677,0.68929,0.6809,0
0.19185,0.15719,0.68924,0.68076,0
0.19199,0.15736,0.6892,0.68072,0
0.19196,0.15731,0.68921,0.68073,0
0.19179,0.15707,0.68927,0.68078,0
0.19161,0.15681,0.68935,0.68081,0
0.19164,0.15679,0.6894,0.68074,0
0.19191,0.15707,0.68941,0.6806,0
0.19225,0.1575,0.68941,0.6804,0
0.19253,0.15789,0.68945,0.68019,0
0.19269,0.15816,0.68952,0.68002,0
0.19272,0.15827,0.6896,0.6799,0
0.19259,0.15814,0.68969,0.67987,0
0.19235,0.15788,0.68978,0.67991,0
0.19217,0.15769,0.68983,0.67996,0
0.1922,0.15771,0.68978,0.67999,0
0.19243,0.15794,0.68966,0.68,0
0.19277,0.15833,0.68955,0.67992,0
0.19305,0.1587,0.68948,0.67982,0
0.19314,0.15886,0.68946,0.67979,0
0.19301,0.15874,0.68947,0.67984,0
0.19276,0.15847,0.68949,0.67995,0
0.19255,0.15826,0.68951,0.68004,0
0.19241,0.15813,0.68953,0.68009,0
0.19238,0.15812,0.68952,0.68011,0
0.1925,0.15825,0.68946,0.68011,0
0.19258,0.15837,0.68942,0.6801,0
0.19259,0.15843,0.6894,0.6801,0
0.1926,0.15847,0.68937,0.68012,0
0.19263,0.15846,0.68933,0.68015,0
0.19266,0.15845,0.68929,0.68019,0
0.19276,0.15853,0.68921,0.68022,0
0.19288,0.1587,0.68911,0.68025,0
0.19295,0.15882,0.68903,0.68028,0
0.19289,0.15879,0.68899,0.68034,0
0.19267,0.15859,0.689,0.68044,0
0.19241,0.15835,0.689,0.68057,0
0.19234,0.15832,0.68895,0.68065,0
0.19249,0.1585,0.68888,0.68064,0
0.19275,0.15883,0.68883,0.68054,0
0.19297,0.15923,0.68881,0.6804,0
0.19307,0.15955,0.68883,0.68028,0
0.19305,0.15971,0.68885,0.68023,0
0.19295,0.15969,0.68888,0.68023,0
0.19277,0.15946,0.68889,0.68032,0
0.19256,0.15918,0.68889,0.68045,0
0.19245,0.15903,0.68886,0.68054,0
0.19252,0.15908,0.68883,0.68055,0
0.19274,0.15933,0.68878,0.68048,0
0.19301,0.15968,0.68873,0.68037,0
0.19322,0.15996,0.6887,0.68027,0
0.19336,0.16013,0.6887,0.68019,0
0.19335,0.16014,0.68875,0.68014,0
0.19319,0.15999,0.68884,0.68014,0
0.19298,0.1598,0.68891,0.68016,0
0.19289,0.15969,0.68895,0.68017,0
0.19285,0.15967,0.68898,0.68016,0
0.19284,0.15972,0.68896,0.68017,0
0.19294,0.15991,0.68896,0.6801,0
0.1931,0.16017,0.689,0.67995,0
0.19326,0.16038,0.68906,0.6798,0
0.19341,0.16057,0.68913,0.67964,0
0.19358,0.16072,0.68918,0.6795,0
0.19366,0.16079,0.68923,0.67941,0
0.1935,0.16069,0.68928,0.67943,0
0.19322,0.16048,0.6893,0.67955,0
0.19292,0.16024,0.68931,0.67967,0
0.19267,0.16003,0.68937,0.67973,0
0.19268,0.16001,0.68942,0.67969,0
0.19299,0.16028,0.6894,0.67955,0
0.19345,0.16069,0.68938,0.67935,0
0.19381,0.16105,0.68938,0.67916,0
0.19394,0.16123,0.68939,0.67907,0
0.19384,0.16116,0.68942,0.67909,0
0.19358,0.16091,0.68945,0.67919,0
0.19331,0.16059,0.68947,0.67931,0
0.1931,0.16028,0.68949,0.67943,0
0.19303,0.16012,0.68949,0.67949,0
0.19325,0.16027,0.68948,0.6794,0
0.19361,0.16062,0.68946,0.67923,0
0.1939,0.16097,0.68945,0.67908,0
0.19398,0.16111,0.68942,0.67906,0
0.19379,0.16098,0.68939,0.67916,0
0.1934,0.16058,0.6894,0.67937,0
0.19296,0.16005,0.68943,0.67959,0
0.19266,0.15966,0.68942,0.67977,0
0.19263,0.15958,0.68934,0.67988,0
0.19295,0.15991,0.68919,0.67986,0
0.19353,0.16058,0.68902,0.67972,0
0.19413,0.1613,0.68883,0.67956,0
0.19457,0.16186,0.6887,0.67944,0
0.19474,0.16209,0.68863,0.67941,0
0.19469,0.16198,0.6886,0.67947,0
0.19447,0.16164,0.6886,0.67962,0
0.19428,0.16127,0.68857,0.67979,0
0.19427,0.161,0.68853,0.6799,0
0.19444,0.1609,0.68848,0.67993,0
0.1947,0.16094,0.68843,0.6799,0
0.19492,0.16101,0.68836,0.67989,0
0.195,0.16092,0.68829,0.67995,0
0.19495,0.16058,0.68826,0.68007,0
0.19482,0.16009,0.68826,0.68023,0
0.19478,0.15968,0.68826,0.68034,0
0.19492,0.15951,0.68823,0.68037,0
0.19518,0.15951,0.68816,0.68036,0
0.19547,0.15954,0.68806,0.68038,0
0.1957,0.15954,0.68794,0.68043,0
0.19581,0.15947,0.68789,0.68046,0
0.19582,0.15935,0.68792,0.68046,0
0.19588,0.15927,0.68796,0.68043,0
0.19599,0.15926,0.68798,0.68037,0
0.19612,0.15929,0.68798,0.68033,0
0.19621,0.1593,0.68796,0.68032,0
0.19618,0.15918,0.68794,0.68037,0
0.19604,0.15895,0.68794,0.68047,0
0.19587,0.15871,0.68799,0.68052,0
0.19583,0.15862,0.68806,0.68049,0
0.19602,0.15873,0.68811,0.68036,0
0.19635,0.15895,0.68814,0.68018,0
0.19659,0.15913,0.68816,0.68004,0
0.19659,0.15912,0.6882,0.68001,0
0.19639,0.15891,0.68825,0.68006,0
0.19611,0.15864,0.68833,0.68013,0
0.19586,0.15839,0.6884,0.68019,0
0.19574,0.15822,0.68847,0.68019,0
0.19583,0.15823,0.68852,0.68011,0
0.19608,0.1584,0.68855,0.67997,0
0.19628,0.15856,0.6886,0.67983,0
0.19636,0.15862,0.68863,0.67976,0
0.19629,0.15853,0.68865,0.67978,0
0.19604,0.15826,0.68866,0.6799,0
0.19569,0.15781,0.68866,0.68011,0
0.19539,0.15737,0.68866,0.6803,0
0.19536,0.15717,0.68864,0.68037,0
0.19564,0.15729,0.68857,0.68033,0
0.19604,0.15767,0.68849,0.68021,0
0.19638,0.15814,0.68841,0.68009,0
0.19656,0.15853,0.68833,0.68003,0
0.19656,0.15869,0.68827,0.68005,0
0.19644,0.15861,0.68819,0.68018,0
0.19636,0.15851,0.68811,0.68031,0
0.19642,0.1585,0.68803,0.68037,0
0.19664,0.1586,0.68795,0.68037,0
0.19688,0.15876,0.68788,0.68033,0
0.19707,0.15893,0.68779,0.68033,0
0.19718,0.15904,0.68771,0.68036,0
0.19718,0.159,0.68765,0.68042,0
0.19717,0.15893,0.68765,0.68044,0
0.19718,0.15888,0.68766,0.68044,0
0.19722,0.15882,0.68764,0.68046,0
0.19739,0.15882,0.68761,0.68044,0
0.1976,0.1588,0.68762,0.68038,0
0.19766,0.15865,0.68767,0.68034,0
0.19762,0.15841,0.68775,0.68033,0
0.19756,0.15817,0.68781,0.68034,0
0.19761,0.1581,0.68786,0.6803,0
0.1979,0.15828,0.68786,0.68018,0
0.19839,0.1587,0.68781,0.67998,0
0.19894,0.15922,0.68773,0.67978,0
0.19933,0.15959,0.68766,0.67965,0
0.19931,0.15956,0.68766,0.67966,0
0.1991,0.15931,0.68768,0.67976,0
0.19895,0.15904,0.68769,0.67986,0
0.19894,0.15895,0.68772,0.67985,0
0.19913,0.15914,0.68775,0.67972,0
0.19949,0.15955,0.68774,0.67953,0
0.19991,0.16006,0.68772,0.67931,0
0.20018,0.16038,0.68773,0.67914,0
0.20017,0.16041,0.68778,0.67909,0
0.20002,0.16028,0.68781,0.67913,0
0.19994,0.16009,0.68778,0.67923,0
0.19995,0.15998,0.68771,0.67932,0
0.20003,0.16,0.68769,0.67932,0
0.20015,0.16008,0.68771,0.67925,0
0.20035,0.16025,0.68773,0.67912,0
0.20052,0.16049,0.68776,0.67899,0
0.20052,0.16062,0.68778,0.67894,0
0.20033,0.16059,0.68778,0.679,0
0.20011,0.16051,0.68777,0.67909,0
0.19992,0.1604,0.68779,0.67916,0
0.19981,0.16036,0.68779,0.67919,0
0.19977,0.16042,0.68778,0.67921,0
0.19972,0.16054,0.68779,0.67917,0
0.19967,0.16076,0.68782,0.67911,0
0.19966,0.16104,0.6878,0.67906,0
0.19962,0.16132,0.6878,0.67901,0
0.19959,0.1616,0.6878,0.67896,0
0.1997,0.16188,0.68777,0.67889,0
0.19984,0.16212,0.68776,0.6788,0
0.1999,0.16226,0.68776,0.67875,0
0.19985,0.16231,0.68775,0.67876,0
0.19975,0.16228,0.68774,0.67881,0
0.19968,0.16223,0.68772,0.67886,0
0.19966,0.16219,0.6877,0.6789,0
0.19969,0.16225,0.68767,0.67891,0
0.19975,0.16244,0.68763,0.67888,0
0.19985,0.16266,0.68758,0.67885,0
0.19997,0.16288,0.68754,0.6788,0
0.20008,0.16308,0.68751,0.67875,0
0.20008,0.16317,0.68752,0.67872,0
0.19994,0.16308,0.68756,0.67874,0
0.19975,0.16286,0.68761,0.6788,0
0.19959,0.16262,0.68761,0.67891,0
0.19953,0.16247,0.68756,0.67901,0
0.19961,0.16245,0.68748,0.67907,0
0.19981,0.16251,0.6874,0.67908,0
0.20001,0.16257,0.68732,0.67908,0
0.20006,0.16253,0.68732,0.67908,0
0.19994,0.16231,0.68736,0.67912,0
0.19977,0.162,0.68743,0.67918,0
0.19963,0.16165,0.6875,0.67923,0
0.19951,0.16131,0.68755,0.6793,0
0.19947,0.16108,0.68755,0.67936,0
0.19954,0.16102,0.68753,0.67938,0
0.19971,0.16114,0.6875,0.67933,0
0.19995,0.16135,0.68746,0.67926,0
0.2002,0.16154,0.68741,0.67918,0
0.20042,0.16165,0.68739,0.67911,0
0.20055,0.16164,0.68739,0.67908,0
0.20055,0.16149,0.68741,0.67909,0
0.20048,0.16126,0.68745,0.67913,0
0.20043,0.16104,0.68749,0.67915,0
0.20047,0.16093,0.68754,0.67913,0
0.20051,0.16088,0.68756,0.6791,0
0.20058,0.16086,0.68755,0.67909,0
0.20063,0.1608,0.6875,0.67914,0
0.2006,0.16065,0.68746,0.67923,0
0.20059,0.16054,0.68746,0.67926,0
0.20071,0.16059,0.68747,0.6792,0
0.2009,0.16072,0.68745,0.67913,0
0.20112,0.16091,0.68742,0.67906,0
0.20128,0.16112,0.68735,0.67903,0
0.2013,0.16122,0.68728,0.67907,0
0.20119,0.1612,0.68722,0.67917,0
0.20107,0.16112,0.68716,0.67928,0
0.20098,0.16098,0.6871,0.6794,0
0.20095,0.16089,0.68705,0.67948,0
0.20101,0.16091,0.687,0.67951,0
0.20122,0.16109,0.68695,0.67946,0
0.20153,0.1614,0.68688,0.67936,0
0.20176,0.16165,0.6868,0.67932,0
0.20185,0.16175,0.68675,0.67931,0
0.20182,0.16169,0.68673,0.67935,0
0.20165,0.16152,0.68673,0.67945,0
0.20145,0.16132,0.68672,0.67956,0
0.20135,0.16125,0.68673,0.6796,0
0.20136,0.16135,0.68674,0.67957,0
0.20151,0.16156,0.68669,0.67952,0
0.20167,0.16184,0.68662,0.67948,0
0.20167,0.16206,0.68655,0.6795,0
0.20159,0.16219,0.68646,0.67959,0
0.20147,0.16217,0.68639,0.67969,0
0.2013,0.16209,0.68637,0.67979,0
0.20121,0.16216,0.68632,0.67984,0
0.20124,0.16237,0.68627,0.67983,0
0.20134,0.16264,0.68623,0.67978,0
0.20135,0.16287,0.68619,0.67976,0
0.20119,0.16299,0.68615,0.67982,0
0.20088,0.16297,0.68612,0.67994,0
0.20059,0.16286,0.68613,0.68005,0
0.20041,0.16275,0.68613,0.68013,0
0.20027,0.16266,0.68613,0.68019,0
0.2002,0.16265,0.68616,0.68019,0
0.2002,0.16271,0.68618,0.68015,0
0.2002,0.16282,0.68621,0.68009,0
0.2002,0.16292,0.68622,0.68006,0
0.20021,0.16299,0.68618,0.68008,0
0.20017,0.16298,0.68614,0.68013,0
0.20009,0.16288,0.68609,0.68023,0
0.19996,0.16273,0.68603,0.68037,0
0.19984,0.16259,0.68598,0.68048,0
0.19978,0.16255,0.68596,0.68053,0
0.19985,0.16267,0.68595,0.68049,0
0.20001,0.16288,0.68593,0.68042,0
0.20015,0.1631,0.6859,0.68035,0
0.20016,0.16322,0.68588,0.68034,0
0.19998,0.1632,0.68586,0.68042,0
0.1997,0.16307,0.68587,0.68052,0
0.19942,0.16288,0.68592,0.6806,0
0.1992,0.16267,0.68596,0.68067,0
0.19904,0.16248,0.68596,0.68077,0
0.19892,0.16233,0.68593,0.68086,0
0.19883,0.16221,0.68594,0.68091,0
0.19873,0.1621,0.68602,0.68089,0
0.19869,0.16208,0.68614,0.68078,0
0.19885,0.16222,0.68624,0.6806,0
0.19906,0.16241,0.6863,0.68043,0
0.19914,0.16247,0.68629,0.6804,0
0.19906,0.16236,0.68623,0.68052,0
0.19882,0.16208,0.6862,0.68068,0
0.19852,0.1617,0.68624,0.68082,0
0.19829,0.16139,0.68631,0.68089,0
0.19828,0.16129,0.68635,0.68088,0
0.19841,0.16138,0.68635,0.68082,0
0.19857,0.16155,0.68631,0.68077,0
0.19871,0.16168,0.68623,0.68078,0
0.19874,0.16166,0.68619,0.68082,0
0.19859,0.16145,0.68621,0.6809,0
0.19831,0.16113,0.68627,0.68099,0
0.1981,0.16093,0.68633,0.68104,0
0.19807,0.1609,0.68637,0.68101,0
0.19821,0.161,0.68636,0.68095,0
0.19843,0.1612,0.68631,0.68089,0
0.19857,0.16144,0.68625,0.68086,0
0.19858,0.16162,0.68624,0.68082,0
0.19847,0.1616,0.6863,0.6808,0
0.19827,0.1614,0.68636,0.68085,0
0.19806,0.16119,0.68639,0.68092,0
0.19798,0.16112,0.68639,0.68096,0
0.19801,0.16116,0.68637,0.68096,0
0.19808,0.16126,0.68635,0.68094,0
0.19817,0.16145,0.68634,0.68088,0
0.19823,0.16167,0.68635,0.6808,0
0.19819,0.16176,0.68636,0.68079,0
0.19805,0.16165,0.68635,0.68086,0
0.19788,0.16138,0.68635,0.68097,0
0.1977,0.16107,0.68634,0.68111,0
0.19752,0.16076,0.68633,0.68124,0
0.19749,0.16066,0.68633,0.68127,0
0.19768,0.16084,0.68631,0.6812,0
0.19796,0.16115,0.68626,0.68109,0
0.19818,0.1614,0.68618,0.68105,0
0.1982,0.16144,0.6861,0.68112,0
0.19808,0.16133,0.68603,0.68125,0
0.19788,0.16112,0.68599,0.6814,0
0.19769,0.16086,0.68596,0.68154,0
0.19769,0.16075,0.68594,0.68159,0
0.19788,0.1609,0.6859,0.68154,0
0.19812,0.16113,0.68584,0.68148,0
0.19831,0.16128,0.68573,0.6815,0
0.19837,0.16132,0.68566,0.68154,0
0.19829,0.16119,0.68564,0.68161,0
0.19814,0.16097,0.68563,0.68171,0
0.19804,0.16081,0.68563,0.68179,0
0.19803,0.16072,0.6856,0.68184,0
0.19808,0.16069,0.68553,0.6819,0
0.19817,0.16067,0.68543,0.68198,1
0.1982,0.16065,0.68535,0.68206,0
0.1982,0.16062,0.6853,0.68212,0
0.19826,0.16062,0.68522,0.68218,0
0.19846,0.1608,0.68511,0.68219,0
0.19867,0.16103,0.68505,0.68214,0
0.19883,0.16118,0.68497,0.68213,0
0.19885,0.16123,0.6849,0.68219,0
0.19873,0.16115,0.68486,0.68227,0
0.19854,0.16094,0.68485,0.68239,0
0.19841,0.16082,0.68485,0.68246,0
0.19838,0.1608,0.68485,0.68247,0
0.19847,0.16086,0.68483,0.68245,0
0.19865,0.161,0.68482,0.68238,0
0.19878,0.16114,0.68477,0.68236,0
0.19881,0.16121,0.6847,0.6824,0
0.19872,0.16116,0.68466,0.68248,0
0.19855,0.16097,0.68463,0.6826,0
0.19835,0.1607,0.68464,0.68272,0
0.19818,0.16047,0.68465,0.68281,0
0.1982,0.16044,0.68464,0.68282,0
0.19841,0.16062,0.68457,0.68278,0
0.19866,0.16092,0.68446,0.68276,0
0.19877,0.16116,0.68437,0.68275,0
0.19867,0.16118,0.68434,0.68281,0
0.19844,0.16099,0.68435,0.68291,0
0.19815,0.1607,0.6844,0.68302,0
0.19795,0.16049,0.68446,0.68306,0
0.19795,0.16048,0.68452,0.68301,0
0.19813,0.16071,0.68452,0.68289,0
0.19838,0.16108,0.6845,0.68276,0
0.19848,0.16137,0.6845,0.68267,0
0.19833,0.16138,0.68449,0.68271,0
0.19804,0.16114,0.68446,0.68288,0
0.19778,0.16081,0.68446,0.68304,0
0.19763,0.16052,0.6845,0.68311,0
0.19761,0.16039,0.68455,0.6831,0
0.19782,0.16054,0.68456,0.68299,0
0.19819,0.16092,0.68454,0.68281,0
0.19851,0.1613,0.68452,0.68265,0
0.19857,0.16144,0.68449,0.68263,0
0.19837,0.16128,0.68445,0.68276,0
0.19799,0.16086,0.68442,0.68301,0
0.19756,0.16033,0.6844,0.68327,0
0.1973,0.15997,0.68441,0.68342,0
0.19731,0.15993,0.68443,0.68341,0
0.19754,0.16018,0.68445,0.68327,0
0.19784,0.16058,0.68445,0.68309,0
0.19805,0.16098,0.68446,0.68292,0
0.1981,0.16124,0.68447,0.68283,0
0.19802,0.16123,0.68449,0.68284,0
0.19782,0.16105,0.6845,0.68293,0
0.19761,0.16082,0.68452,0.68302,0
0.19748,0.16067,0.68455,0.68307,0
0.19749,0.16063,0.68458,0.68305,0
0.19761,0.16075,0.68458,0.68298,0
0.1978,0.16099,0.68454,0.68291,0
0.19798,0.1613,0.68449,0.68283,0
0.19808,0.16154,0.68445,0.68278,0
0.19801,0.16161,0.6845,0.68274,0
0.19781,0.16152,0.6846,0.68272,0
0.19765,0.16141,0.6847,0.68269,0
0.19761,0.16137,0.68479,0.68263,0
0.19769,0.16147,0.68486,0.6825,0
0.19787,0.16169,0.68487,0.68239,0
0.19807,0.16193,0.68483,0.68231,0
0.19822,0.16211,0.68482,0.68223,0
0.19826,0.16217,0.68489,0.68215,0
0.19822,0.16208,0.68497,0.68209,0
0.19819,0.16198,0.68506,0.68204,0
0.19818,0.16189,0.68512,0.682,0
0.19819,0.1618,0.68516,0.68198,0
0.19819,0.16175,0.68514,0.68201,0
0.19822,0.16181,0.6851,0.68203,0
0.19831,0.16197,0.68504,0.68203,0
0.1984,0.16213,0.68502,0.68198,0
0.19842,0.16223,0.68503,0.68194,0
0.19847,0.16234,0.68505,0.68188,0
0.19854,0.16238,0.68508,0.68182,0
0.19855,0.16234,0.68512,0.68179,0
0.19856,0.16233,0.68513,0.68177,0
0.19859,0.16243,0.6851,0.68178,0
0.19853,0.16249,0.68507,0.68181,0
0.1984,0.16246,0.6851,0.68182,0
0.19826,0.16238,0.68515,0.68184,0
0.19817,0.16232,0.68516,0.68186,0
0.19816,0.16237,0.68517,0.68184,0
0.19829,0.1625,0.68518,0.68176,0
0.19839,0.16254,0.68519,0.68172,0
0.19834,0.16242,0.68521,0.68174,0
0.19817,0.16217,0.68525,0.68181,0
0.19797,0.1619,0.68533,0.68185,0
0.19778,0.16162,0.68544,0.68186,0
0.19777,0.16149,0.68548,0.68185,0
0.19798,0.16159,0.68549,0.68176,0
0.19834,0.16187,0.68547,0.6816,0
0.19872,0.16224,0.68545,0.68143,0
0.19898,0.16256,0.68542,0.6813,0
0.19905,0.16268,0.68543,0.68125,0
0.19887,0.16243,0.68544,0.68135,0
0.19861,0.16206,0.6855,0.68145,0
0.19838,0.16176,0.68556,0.68153,0
0.19834,0.16169,0.68561,0.68151,0
0.1985,0.16189,0.68562,0.6814,0
0.19868,0.16223,0.6856,0.68129,0
0.19881,0.16252,0.68556,0.68122,0
0.19881,0.16259,0.68555,0.68122,0
0.19874,0.16246,0.68551,0.68131,0
0.19857,0.16215,0.68548,0.68147,0
0.19835,0.16184,0.6855,0.68159,0
0.19825,0.16171,0.68554,0.6816,0
0.1983,0.16183,0.68561,0.68149,0
0.19849,0.1622,0.68562,0.68133,0
0.19875,0.16265,0.6856,0.68117,0
0.19891,0.16294,0.68558,0.68108,0
0.19894,0.16303,0.68553,0.6811,0
0.1988,0.16293,0.68549,0.6812,0
0.19861,0.16273,0.68548,0.68132,0
0.19862,0.16269,0.68547,0.68133,0
0.1988,0.16284,0.68546,0.68125,0
0.19901,0.16313,0.68544,0.68114,0
0.19924,0.1635,0.68539,0.68103,0
0.19941,0.1638,0.68535,0.68096,0
0.19945,0.16389,0.68534,0.68094,0
0.19935,0.16381,0.68536,0.68096,0
0.19916,0.16366,0.68538,0.68104,0
0.19897,0.16345,0.68536,0.68116,0
0.19883,0.16323,0.68534,0.68127,0
0.19876,0.16308,0.68532,0.68134,0
0.19872,0.16302,0.68535,0.68135,0
0.19871,0.16304,0.68539,0.6813,0
0.19877,0.16311,0.68543,0.68123,0
0.19884,0.16315,0.68546,0.68117,0
0.19891,0.1631,0.68549,0.68112,0
0.19896,0.163,0.68551,0.68111,0
0.19897,0.16287,0.68551,0.68114,0
0.19894,0.16269,0.68552,0.68119,0
0.19884,0.1625,0.68552,0.68127,0
0.19875,0.16235,0.68549,0.68135,0
0.19875,0.16232,0.68546,0.68139,0
0.19889,0.16246,0.68542,0.68136,0
0.19916,0.16267,0.68538,0.68127,0
0.19943,0.16286,0.68532,0.6812,0
0.1996,0.16292,0.68529,0.68117,0
0.19952,0.16273,0.6853,0.68123,0
0.19925,0.16237,0.68534,0.68136,0
0.19903,0.16204,0.68537,0.68147,0
0.19892,0.16182,0.6854,0.68152,0
0.19895,0.16176,0.68541,0.68152,0
0.19911,0.16186,0.68539,0.68146,0
0.19932,0.16209,0.68538,0.68137,0
0.1995,0.16231,0.68535,0.68129,0
0.19962,0.16248,0.68528,0.68128,0
0.19958,0.16252,0.68526,0.68131,0
0.19935,0.16237,0.68532,0.68135,0
0.19899,0.16209,0.68544,0.6814,0
0.19859,0.16178,0.68556,0.68146,0
0.19834,0.1616,0.68563,0.68151,0
0.19826,0.1616,0.68566,0.6815,0
0.19827,0.16173,0.68565,0.68148,0
0.19832,0.16194,0.6856,0.68147,0
0.19832,0.16213,0.68554,0.68148,0
0.19822,0.16221,0.68548,0.68155,0
0.19809,0.16221,0.68542,0.68165,0
0.19798,0.16225,0.68539,0.68171,0
0.19789,0.16231,0.68539,0.68172,0
0.19782,0.1624,0.68538,0.68173,0
0.19775,0.16254,0.68536,0.68173,0
0.19765,0.16263,0.68531,0.68179,0
0.19756,0.16261,0.68524,0.68189,0
0.19751,0.16252,0.6852,0.68196,0
0.19755,0.16244,0.68517,0.682,0
0.19764,0.16245,0.68515,0.68199,0
0.19773,0.16253,0.68514,0.68196,0
0.19778,0.16262,0.68513,0.68193,0
0.19773,0.16262,0.68512,0.68196,0
0.19754,0.16243,0.68511,0.68207,0
0.19731,0.16212,0.6851,0.68222,0
0.19713,0.16186,0.6851,0.68234,0
0.19708,0.16176,0.68509,0.68238,0
0.19711,0.16176,0.68504,0.68242,0
0.19722,0.16186,0.68495,0.68246,0
0.1974,0.16208,0.6849,0.6824,0
0.19752,0.16233,0.68491,0.6823,0
0.19753,0.16248,0.6849,0.68227,0
0.19745,0.16246,0.68488,0.68232,0
0.19725,0.16225,0.68489,0.68242,0
0.19705,0.16202,0.68491,0.68251,0
0.19691,0.1619,0.68492,0.68257,0
0.1969,0.162,0.68491,0.68255,0
0.19699,0.16228,0.68488,0.6825,0
0.19717,0.16272,0.68482,0.6824,0
0.19742,0.1633,0.68478,0.68223,0
0.19761,0.16388,0.68472,0.68209,0
0.19769,0.16427,0.68467,0.68203,0
0.19755,0.16432,0.68467,0.68206,0
0.19713,0.16401,0.68471,0.68221,0
0.19674,0.16369,0.68476,0.68235,0
0.19663,0.16362,0.68479,0.68237,0
0.19685,0.16389,0.68475,0.68228,0
0.19726,0.1644,0.68464,0.68215,0
0.19761,0.1649,0.68453,0.68204,0
0.19772,0.16518,0.68448,0.68199,0
0.19761,0.16519,0.68443,0.68207,0
0.19736,0.16505,0.68441,0.6822,0
0.19708,0.16492,0.68439,0.68233,0
0.19698,0.165,0.68433,0.68239,0
0.1971,0.16532,0.68423,0.68239,0
0.19731,0.1658,0.68412,0.68232,0
0.19754,0.16634,0.684,0.68223,0
0.19768,0.16676,0.6839,0.6822,0
0.19763,0.16694,0.68379,0.68227,0
0.19739,0.16683,0.6837,0.68247,0
0.19703,0.16651,0.68367,0.68268,0
0.19676,0.16619,0.68367,0.68283,0
0.19674,0.16608,0.68365,0.68289,0
0.19692,0.16627,0.68358,0.68286,0
0.19714,0.16662,0.68352,0.68277,0
0.19727,0.16695,0.68346,0.68271,0
0.19729,0.16717,0.68341,0.6827,0
0.19724,0.16724,0.68336,0.68275,0
0.19715,0.16721,0.6833,0.68284,0
0.19712,0.16719,0.68323,0.68292,0
0.1972,0.16725,0.68317,0.68295,0
0.19733,0.16734,0.68318,0.68288,0
0.1974,0.16741,0.68323,0.68279,0
0.19745,0.16745,0.68329,0.68271,0
0.19749,0.16748,0.68335,0.68262,0
0.19755,0.16747,0.68343,0.68254,0
0.19763,0.16746,0.68347,0.68247,0
0.1977,0.16743,0.68348,0.68245,0
0.19769,0.16733,0.68344,0.68252,0
0.1976,0.16719,0.68341,0.68261,0
0.19749,0.16698,0.68341,0.68269,0
0.19742,0.16678,0.68345,0.68272,0
0.19752,0.1668,0.68347,0.68266,0
0.19782,0.16709,0.68347,0.68251,0
0.19813,0.16741,0.68348,0.68233,0
0.19834,0.16756,0.68351,0.6822,0
0.19833,0.16747,0.68353,0.6822,0
0.19808,0.16714,0.68358,0.68231,0
0.19771,0.16666,0.68365,0.68247,0
0.19739,0.1662,0.68372,0.6826,0
0.19728,0.16597,0.68376,0.68265,0
0.19744,0.16607,0.68375,0.68258,0
0.19785,0.16647,0.68371,0.68241,0
0.19837,0.16698,0.68365,0.68219,0
0.19875,0.16734,0.68364,0.68201,0
0.19873,0.16732,0.6837,0.68195,0
0.19835,0.16685,0.68383,0.68205,0
0.19781,0.16614,0.68399,0.68222,0
0.19737,0.16547,0.68414,0.68236,0
0.19724,0.16516,0.68423,0.68239,0
0.19747,0.16532,0.68423,0.68228,0
0.19784,0.16576,0.68419,0.6821,0
0.1981,0.1662,0.68416,0.68195,0
0.1981,0.16638,0.68419,0.68188,0
0.19786,0.16621,0.68429,0.68189,0
0.19756,0.16582,0.68442,0.68194,0
0.1973,0.16538,0.68455,0.68199,0
0.19715,0.16509,0.68461,0.68204,0
0.19722,0.16508,0.68464,0.682,0
0.19744,0.16524,0.68464,0.68189,0
0.19757,0.16542,0.68464,0.68181,0
0.19748,0.16544,0.68465,0.68183,0
0.19721,0.16522,0.68467,0.68194,0
0.19688,0.16479,0.68471,0.68209,0
0.1966,0.16434,0.68477,0.68222,0
0.19649,0.16417,0.68481,0.68226,0
0.19661,0.16435,0.6848,0.68219,0
0.19683,0.16475,0.68478,0.68205,0
0.19699,0.16516,0.68475,0.68193,0
0.19708,0.16547,0.68472,0.68186,0
0.19708,0.16561,0.68468,0.68187,0
0.19702,0.16561,0.68466,0.68191,0
0.197,0.16561,0.68464,0.68194,0
0.19715,0.16577,0.68462,0.68187,0
0.19735,0.16595,0.6846,0.68179,0
0.19746,0.16605,0.68458,0.68175,0
0.1974,0.166,0.68458,0.68178,0
0.19715,0.16579,0.68461,0.68188,0
0.19681,0.16546,0.68467,0.682,0
0.1966,0.1652,0.68468,0.68211,0
0.19661,0.16517,0.68465,0.68214,0
0.19685,0.16538,0.6846,0.68207,0
0.19724,0.16578,0.68454,0.68193,0
0.19763,0.16622,0.68445,0.68179,0
0.19779,0.16648,0.68438,0.68175,0
0.19759,0.16636,0.68437,0.68185,0
0.19719,0.16593,0.68442,0.68203,0
0.19672,0.16534,0.68449,0.68224,0
0.19629,0.16481,0.68458,0.68239,0
0.19607,0.16452,0.68466,0.68245,0
0.19613,0.16455,0.68466,0.68241,0
0.19642,0.1649,0.68461,0.6823,0
0.19675,0.16546,0.68453,0.68215,0
0.19706,0.16602,0.68445,0.682,0
0.19724,0.16633,0.68442,0.68191,0
0.19715,0.16622,0.68441,0.68197,0
0.19682,0.16578,0.68445,0.68213,0
0.19641,0.16516,0.68453,0.68233,0
0.1961,0.1646,0.68461,0.68247,0
0.19599,0.16433,0.68467,0.6825,0
0.19612,0.16446,0.68467,0.68244,0
0.19636,0.16489,0.68465,0.68229,0
0.19659,0.16538,0.68463,0.68212,0
0.19667,0.16572,0.68465,0.68199,0
0.19662,0.16587,0.6847,0.68192,0
0.19655,0.1658,0.68471,0.68194,0
0.19649,0.1656,0.68471,0.68202,0
0.19648,0.16542,0.68473,0.68204,0
0.19649,0.1653,0.68477,0.68202,0
0.19638,0.16517,0.68486,0.68199,0
0.19617,0.165,0.68496,0.682,0
0.19594,0.16482,0.68504,0.68203,0
0.19573,0.16466,0.68511,0.68206,0
0.19564,0.16451,0.68514,0.68209,0
0.19571,0.16448,0.68514,0.68207,0
0.19597,0.16464,0.6851,0.682,0
0.19629,0.16491,0.68504,0.6819,0
0.19661,0.16524,0.68498,0.68179,0
0.19684,0.16551,0.68493,0.68171,0
0.19683,0.16556,0.68491,0.68172,0
0.1966,0.16536,0.68494,0.68181,0
0.19633,0.16506,0.68497,0.68192,0
0.1962,0.16485,0.68502,0.68197,0
0.19627,0.16484,0.68505,0.68192,0
0.19656,0.16513,0.68502,0.68179,0
0.19701,0.16571,0.68494,0.68161,0
0.19739,0.16626,0.68484,0.68146,0
0.19755,0.16659,0.68477,0.6814,0
0.19749,0.16668,0.68475,0.68142,0
0.19737,0.16665,0.68473,0.68148,0
0.19734,0.16665,0.68469,0.68153,0
0.19744,0.16674,0.68464,0.68153,0
0.1976,0.16692,0.68462,0.68146,0
0.19772,0.16707,0.68462,0.68138,0
0.19776,0.16715,0.68466,0.68132,0
0.19766,0.16706,0.68474,0.68128,0
0.19746,0.16689,0.68486,0.68127,0
0.19724,0.16674,0.68495,0.68127,0
0.19706,0.1666,0.68502,0.68129,0
0.19696,0.16655,0.68504,0.68132,0
0.19695,0.16658,0.685,0.68135,0
0.19695,0.16663,0.68496,0.68138,0
0.19679,0.16656,0.68497,0.68144,0
0.19646,0.16637,0.68503,0.68151,0
0.19616,0.16618,0.68513,0.68154,0
0.19597,0.16604,0.68525,0.68151,0
0.1959,0.16596,0.68535,0.68145,0
0.19591,0.16597,0.68544,0.68136,0
0.19601,0.16607,0.68553,0.68121,0
0.19614,0.16616,0.68563,0.68105,0
0.19626,0.16622,0.68575,0.68088,0
0.1963,0.16622,0.6859,0.68072,0
0.19612,0.16601,0.68613,0.68059,0
0.19585,0.16569,0.68639,0.68049,0
0.19567,0.1654,0.68667,0.68032,0
0.1956,0.16514,0.68694,0.68013,0
0.19557,0.16486,0.68722,0.67993,0
0.19558,0.16466,0.68751,0.67968,0
0.19559,0.16458,0.68781,0.67939,0
0.1956,0.16455,0.68807,0.67913,0
0.19558,0.16458,0.68827,0.67893,0
0.19553,0.16459,0.68845,0.67876,0
0.19539,0.16454,0.68863,0.67863,0
0.19517,0.16444,0.6888,0.67854,0
0.19488,0.16434,0.68901,0.67844,0
0.19456,0.16425,0.68918,0.67839,0
0.19441,0.16432,0.68924,0.67835,0
0.19438,0.16451,0.68925,0.6783,0
0.19419,0.16454,0.68927,0.67833,0
0.19357,0.16412,0.68938,0.67849,0
0.19278,0.16352,0.68951,0.67873,0
0.19217,0.16315,0.68958,0.67892,0
0.19163,0.16293,0.68958,0.67913,0
0.19107,0.16274,0.68952,0.67939,0
0.19047,0.16255,0.68945,0.67968,0
0.18987,0.16235,0.68942,0.67992,0
0.18916,0.16205,0.68948,0.68013,0
0.18832,0.16167,0.68955,0.68038,0
0.18745,0.16131,0.68957,0.68069,0
0.18651,0.16088,0.68959,0.68103,0
0.18554,0.1604,0.68962,0.68137,0
0.1847,0.16001,0.6896,0.68172,0
0.18382,0.15964,0.68956,0.68208,0
0.18329,0.15967,0.68947,0.68231,0
0.18345,0.16041,0.68922,0.68234,0
0.18408,0.16166,0.68881,0.68229,0
0.18493,0.16321,0.68824,0.68227,0
0.18594,0.16494,0.68752,0.6823,0
0.18697,0.16666,0.68674,0.68239,0
0.18806,0.16837,0.68589,0.68252,0
0.18928,0.17015,0.68493,0.68271,0
0.19048,0.17199,0.68384,0.68301,0
0.19163,0.17388,0.68265,0.68339,0
0.19285,0.17583,0.68137,0.68383,0
0.1944,0.17795,0.67997,0.68424,0
0.19648,0.18034,0.67846,0.68451,0
0.19905,0.18307,0.67689,0.6846,0
0.20206,0.18612,0.67526,0.68451,0
0.20549,0.18937,0.67367,0.68416,0
0.2091,0.19253,0.6722,0.68364,0
0.21251,0.19523,0.67086,0.68313,0
0.21542,0.19715,0.66967,0.68283,0
0.2175,0.19798,0.66864,0.68294,0
0.21872,0.19767,0.66782,0.68345,0
0.21925,0.19645,0.66724,0.6842,0
0.21925,0.1946,0.66685,0.6851,0
0.21881,0.19239,0.66659,0.68612,0
0.21817,0.19014,0.66638,0.68715,0
0.21769,0.18832,0.66616,0.68803,0
0.21756,0.18701,0.66588,0.68869,0
0.21786,0.18624,0.66557,0.68911,0
0.21855,0.18598,0.66523,0.68928,0
0.21944,0.18609,0.66484,0.68935,0
0.2204,0.18638,0.66434,0.68944,0
0.22135,0.18677,0.66378,0.68958,0
0.22225,0.18718,0.66321,0.68972,0
0.22311,0.18739,0.66263,0.68995,0
0.22385,0.18721,0.66206,0.6903,0
0.22443,0.18669,0.66161,0.69069,0
0.2248,0.18593,0.66132,0.69105,0
0.22492,0.18496,0.6612,0.69139,0
0.22488,0.1839,0.66118,0.6917,0
0.22487,0.18294,0.66117,0.69197,0
0.22499,0.18211,0.66111,0.6922,0
0.22521,0.18133,0.66103,0.69242,0
0.22539,0.18045,0.66099,0.69263,0
0.22545,0.17933,0.66104,0.69285,0
0.22545,0.178,0.66115,0.69309,0
0.22542,0.17654,0.66126,0.69336,0
0.22523,0.17486,0.66145,0.69367,0
0.22484,0.17292,0.66166,0.69408,0
0.22429,0.17065,0.66182,0.69467,0
0.22359,0.16795,0.66192,0.69546,0
0.22271,0.16494,0.66206,0.69633,0
0.22179,0.16181,0.66223,0.69719,0
0.22084,0.15872,0.66245,0.69799,0
0.21994,0.15595,0.66265,0.69871,0
0.2192,0.15353,0.6627,0.69944,0
0.21849,0.15119,0.66263,0.70024,0
0.21806,0.14854,0.66255,0.70101,0
0.21823,0.14562,0.66256,0.70156,0
0.21846,0.14316,0.66257,0.70198,0
0.21841,0.14174,0.66241,0.70244,0
0.21813,0.14086,0.66211,0.70299,0
0.21754,0.1396,0.6618,0.70371,0
0.21716,0.13768,0.66151,0.70448,0
0.21743,0.13564,0.66117,0.70511,0
0.21803,0.13376,0.66079,0.70564,0
0.21864,0.13245,0.66034,0.70612,0
0.2192,0.13217,0.65968,0.70662,0
0.21973,0.13258,0.65883,0.70717,0
0.22033,0.13329,0.65792,0.7077,0
0.22085,0.13396,0.65709,0.70818,0
0.22107,0.13424,0.65633,0.70876,0
0.22114,0.13435,0.65556,0.70943,0
0.22143,0.1346,0.65471,0.71007,0
0.22208,0.13503,0.65378,0.71065,0
0.22304,0.13544,0.65282,0.71116,0
0.22402,0.1354,0.65191,0.71168,0
0.22457,0.13448,0.65123,0.71231,0
0.22453,0.13262,0.65085,0.71302,0
0.22396,0.12997,0.6507,0.71382,0
0.22313,0.12696,0.65073,0.71459,0
0.22212,0.12381,0.65093,0.71528,0
0.22091,0.12057,0.65117,0.71599,0
0.21938,0.11724,0.65133,0.71686,0
0.21755,0.11405,0.65156,0.71773,0
0.21545,0.11107,0.65186,0.71856,0
0.21327,0.10846,0.65221,0.71929,0
0.21131,0.10664,0.65255,0.71983,0
0.20976,0.10577,0.65274,0.72024,0
0.20863,0.10571,0.65279,0.72053,0
0.20766,0.10607,0.65275,0.72079,0
0.20672,0.10666,0.65264,0.72107,0
0.20579,0.10735,0.65253,0.72134,0
0.20499,0.10825,0.65242,0.72153,0
0.20437,0.10926,0.65229,0.72167,0
0.20379,0.11014,0.65221,0.72178,0
0.20328,0.11095,0.65222,0.72179,0
0.20288,0.11178,0.65236,0.72165,0
0.20241,0.11245,0.65261,0.72145,0
0.20177,0.11284,0.65299,0.72122,0
0.20088,0.11284,0.65354,0.72098,0
0.19974,0.11244,0.65427,0.72069,0
0.19848,0.11193,0.65516,0.7203,0
0.19733,0.11164,0.65615,0.71976,0
0.19655,0.11178,0.65719,0.71901,0
0.19627,0.11241,0.65824,0.71803,0
0.19623,0.11326,0.65932,0.71692,0
0.19616,0.11398,0.66041,0.71581,0
0.19596,0.11449,0.66162,0.71467,0
0.19591,0.115,0.66294,0.71338,0
0.19643,0.11585,0.66427,0.71185,0
0.1977,0.11724,0.66555,0.71008,0
0.19945,0.11891,0.66667,0.70825,0
0.20127,0.12042,0.66769,0.70652,0
0.20313,0.12174,0.66873,0.70478,0
0.20524,0.12305,0.66988,0.70285,0
0.20774,0.12426,0.67115,0.70069,0
0.21059,0.12536,0.67247,0.69837,0
0.21365,0.12638,0.67376,0.696,0
0.21655,0.12724,0.67492,0.69383,0
0.21905,0.12787,0.67596,0.69191,0
0.22121,0.1282,0.67697,0.69017,0
0.22336,0.12831,0.67796,0.68849,0
0.22576,0.12834,0.67884,0.68683,0
0.22844,0.12831,0.67962,0.68518,0
0.23145,0.12838,0.68031,0.68347,0
0.23481,0.12864,0.68088,0.6817,0
0.23834,0.12887,0.68134,0.67997,0
0.24169,0.12872,0.68175,0.67841,0
0.24441,0.12785,0.68225,0.67709,0
0.2464,0.12617,0.68291,0.67602,0
0.24767,0.12371,0.68375,0.67516,0
0.24847,0.12077,0.6847,0.67444,0
0.24914,0.11775,0.68564,0.67376,0
0.25,0.11511,0.68651,0.67302,0
0.25146,0.11337,0.68711,0.67216,0
0.25363,0.11255,0.68735,0.67124,0
0.25625,0.11235,0.68731,0.67031,0
0.2588,0.11235,0.68714,0.6695,2
0.26083,0.11216,0.6869,0.669,0
0.26223,0.11161,0.68666,0.66879,0
0.26309,0.11084,0.68656,0.66868,0
0.26373,0.11012,0.68653,0.66858,0
0.26456,0.1098,0.68635,0.66849,0
0.26569,0.11011,0.68593,0.66842,0
0.26685,0.11097,0.68533,0.66843,0
0.26786,0.11219,0.68461,0.66855,0
0.26859,0.11352,0.68386,0.66882,0
0.26904,0.11489,0.68303,0.66924,0
0.26961,0.11667,0.68204,0.66972,0
0.27054,0.11912,0.68093,0.67004,0
0.27192,0.12228,0.67971,0.67015,0
0.2736,0.12593,0.6784,0.67012,0
0.27519,0.12972,0.67706,0.6701,0
0.27637,0.13344,0.6757,0.67026,0
0.27718,0.13706,0.67433,0.67057,0
0.27772,0.14051,0.67297,0.67099,0
0.27805,0.14368,0.67163,0.67154,0
0.27806,0.14636,0.67032,0.67226,0
0.2778,0.14872,0.66919,0.67297,0
0.27732,0.15085,0.66819,0.67369,0
0.27654,0.15274,0.66728,0.67449,0
0.2754,0.15433,0.66647,0.6754,0
0.2739,0.15559,0.66573,0.67644,0
0.27201,0.15648,0.6651,0.67761,0
0.26998,0.15715,0.66459,0.67877,0
0.2679,0.15791,0.66413,0.67987,0
0.26598,0.15898,0.66364,0.68085,0
0.26416,0.16029,0.66314,0.68174,0
0.26216,0.16158,0.66266,0.68267,0
0.25959,0.16252,0.66226,0.68382,0
0.25641,0.16288,0.66192,0.68526,0
0.25274,0.16264,0.66165,0.68694,0
0.24881,0.16209,0.66142,0.68873,0
0.24502,0.16162,0.66117,0.69043,0
0.24161,0.16155,0.66075,0.69205,0
0.23837,0.16173,0.66018,0.69367,0
0.23498,0.16193,0.65957,0.69537,0
0.23133,0.16191,0.65897,0.69716,0
0.22744,0.16154,0.65834,0.69911,0
0.22323,0.16078,0.65775,0.7012,0
0.219,0.16,0.65718,0.70324,0
0.21509,0.1596,0.65659,0.7051,0
0.21139,0.15961,0.65597,0.70678,0
0.20768,0.15985,0.65538,0.70838,0
0.20374,0.16006,0.65486,0.70995,0
0.19947,0.16004,0.6544,0.71159,0
0.195,0.15976,0.65385,0.7134,0
0.19041,0.1593,0.65339,0.71516,0
0.18572,0.15861,0.65313,0.71677,0
0.18112,0.15789,0.65295,0.71827,0
0.17671,0.15731,0.65274,0.71969,0
0.17251,0.15684,0.65252,0.72101,0
0.16854,0.15652,0.65229,0.72223,0
0.1647,0.15623,0.65207,0.72337,0
0.16082,0.15572,0.65187,0.72454,0
0.15674,0.15474,0.65162,0.72587,0
0.15231,0.15322,0.65136,0.72736,0
0.14752,0.15129,0.65109,0.72899,0
0.14272,0.14928,0.65076,0.73065,0
0.13829,0.14751,0.6503,0.73227,0
0.13421,0.14605,0.64982,0.73375,0
0.13055,0.14498,0.64935,0.73504,0
0.12737,0.14436,0.64887,0.73614,0
0.1247,0.1441,0.64838,0.73708,0
0.12249,0.14407,0.64789,0.73789,0
0.12061,0.1441,0.64746,0.73857,0
0.11897,0.14404,0.64712,0.73915,0
0.11751,0.14372,0.64686,0.73966,0
0.11632,0.1431,0.6466,0.7402,0
0.11536,0.14208,0.64633,0.74078,0
0.1145,0.14065,0.64614,0.74136,0
0.11376,0.13886,0.64599,0.74193,0
0.11323,0.1368,0.64592,0.74247,0
0.1128,0.1344,0.64592,0.74296,0
0.11235,0.1315,0.64599,0.74349,0
0.11185,0.12812,0.64622,0.74396,0
0.11149,0.12455,0.64672,0.74418,0
0.11173,0.12121,0.64738,0.74413,0
0.11268,0.11824,0.64807,0.74386,0
0.11397,0.11523,0.64876,0.74354,0
0.11496,0.11157,0.64943,0.74335,0
0.11542,0.107,0.65017,0.74331,0
0.11548,0.10168,0.65102,0.7433,0
0.11566,0.096175,0.65198,0.74316,0
0.11634,0.090903,0.65293,0.74289,0
0.11754,0.086024,0.65383,0.74249,0
0.11906,0.08145,0.65472,0.74198,0
0.12052,0.076868,0.65563,0.74143,0
0.12174,0.072086,0.65657,0.74087,0
0.12278,0.067164,0.65757,0.74028,0
0.12384,0.062302,0.65859,0.73962,0
0.12504,0.057676,0.65956,0.73893,0
0.12633,0.053297,0.66038,0.73831,0
0.12751,0.049024,0.66096,0.73788,0
0.12849,0.044791,0.66131,0.73767,0
0.1292,0.040546,0.66144,0.73767,0
0.12943,0.036099,0.66135,0.73794,0
0.12899,0.031297,0.66103,0.73853,0
0.12781,0.026012,0.6604,0.7395,0
0.1257,0.019981,0.65945,0.74089,0
0.12215,0.012703,0.65837,0.74261,0
0.11673,0.0039157,0.65724,0.74458,0
0.10936,-0.006425,0.65593,0.74683,0
0.10064,-0.017903,0.65424,0.74935,0
0.091418,-0.029854,0.65212,0.75199,0
0.082321,-0.041688,0.64971,0.75456,0
0.073852,-0.052906,0.64722,0.75687,0
0.066621,-0.06297,0.64466,0.75895,0
0.060915,-0.071776,0.64189,0.761,0
0.056721,-0.079674,0.63888,0.76306,0
0.053657,-0.086995,0.63569,0.76514,0
0.051312,-0.093656,0.63231,0.76732,0
0.049351,-0.0998,0.62876,0.76959,0
0.047803,-0.10563,0.62508,0.7719,0
0.046794,-0.11128,0.62128,0.77423,0
0.046371,-0.11679,0.61732,0.77661,0
0.046305,-0.12221,0.61305,0.77916,0
0.046404,-0.12768,0.60831,0.78199,0
0.046876,-0.13344,0.60307,0.78505,0
0.048634,-0.13982,0.59753,0.78806,0
0.052547,-0.14691,0.592,0.79069,0
0.058457,-0.15444,0.58617,0.79318,0
0.064585,-0.16203,0.57999,0.79573,0
0.069641,-0.16952,0.57359,0.79838,0
0.073308,-0.17718,0.56676,0.80126,0
0.075157,-0.18604,0.55921,0.80438,0
0.074967,-0.19687,0.55102,0.80746,0
0.072987,-0.20956,0.54264,0.81012,0
0.070313,-0.22314,0.5344,0.81221,0
0.067555,-0.23687,0.52666,0.81361,0
0.064862,-0.24995,0.51997,0.81422,0
0.062597,-0.26134,0.5148,0.81411,0
0.061365,-0.27009,0.51119,0.81361,0
0.061496,-0.27583,0.50922,0.81291,0
0.063008,-0.27839,0.50925,0.81191,0
0.064934,-0.27869,0.51083,0.81066,0
0.066229,-0.27777,0.51305,0.80947,0
0.065827,-0.2778,0.51518,0.80814,0
0.06332,-0.28006,0.51701,0.80639,0
0.059373,-0.28445,0.51868,0.80407,0
0.054105,-0.29066,0.52032,0.80116,0
0.046832,-0.29839,0.52182,0.79779,0
0.039027,-0.30749,0.52283,0.79409,0
0.031387,-0.31729,0.52402,0.78978,0
0.022168,-0.32604,0.52664,0.78476,0
0.013045,-0.33374,0.53016,0.77934,0
0.0047434,-0.33964,0.5342,0.77411,0
0.0030952,0.34372,-0.53853,-0.76931,0
0.011178,0.3467,-0.54296,-0.76477,0
0.01935,0.34959,-0.54717,-0.76028,0
0.027936,0.35321,-0.55092,-0.75561,0
0.037579,0.35838,-0.55417,-0.75036,0
0.046961,0.36476,-0.55681,-0.74479,0
0.053749,0.37208,-0.5586,-0.73935,0
0.056793,0.37855,-0.56064,-0.73428,0
0.053284,0.38182,-0.56292,-0.7311,0
0.043179,0.38179,-0.56525,-0.72998,0
0.030911,0.38184,-0.56732,-0.72896,0
0.019421,0.38409,-0.56806,-0.7276,0
0.0088819,0.38885,-0.56697,-0.72612,0
0.0013194,-0.39509,0.56456,0.72469,0
0.010228,-0.40204,0.56082,0.7237,0
0.016557,-0.40977,0.55602,0.72295,0
0.019936,-0.41758,0.55108,0.72218,0
0.021073,-0.42374,0.54708,0.7216,0
0.020942,-0.42723,0.54424,0.72169,0
0.020131,-0.42845,0.54213,0.72258,0
0.019144,-0.42776,0.54057,0.72418,0
0.018399,-0.42535,0.53974,0.72624,0
0.018292,-0.42141,0.53984,0.72846,0
0.019883,-0.41649,0.54056,0.73071,0
0.024767,-0.41074,0.54105,0.73345,0
0.030843,-0.40286,0.54197,0.7369,0
0.036537,-0.39377,0.54334,0.74054,0
0.042331,-0.38585,0.54395,0.74394,0
0.047563,-0.3802,0.54371,0.7467,0
0.051763,-0.37666,0.54307,0.74867,0
0.055095,-0.37447,0.54246,0.74998,0
0.057811,-0.3729,0.54219,0.75075,0
0.059876,-0.37174,0.54242,0.751,0
0.061194,-0.37088,0.54323,0.75074,0
0.061833,-0.37003,0.54462,0.75009,0
0.061953,-0.36891,0.54647,0.7493,0
0.061691,-0.36764,0.54857,0.7484,0
0.061047,-0.36659,0.55084,0.7473,0
0.060217,-0.36576,0.55324,0.74601,0
0.059403,-0.36487,0.55573,0.74465,0
0.058725,-0.36352,0.55831,0.74343,0
0.058305,-0.36153,0.56092,0.74247,0
0.058154,-0.35928,0.56355,0.74159,0
0.057661,-0.3565,0.5665,0.74071,0
0.056599,-0.35341,0.5698,0.73975,0
0.057843,-0.35346,0.57124,0.73851,0
0.060635,-0.35616,0.57083,0.73731,0
0.064837,-0.36018,0.56928,0.7362,0
0.07044,-0.36505,0.56665,0.73531,0
0.075757,-0.37001,0.56387,0.73444,0
0.079857,-0.37436,0.56187,0.73333,0
0.083421,-0.37826,0.56048,0.73199,0
0.087471,-0.38202,0.55931,0.73047,0
0.092092,-0.38554,0.55823,0.72888,0
0.096329,-0.38806,0.55759,0.72748,0
0.099038,-0.38891,0.55795,0.72639,0
0.099553,-0.38818,0.55956,0.72546,0
0.098365,-0.38682,0.56186,0.72458,0
0.096302,-0.38521,0.56432,0.7238,0
0.094069,-0.38321,0.56684,0.72319,0
0.092242,-0.38062,0.56939,0.72279,0
0.091412,-0.37749,0.57179,0.72264,0
0.091878,-0.37406,0.57368,0.72286,0
0.093261,-0.3707,0.57482,0.72351,0
0.096323,-0.36781,0.57505,0.7244,0
0.10147,-0.36591,0.57436,0.7252,0
0.10538,-0.36266,0.57451,0.72616,0
0.10912,-0.35977,0.57464,0.72695,0
0.11244,-0.35823,0.57449,0.72732,0
0.11477,-0.35808,0.57411,0.72733,0
0.11576,-0.35911,0.57351,0.72714,0
0.11554,-0.36064,0.57285,0.72693,0
0.11419,-0.36257,0.57228,0.72664,0
0.11173,-0.36511,0.57186,0.72608,0
0.10801,-0.36836,0.57163,0.72518,0
0.10326,-0.37205,0.57164,0.72398,0
0.097892,-0.37576,0.57196,0.72255,0
0.092487,-0.37895,0.57259,0.7211,0
0.087352,-0.38143,0.57359,0.71964,0
0.0825,-0.38309,0.57499,0.71821,0
0.078262,-0.38413,0.57647,0.71694,0
0.075088,-0.38485,0.57763,0.71596,0
0.072584,-0.385,0.57884,0.71516,0
0.072114,-0.38648,0.57876,0.71447,0
0.073133,-0.38928,0.57737,0.71397,0
0.075723,-0.39378,0.57454,0.71352,0
0.080026,-0.40038,0.57001,0.71301,0
0.08426,-0.40705,0.56527,0.71251,0
0.087937,-0.41239,0.56148,0.712,0
0.091494,-0.41516,0.55894,0.71194,0
0.095352,-0.41557,0.55737,0.71242,0
0.099758,-0.4149,0.55627,0.71307,0
0.10431,-0.41358,0.55534,0.71391,0
0.10859,-0.41107,0.55503,0.71496,0
0.11214,-0.40723,0.55584,0.71598,0
0.11354,-0.40322,0.55739,0.71683,0
0.11139,-0.4003,0.55884,0.71767,0
0.10698,-0.39837,0.55991,0.71858,0
0.10228,-0.39688,0.56084,0.71937,0
0.098502,-0.39546,0.56195,0.71981,0
0.096302,-0.39372,0.56342,0.71991,0
0.096155,-0.39198,0.56458,0.71996,0
0.098604,-0.39091,0.56467,0.72015,0
0.10106,-0.38845,0.56502,0.72086,0
0.10329,-0.38425,0.56593,0.72209,0
0.10649,-0.37964,0.56678,0.72339,0
0.11002,-0.37511,0.56768,0.72452,0
0.11246,-0.37105,0.56882,0.72535,0
0.11291,-0.3677,0.57009,0.72598,0
0.11189,-0.36605,0.57088,0.72635,0
0.1096,-0.36605,0.57125,0.72641,0
0.10584,-0.36667,0.5719,0.72615,0
0.10093,-0.36743,0.57301,0.72558,0
0.095291,-0.36818,0.57447,0.7248,0
0.089397,-0.36879,0.57621,0.72387,0
0.083844,-0.36916,0.57823,0.72273,0
0.07924,-0.36912,0.58054,0.72142,0
0.07577,-0.36856,0.58299,0.7201,0
0.073513,-0.36754,0.58527,0.719,0
0.071881,-0.36577,0.5876,0.71817,0
0.071639,-0.36487,0.58893,0.71756,0
0.074157,-0.36696,0.58783,0.71715,0
0.078927,-0.3719,0.58451,0.7168,0
0.08472,-0.37869,0.57996,0.71629,0
0.090018,-0.38572,0.57553,0.71546,0
0.093843,-0.39194,0.57187,0.71452,0
0.095974,-0.3969,0.56883,0.71393,0
0.096692,-0.40019,0.56621,0.71408,0
0.097111,-0.40154,0.56442,0.71468,0
0.099237,-0.39982,0.56403,0.71566,0
0.10412,-0.39417,0.56507,0.71728,0
0.11041,-0.38596,0.56707,0.71921,0
0.11581,-0.37729,0.56944,0.7211,0
0.11867,-0.36967,0.57158,0.72289,0
0.11926,-0.36372,0.57316,0.72455,0
0.11849,-0.35947,0.57423,0.72595,0
0.11667,-0.35681,0.5748,0.7271,0
0.11377,-0.35569,0.57492,0.72801,0
0.11017,-0.35594,0.57447,0.7288,0
0.10766,-0.35746,0.57304,0.72956,0
0.10707,-0.35976,0.57128,0.72989,0
0.10638,-0.36092,0.57078,0.72982,0
0.1064,-0.36133,0.57091,0.72951,0
0.10723,-0.36101,0.57153,0.72906,0
0.10848,-0.35957,0.57257,0.72877,0
0.10983,-0.3572,0.57372,0.72883,0
0.11084,-0.35458,0.57478,0.72912,0
0.11089,-0.35244,0.57572,0.72941,0
0.10956,-0.35111,0.57667,0.7295,0
0.10686,-0.3506,0.5777,0.72934,0
0.10308,-0.35082,0.5789,0.72882,0
0.09889,-0.35143,0.58032,0.72797,0
0.094832,-0.3522,0.58185,0.72692,0
0.091423,-0.35285,0.58362,0.72562,0
0.088904,-0.35264,0.58583,0.72426,0
0.087992,-0.35194,0.58774,0.72316,0
0.087722,-0.35021,0.58939,0.72269,0
0.090611,-0.35074,0.58779,0.72338,0
0.096455,-0.35609,0.58237,0.72439,0
0.1012,-0.36585,0.57578,0.72415,0
0.10274,-0.37652,0.56986,0.72314,0
0.10287,-0.38537,0.56509,0.72221,0
0.10283,-0.39266,0.56083,0.7216,0
0.1011,-0.39911,0.55676,0.72146,0
0.098745,-0.40254,0.55441,0.7217,0
0.099391,-0.40105,0.55417,0.72262,0
0.10489,-0.3941,0.55552,0.72463,0
0.11302,-0.38409,0.55684,0.72776,0
0.11896,-0.37605,0.55735,0.73061,0
0.12001,-0.37209,0.55633,0.73324,0
0.11719,-0.37159,0.55378,0.73588,0
0.11217,-0.37334,0.5506,0.73816,0
0.10606,-0.37633,0.54795,0.73951,0
0.099001,-0.38032,0.54627,0.73969,0
0.09141,-0.38474,0.5446,0.73961,0
0.085707,-0.38938,0.54199,0.73978,0
0.081018,-0.39286,0.53999,0.73994,0
0.076385,-0.39461,0.53947,0.73987,0
0.072439,-0.39508,0.5399,0.73971,0
0.068554,-0.39424,0.54108,0.73967,0
0.064448,-0.39196,0.54295,0.73988,0
0.060182,-0.38892,0.54525,0.74014,0
0.055534,-0.38609,0.54771,0.74018,0
0.050292,-0.38448,0.54995,0.73973,0
0.044705,-0.38438,0.55176,0.73879,0
0.038774,-0.38501,0.55339,0.73758,0
0.033233,-0.3865,0.55469,0.73609,0
0.028135,-0.38838,0.55593,0.73438,0
0.02399,-0.39062,0.5566,0.73283,0
0.022414,-0.39448,0.55572,0.73148,0
0.022429,-0.39919,0.55405,0.73019,0
0.023332,-0.40441,0.55217,0.72871,0
0.024853,-0.40993,0.5501,0.72714,0
0.026454,-0.41501,0.54819,0.72564,0
0.027672,-0.41932,0.54673,0.72422,0
0.02912,-0.42253,0.54538,0.72331,0
0.032259,-0.42446,0.54384,0.72321,0
0.037516,-0.42522,0.54216,0.72377,0
0.043567,-0.42482,0.5407,0.72475,0
0.048542,-0.42362,0.53997,0.72569,0
0.051894,-0.42222,0.53985,0.72637,0
0.053676,-0.42107,0.53992,0.72684,0
0.054341,-0.42026,0.53999,0.72722,0
0.054835,-0.41911,0.54032,0.72759,0
0.056157,-0.41681,0.54121,0.72815,0
0.059025,-0.41281,0.54266,0.72913,0
0.06373,-0.40697,0.54436,0.73074,0
0.069719,-0.39983,0.5458,0.73306,0
0.075884,-0.39217,0.54667,0.73593,0
0.081435,-0.38502,0.54678,0.73903,0
0.085946,-0.37931,0.54619,0.7419,0
0.089582,-0.37512,0.5451,0.74439,0
0.092955,-0.37193,0.54389,0.74646,0
0.096381,-0.36869,0.54304,0.74825,0
0.099686,-0.3651,0.54261,0.7499,0
0.10259,-0.36153,0.54232,0.75144,0
0.10474,-0.35823,0.54206,0.75291,0
0.10574,-0.35534,0.54185,0.75429,0
0.10527,-0.35314,0.54173,0.75547,0
0.10322,-0.35184,0.54182,0.7563,0
0.099998,-0.35133,0.54221,0.75669,0
0.096338,-0.35124,0.54284,0.75676,0
0.092604,-0.35142,0.54351,0.75666,0
0.088864,-0.35198,0.54389,0.75657,0
0.085151,-0.35316,0.54373,0.75656,0
0.082043,-0.35493,0.5428,0.75675,0
0.080369,-0.35727,0.54113,0.75702,0
0.080573,-0.36062,0.53883,0.75705,0
0.082477,-0.36551,0.53597,0.75653,0
0.084953,-0.37172,0.53292,0.75538,0
0.086543,-0.37771,0.53033,0.75405,0
0.086995,-0.38237,0.52858,0.75288,0
0.086899,-0.38499,0.52804,0.75193,0
0.087282,-0.38601,0.52819,0.75126,0
0.088487,-0.38559,0.52858,0.75106,0
0.090112,-0.3835,0.52911,0.75157,0
0.091296,-0.3798,0.53018,0.75255,0
0.091459,-0.37507,0.53204,0.75358,0
0.090477,-0.37013,0.53432,0.75453,0
0.088545,-0.36555,0.53655,0.75541,0
0.086564,-0.36096,0.53883,0.75623,0
0.085373,-0.3558,0.54149,0.75691,0
0.085175,-0.34996,0.54459,0.75742,0
0.085341,-0.34377,0.5478,0.75793,0
0.084906,-0.33788,0.55049,0.75868,0
0.084593,-0.33354,0.5518,0.75968,0
0.084131,-0.33099,0.55188,0.76078,0
0.082046,-0.32862,0.5521,0.76188,0
0.080581,-0.32751,0.55198,0.7626,0
0.079812,-0.3275,0.55181,0.76281,0
0.079123,-0.32806,0.55188,0.76259,0
0.07798,-0.32909,0.55202,0.76216,0
0.076177,-0.3305,0.55217,0.76163,0
0.073745,-0.33226,0.55235,0.76097,0
0.070814,-0.33445,0.55257,0.76013,0
0.067415,-0.33711,0.55296,0.75898,0
0.063906,-0.33985,0.55362,0.75757,0
0.060631,-0.34207,0.55454,0.75617,0
0.057447,-0.34387,0.55578,0.75469,0
0.054239,-0.34524,0.55748,0.75305,0
0.051397,-0.34587,0.55941,0.75153,0
0.049444,-0.34577,0.56126,0.75033,0
0.04946,-0.34645,0.56223,0.74928,0
0.051728,-0.34839,0.56229,0.74818,0
0.055691,-0.35091,0.56191,0.74701,0
0.061331,-0.35404,0.56068,0.74601,0
0.067767,-0.3583,0.5586,0.74498,0
0.073372,-0.36347,0.55628,0.74368,0
0.076918,-0.36846,0.55439,0.74228,0
0.078429,-0.37236,0.55344,0.74087,0
0.079333,-0.37501,0.55345,0.73943,0
0.080856,-0.37655,0.55379,0.73823,0
0.082719,-0.37653,0.55443,0.73755,0
0.084171,-0.37459,0.55589,0.73728,0
0.084604,-0.37063,0.5585,0.73726,0
0.083682,-0.3657,0.56194,0.73722,0
0.081435,-0.36125,0.56516,0.7372,0
0.078589,-0.35772,0.56769,0.73728,0
0.075893,-0.35481,0.56989,0.73728,0
0.073881,-0.35204,0.57225,0.73698,0
0.072539,-0.34914,0.57469,0.7366,0
0.071194,-0.34615,0.57669,0.73657,0
0.070044,-0.34376,0.57751,0.73716,0
0.069729,-0.34236,0.57699,0.73825,0
0.068523,-0.34031,0.57647,0.73971,0
0.067443,-0.33809,0.57607,0.74114,0
0.067345,-0.33616,0.57586,0.74219,0
0.067726,-0.33422,0.57603,0.7429,0
0.067977,-0.33208,0.57643,0.74353,0
0.067441,-0.33003,0.57665,0.74432,0
0.065517,-0.3287,0.57646,0.74523,0
0.062102,-0.32853,0.57603,0.74592,0
0.057381,-0.32943,0.57558,0.74625,0
0.051469,-0.33123,0.57521,0.74617,0
0.044719,-0.33357,0.57501,0.74571,0
0.037612,-0.33605,0.57507,0.74495,0
0.030327,-0.3387,0.57518,0.744,0
0.02241,-0.34193,0.575,0.74294,0
0.013503,-0.34647,0.57398,0.74184,0
0.003897,-0.35267,0.57189,0.74064,0
0.0058848,0.35979,-0.56955,-0.739,0
0.014083,0.36719,-0.56719,-0.73707,0
0.019014,0.37596,-0.56364,-0.73526,0
0.021192,0.38718,-0.55864,-0.73318,0
0.019992,0.40096,-0.55298,-0.7301,0
0.013652,0.41555,-0.54845,-0.72549,0
0.0014548,0.42766,-0.5478,-0.71904,0
0.016705,-0.43443,0.55358,0.71031,0
0.04201,-0.4355,0.56588,0.69882,0
0.075366,-0.43538,0.57999,0.68438,0
0.11587,-0.439,0.59107,0.6667,0
0.16096,-0.44813,0.59788,0.64483,0
0.20529,-0.4627,0.60192,0.61762,0
0.24772,-0.47746,0.60516,0.5869,0
0.29553,-0.4807,0.60861,0.55783,0
0.35311,-0.46642,0.61015,0.5343,0
0.41029,-0.44725,0.60775,0.51212,0
0.45859,-0.43537,0.60285,0.48655,0
0.50088,-0.42869,0.59584,0.45861,0
0.54269,-0.42095,0.58589,0.43014,0
0.58485,-0.41129,0.57378,0.39946,0
0.62622,-0.39906,0.56081,0.36619,0
0.6652,-0.38238,0.54916,0.33122,0
0.70298,-0.36068,0.53705,0.29549,0
0.74305,-0.33333,0.51714,0.26331,0
0.78769,-0.30198,0.47909,0.24253,0
0.83065,-0.27415,0.42652,0.23009,0
0.85822,-0.26057,0.39577,0.19729,0
0.86934,-0.24686,0.39851,0.15653,0
0.84741,-0.25086,0.44028,0.15848,0
0.8011,-0.26768,0.50665,0.1729,0
0.73712,-0.30286,0.57623,0.18135,0
0.68056,-0.34337,0.61688,0.19597,0
0.66245,-0.3604,0.61825,0.22144,0
0.67491,-0.3342,0.60777,0.25184,0
0.6989,-0.28662,0.59022,0.28466,0
0.72559,-0.23604,0.56216,0.31902,0
0.73983,-0.17946,0.53585,0.3651,0
0.72702,-0.12675,0.52812,0.42007,0
0.69723,-0.089998,0.52293,0.48199,0
0.66318,-0.071504,0.52237,0.53124,0
0.60855,-0.081692,0.55355,0.56265,0
0.52488,-0.11932,0.60377,0.58799,0
0.43456,-0.16428,0.64094,0.61104,0
0.3579,-0.2039,0.65831,0.63005,0
0.2992,-0.24215,0.66493,0.64008,0
0.25592,-0.28711,0.66407,0.64115,0
0.2191,-0.33729,0.65474,0.63996,0
0.18917,-0.36632,0.64303,0.6454,0
0.17105,-0.36367,0.63707,0.65775,0
0.15578,-0.34797,0.63724,0.66975,0
0.14166,-0.33329,0.63892,0.6787,0
0.132,-0.32751,0.63797,0.68433,0
0.12607,-0.33032,0.63512,0.68675,0
0.12216,-0.33888,0.63191,0.68624,0
0.11949,-0.34874,0.62929,0.68418,0
0.11651,-0.35843,0.62635,0.68238,0
0.1119,-0.36865,0.62264,0.6811,0
0.10583,-0.37859,0.61949,0.67949,0
0.099058,-0.38822,0.61771,0.67668,0
0.092317,-0.39507,0.61786,0.67353,0
0.088783,-0.39531,0.62031,0.67161,0
0.09225,-0.38675,0.62393,0.67278,0
0.10248,-0.37311,0.62713,0.67602,0
0.11338,-0.36159,0.62912,0.67867,0
0.1174,-0.35556,0.62927,0.68103,0
0.10928,-0.35688,0.62814,0.68274,0
0.09064,-0.36388,0.62891,0.68106,0
0.069371,-0.37059,0.63253,0.67658,0
0.053926,-0.36888,0.6375,0.67425,0
0.050889,-0.35448,0.64168,0.67824,0
0.061904,-0.33134,0.64408,0.68669,0
0.08114,-0.30469,0.64698,0.69426,0
0.097712,-0.27825,0.65125,0.69922,0
0.10779,-0.26109,0.65286,0.70284,0
0.10964,-0.25584,0.6517,0.70556,0
0.10342,-0.26126,0.64893,0.70707,0
0.09314,-0.27278,0.64615,0.70669,0
0.0832,-0.28457,0.64476,0.70454,0
0.075382,-0.29254,0.64543,0.70154,0
0.070814,-0.29395,0.64804,0.69902,0
0.070737,-0.28773,0.65262,0.69734,0
0.075443,-0.27559,0.65887,0.69588,0
0.082963,-0.26155,0.66567,0.69397,0
0.091284,-0.24882,0.672,0.6915,0
0.099506,-0.23914,0.67721,0.68869,0
0.10715,-0.23331,0.68111,0.68569,0
0.11405,-0.2308,0.68403,0.68252,0
0.12042,-0.23006,0.68651,0.67917,0
0.12665,-0.22967,0.68887,0.67577,0
0.13273,-0.22904,0.69105,0.67259,0
0.13799,-0.22832,0.69282,0.66994,0
0.14177,-0.22793,0.69422,0.66784,0
0.1443,-0.2279,0.6954,0.66608,0
0.14645,-0.22797,0.69645,0.66448,0
0.14893,-0.22775,0.69739,0.66303,0
0.15214,-0.22684,0.69812,0.66184,0
0.15599,-0.22528,0.6986,0.66097,0
0.16009,-0.22349,0.69892,0.66025,0
0.16424,-0.22186,0.69916,0.65953,0
0.1684,-0.22062,0.6992,0.65885,0
0.17237,-0.21995,0.6989,0.65836,0
0.17573,-0.22016,0.69813,0.65823,0
0.17792,-0.22178,0.69685,0.65845,0
0.17846,-0.22531,0.69525,0.6588,0
0.17776,-0.23016,0.69342,0.65924,0
0.17669,-0.23535,0.69134,0.65988,0
0.17614,-0.2398,0.68933,0.66053,0
0.17658,-0.24305,0.68754,0.66108,0
0.17838,-0.24488,0.68597,0.66156,0
0.18187,-0.24497,0.68442,0.66217,0
0.18665,-0.2435,0.6826,0.66327,0
0.19181,-0.24096,0.68045,0.66493,0
0.19681,-0.23766,0.67823,0.66692,0
0.20173,-0.23397,0.67606,0.66896,0
0.2067,-0.23044,0.67385,0.6709,0
0.21159,-0.22731,0.67148,0.67281,0
0.21613,-0.2245,0.66897,0.67481,0
0.22029,-0.22179,0.66634,0.67696,0
0.22422,-0.21914,0.66352,0.6793,0
0.22793,-0.21677,0.66046,0.6818,0
0.23129,-0.2149,0.65738,0.68423,0
0.23439,-0.21344,0.65423,0.68665,0
0.23712,-0.21219,0.65104,0.68913,0
0.23923,-0.21118,0.64767,0.69188,0
0.24101,-0.21053,0.64412,0.69477,0
0.24245,-0.21089,0.6405,0.6975,0
0.24331,-0.21306,0.63665,0.70006,0
0.24314,-0.21739,0.63224,0.70278,0
0.24113,-0.22406,0.62683,0.70622,0
0.23741,-0.23232,0.6203,0.71055,0
0.23272,-0.2413,0.61316,0.7153,0
0.22757,-0.25061,0.60575,0.72005,0
0.22233,-0.26005,0.59808,0.72474,0
0.2176,-0.26904,0.59024,0.7293,0
0.2133,-0.2775,0.58252,0.7336,0
0.20901,-0.28575,0.57503,0.73756,0
0.20424,-0.29374,0.56777,0.74138,0
0.19909,-0.30069,0.56094,0.74518,0
0.19468,-0.30452,0.55549,0.74887,0
0.19137,-0.30425,0.55165,0.75265,0
0.18854,-0.30009,0.54877,0.75713,0
0.18562,-0.29244,0.54626,0.76265,0
0.18206,-0.28183,0.54396,0.76911,0
0.177,-0.27048,0.54128,0.77623,0
0.17034,-0.2609,0.53782,0.78336,0
0.16296,-0.25343,0.53399,0.78998,0
0.1568,-0.2491,0.5295,0.79561,0
0.15056,-0.24641,0.52499,0.80062,0
0.14243,-0.24344,0.52089,0.80568,0
0.13479,-0.24046,0.51641,0.81076,0
0.1285,-0.23671,0.51163,0.8159,0
0.12378,-0.2318,0.50674,0.82108,0
0.12062,-0.22622,0.50192,0.82605,0
0.11847,-0.22085,0.49751,0.83047,0
0.11662,-0.21627,0.49381,0.83413,0
0.11499,-0.21226,0.49099,0.83705,0
0.1138,-0.2084,0.48893,0.83939,0
0.11302,-0.2043,0.48743,0.84137,0
0.11304,-0.19948,0.48634,0.84315,0
0.11393,-0.19358,0.48548,0.8449,0
0.11537,-0.18681,0.48476,0.84664,0
0.11727,-0.17955,0.48408,0.84834,0
0.11949,-0.17224,0.48341,0.84992,0
0.12227,-0.16537,0.48272,0.85128,0
0.12515,-0.15993,0.48245,0.85206,0
0.12903,-0.15869,0.48286,0.85148,0
0.14048,-0.16408,0.48325,0.84842,0
0.16183,-0.17821,0.48252,0.84215,0
0.17664,-0.19593,0.48053,0.83636,0
0.17175,-0.21188,0.48293,0.8321,0
0.14828,-0.22772,0.49303,0.82649,0
0.11456,-0.24318,0.50694,0.81899,0
0.07932,-0.2572,0.52049,0.81033,0
0.047598,-0.26993,0.5329,0.80055,0
0.023637,-0.27773,0.54414,0.79134,0
0.0089292,-0.27597,0.55515,0.78458,0
0.0013793,-0.26404,0.56565,0.78123,0
0.00038525,-0.24163,0.57585,0.78103,0
0.0061468,-0.20899,0.58586,0.78298,0
0.018194,-0.16868,0.59545,0.78527,0
0.034637,-0.12447,0.60549,0.7853,0
0.052262,-0.080255,0.61624,0.78172,0
0.06384,-0.0448,0.62751,0.77469,0
0.058861,-0.030437,0.63729,0.76777,0
0.044084,-0.026063,0.64121,0.76566,0
0.040442,-0.010036,0.64171,0.76582,0
0.042703,0.0067361,0.64305,0.7646,0
0.040513,0.012954,0.64558,0.76251,0
0.033159,0.010551,0.64896,0.76003,0
0.024272,0.0051108,0.65296,0.75699,0
0.016398,-0.00052558,0.65661,0.75405,0
0.011694,-0.0042118,0.65996,0.7512,0
0.012065,-0.0049765,0.66464,0.74705,0
0.020041,-0.0050044,0.67196,0.7403,0
0.038963,-0.0064431,0.68142,0.73082,0
0.063121,-0.0055042,0.69013,0.7209,0
0.082952,0.00097375,0.69593,0.7133,0
0.09334,0.011163,0.69983,0.7081,0
0.095503,0.021712,0.70354,0.70388,0
0.094852,0.031259,0.70661,0.70052,0
0.096065,0.039833,0.70859,0.69791,0
0.10144,0.048853,0.70976,0.69539,0
0.11143,0.060574,0.70955,0.69314,0
0.12557,0.075771,0.70828,0.69053,0
0.14304,0.093532,0.70613,0.68715,0
0.16296,0.11178,0.70301,0.68318,0
0.18397,0.12852,0.69924,0.67875,0
0.20509,0.14221,0.69538,0.67391,0
0.22537,0.15248,0.69199,0.66866,0
0.24416,0.1596,0.6891,0.66337,0
0.26142,0.16394,0.68649,0.65841,0
0.27754,0.16569,0.68415,0.6538,0
0.29311,0.16569,0.682,0.64924,0
0.30823,0.16446,0.67988,0.64476,0
0.3223,0.16178,0.67773,0.64081,0
0.33358,0.15693,0.6759,0.63817,0
0.34211,0.15061,0.67463,0.63652,0
0.3479,0.14295,0.67426,0.63553,0
0.35118,0.13401,0.67504,0.63485,0
0.35275,0.12441,0.67656,0.63431,0
0.35397,0.11516,0.67817,0.63366,0
0.35562,0.10684,0.67955,0.63272,0
0.35761,0.099292,0.68077,0.63151,0
0.35984,0.092319,0.68193,0.63005,0
0.3624,0.085842,0.68297,0.62837,0
0.36552,0.079691,0.68379,0.62648,0
0.36878,0.073276,0.68446,0.62462,0
0.37157,0.066098,0.68519,0.62296,0
0.37384,0.058639,0.68619,0.62125,0
0.37583,0.05133,0.68743,0.61933,0
0.37726,0.044086,0.68888,0.61739,0
0.37846,0.037377,0.69022,0.6156,0
0.37993,0.031755,0.69116,0.61396,0
0.38159,0.027163,0.69175,0.61248,0
0.3832,0.023502,0.69212,0.61121,0
0.38444,0.020453,0.69242,0.6102,0
0.38476,0.017682,0.693,0.60942,0
0.3843,0.015199,0.69398,0.60866,0
0.38374,0.01355,0.6951,0.60778,0
0.38401,0.013405,0.69582,0.60678,0
0.38572,0.015058,0.69578,0.60571,0
0.38865,0.018107,0.69502,0.60463,0
0.39202,0.021853,0.69394,0.60356,0
0.39512,0.025628,0.69291,0.60258,0
0.39758,0.029134,0.69214,0.60168,0
0.39927,0.032269,0.69167,0.60094,0
0.40004,0.03491,0.69151,0.60047,0
0.3997,0.036861,0.6918,0.60025,0
0.39847,0.038172,0.69253,0.60014,0
0.39694,0.039357,0.6934,0.60007,0
0.3953,0.040752,0.69423,0.60011,0
0.39346,0.042557,0.69498,0.60032,0
0.39133,0.04483,0.69564,0.60078,0
0.38888,0.047439,0.69624,0.60147,0
0.38607,0.050216,0.69682,0.60239,0
0.38287,0.053035,0.69742,0.60349,0
0.3794,0.055921,0.69807,0.60468,0
0.37579,0.058923,0.69866,0.60595,0
0.37206,0.062034,0.69921,0.60731,0
0.36851,0.065488,0.69957,0.6087,0
0.36567,0.069661,0.69956,0.60996,0
0.3637,0.074654,0.6992,0.61096,0
0.36226,0.080117,0.69858,0.61183,0
0.36086,0.085498,0.69787,0.61274,0
0.35909,0.09039,0.69725,0.61378,0
0.35673,0.094625,0.69684,0.61498,0
0.35378,0.098253,0.69668,0.6163,0
0.35032,0.10144,0.69672,0.61771,0
0.34635,0.10418,0.69694,0.61925,0
0.34179,0.10625,0.69738,0.62093,0
0.33659,0.10753,0.69808,0.62276,0
0.33094,0.10813,0.69891,0.62475,0
0.32509,0.10837,0.69973,0.62686,0
0.31926,0.10852,0.70039,0.62909,0
0.31359,0.10875,0.70083,0.6314,0
0.30828,0.10916,0.70105,0.6337,0
0.30351,0.10982,0.70107,0.63586,0
0.29926,0.11069,0.70094,0.63787,0
0.29539,0.11162,0.70069,0.63979,0
0.29181,0.11244,0.70031,0.64169,0
0.28847,0.1131,0.69982,0.64361,0
0.28524,0.11363,0.69926,0.64557,0
0.28205,0.11405,0.69867,0.64753,0
0.27885,0.11438,0.69812,0.64945,0
0.27565,0.11458,0.69762,0.65132,0
0.27245,0.11462,0.69716,0.65315,0
0.26928,0.11452,0.69671,0.65496,0
0.26619,0.11422,0.69623,0.65678,0
0.26321,0.1138,0.69571,0.6586,0
0.26036,0.11334,0.69516,0.66039,0
0.25764,0.11292,0.69459,0.66213,0
0.25514,0.11261,0.69401,0.66375,0
0.2529,0.1124,0.69344,0.66525,0
0.25093,0.11232,0.69287,0.66659,0
0.24931,0.11241,0.69231,0.66777,0
0.24799,0.1127,0.69174,0.66881,0
0.24702,0.11318,0.69114,0.6697,0
0.24639,0.11382,0.69051,0.67047,0
0.24603,0.11452,0.68988,0.67113,0
0.24599,0.11523,0.68925,0.67168,0
0.24619,0.1159,0.68862,0.67213,0
0.24653,0.11653,0.68803,0.6725,0
0.24693,0.11709,0.68749,0.67281,0
0.24728,0.11753,0.68702,0.67309,0
0.24755,0.11783,0.68664,0.67332,0
0.24779,0.11796,0.68633,0.67352,0
0.24801,0.118,0.68608,0.6737,0
0.24831,0.11802,0.68586,0.6738,0
0.24874,0.1181,0.68567,0.67383,0
0.24932,0.11827,0.68548,0.67377,0
0.25007,0.1185,0.68532,0.67361,0
0.25097,0.11875,0.68521,0.67334,0
0.25204,0.11902,0.68516,0.67295,0
0.25328,0.11934,0.68515,0.67244,0
0.25467,0.11983,0.68517,0.67181,0
0.25619,0.12057,0.68521,0.67106,0
0.2578,0.12148,0.68529,0.6702,0
0.25947,0.12247,0.68544,0.66922,0
0.26123,0.12341,0.68564,0.66815,0
0.26307,0.12429,0.68588,0.66702,0
0.26501,0.12512,0.68612,0.66585,0
0.26704,0.12593,0.68635,0.66465,0
0.2692,0.12679,0.68656,0.6634,0
0.27152,0.12777,0.6867,0.66212,0
0.27401,0.12893,0.68676,0.6608,0
0.27662,0.13023,0.68678,0.65943,0
0.27931,0.13167,0.68676,0.65804,0
0.28209,0.13324,0.68671,0.65659,0
0.28503,0.13491,0.68665,0.65503,0
0.28816,0.13668,0.68658,0.65337,0
0.2915,0.13861,0.68648,0.65158,0
0.29506,0.14074,0.68633,0.64968,0
0.29881,0.14303,0.68613,0.64767,0
0.3027,0.14546,0.68588,0.64558,0
0.30661,0.14796,0.68562,0.64345,0
0.31046,0.15044,0.68537,0.64129,0
0.31416,0.15272,0.68516,0.63916,0
0.31768,0.15471,0.68501,0.63711,0
0.32102,0.15636,0.6849,0.63514,0
0.32417,0.15778,0.68483,0.63327,0
0.32715,0.15908,0.68477,0.63148,0
0.32995,0.16028,0.68472,0.62976,0
0.33258,0.16133,0.68471,0.62812,0
0.33507,0.16224,0.68472,0.62655,0
0.33751,0.16302,0.68472,0.62504,0
0.33999,0.16369,0.68469,0.62355,0
0.3426,0.16435,0.6846,0.62204,0
0.34547,0.16511,0.68442,0.62044,0
0.34866,0.16602,0.68414,0.61873,0
0.35194,0.16692,0.68383,0.61697,0
0.35501,0.16765,0.68357,0.6153,0
0.35781,0.1682,0.68334,0.61379,0
0.36036,0.16862,0.68306,0.61248,0
0.36277,0.16901,0.6827,0.61135,0
0.36508,0.16936,0.68226,0.61037,0
0.36726,0.16962,0.68181,0.60949,0
0.36934,0.16972,0.6814,0.60867,0
0.37128,0.16958,0.68109,0.60788,0
0.37307,0.16916,0.68086,0.60716,0
0.37482,0.16856,0.68064,0.60649,0
0.37663,0.16789,0.68036,0.60587,0
0.3785,0.16719,0.67997,0.60533,0
0.38034,0.16655,0.6795,0.60488,0
0.38215,0.16594,0.679,0.60447,0
0.38391,0.16517,0.67853,0.60409,0
0.38556,0.16408,0.67814,0.60378,0
0.38703,0.1626,0.67783,0.60359,0
0.38827,0.1608,0.67758,0.60355,0
0.3892,0.15881,0.67739,0.60369,0
0.38989,0.15668,0.67718,0.60404,0
0.39035,0.15447,0.67694,0.60458,0
0.39062,0.15223,0.67669,0.60525,0
0.39078,0.15001,0.67643,0.606,0
0.39087,0.1478,0.67612,0.60683,0
0.39094,0.14556,0.67579,0.60769,0
0.39103,0.14335,0.67545,0.60853,0
0.39109,0.14131,0.67508,0.60939,0
0.39105,0.13957,0.67467,0.61027,0
0.39096,0.13824,0.67422,0.61112,0
0.39096,0.13737,0.67368,0.61191,0
0.39106,0.13687,0.67303,0.61268,0
0.39112,0.13655,0.67235,0.61345,0
0.39111,0.13632,0.6717,0.61422,0
0.39097,0.13616,0.67111,0.61499,0
0.39068,0.13607,0.67057,0.61578,0
0.39024,0.13612,0.67005,0.61662,0
0.38979,0.13644,0.66944,0.61749,0
0.38946,0.13718,0.66867,0.61837,0
0.3893,0.13836,0.6677,0.61926,0
0.38929,0.1399,0.66658,0.62012,0
0.38946,0.1417,0.66542,0.62085,0
0.3898,0.14369,0.66427,0.62141,0
0.39034,0.14596,0.66311,0.62178,0
0.39098,0.14857,0.66196,0.62198,0
0.39168,0.15138,0.66082,0.62208,0
0.39236,0.1542,0.65972,0.62213,0
0.39282,0.15692,0.65884,0.62209,0
0.39301,0.15943,0.65828,0.62193,0
0.39294,0.16168,0.65796,0.62173,0
0.39265,0.1636,0.65781,0.62157,0
0.39201,0.16509,0.65785,0.62154,0
0.391,0.1662,0.65804,0.62167,0
0.38966,0.16695,0.65841,0.62193,0
0.38797,0.16742,0.6589,0.62234,0
0.38589,0.16768,0.65942,0.62301,0
0.3835,0.16772,0.65991,0.62395,0
0.38115,0.16775,0.66029,0.62499,0
0.37895,0.16791,0.66056,0.62599,0
0.37692,0.16829,0.66075,0.62691,0
0.37516,0.1693,0.66084,0.6276,0
0.37384,0.17125,0.66069,0.62801,0
0.37323,0.17404,0.66013,0.6282,0
0.3735,0.17774,0.65915,0.62804,0
0.37452,0.18204,0.65795,0.62745,0
0.37614,0.18671,0.65663,0.62649,0
0.37844,0.19191,0.65508,0.62516,0
0.38109,0.19758,0.65332,0.62362,0
0.38339,0.20337,0.65154,0.62222,0
0.38486,0.20878,0.64987,0.62125,0
0.38555,0.21372,0.64826,0.62083,0
0.38589,0.21835,0.64654,0.62081,0
0.38648,0.22299,0.64451,0.6209,0
0.38731,0.22745,0.64231,0.62104,0
0.38799,0.23133,0.64027,0.62129,0
0.3883,0.2345,0.63848,0.62175,0
0.38865,0.23744,0.63674,0.6222,0
0.38937,0.2405,0.63479,0.62257,0
0.39025,0.2435,0.63272,0.62296,0
0.39101,0.2464,0.63081,0.62328,0
0.39156,0.24915,0.62913,0.62353,0
0.39195,0.25172,0.62759,0.62381,0
0.39223,0.25412,0.62616,0.6241,0
0.39241,0.2564,0.62486,0.62436,0
0.39249,0.25858,0.62361,0.62465,0
0.39244,0.2607,0.62243,0.62498,0
0.39217,0.26276,0.62135,0.62537,0
0.39178,0.26478,0.62034,0.62576,0
0.39168,0.26684,0.61933,0.62595,0
0.39244,0.26902,0.61828,0.62558,0
0.39445,0.27127,0.61724,0.62437,0
0.3973,0.27366,0.61624,0.6225,0
0.40017,0.27651,0.61518,0.62045,0
0.40231,0.28,0.61394,0.61873,0
0.40355,0.28397,0.61252,0.61752,0
0.40404,0.28805,0.61096,0.61685,0
0.40407,0.29183,0.60933,0.61666,0
0.40387,0.29497,0.60777,0.61684,0
0.4036,0.29738,0.60636,0.61725,0
0.40344,0.29915,0.60515,0.61769,0
0.40365,0.30058,0.60403,0.61796,0
0.40451,0.30214,0.60284,0.61779,0
0.40633,0.3042,0.60143,0.61697,0
0.40914,0.3069,0.59973,0.61542,0
0.41282,0.31018,0.59778,0.6132,0
0.41732,0.31404,0.59561,0.6103,0
0.42255,0.31848,0.59318,0.60676,0
0.42838,0.32345,0.59049,0.60266,0
0.43464,0.3288,0.58761,0.59807,0
0.44123,0.3344,0.58466,0.59301,0
0.44811,0.34012,0.58183,0.58737,0
0.45532,0.34587,0.57924,0.58098,0
0.463,0.35165,0.57695,0.57366,0
0.47127,0.35752,0.57488,0.56533,0
0.48006,0.36351,0.57285,0.5561,0
0.48926,0.36962,0.57079,0.54609,0
0.49865,0.37575,0.56867,0.53551,0
0.5079,0.38171,0.56658,0.52472,0
0.51666,0.38727,0.56464,0.51407,0
0.52465,0.39219,0.56303,0.50391,0
0.53157,0.39624,0.56198,0.49458,0
0.53726,0.39922,0.56164,0.48635,0
0.54171,0.40115,0.56205,0.47929,0
0.545,0.40208,0.5632,0.47342,0
0.54725,0.40206,0.56499,0.46868,0
0.54882,0.40141,0.56716,0.46475,0
0.55007,0.40046,0.56941,0.46133,0
0.55129,0.39962,0.57146,0.45806,0
0.55272,0.39919,0.57307,0.45469,0
0.55456,0.39948,0.57402,0.45098,0
0.55697,0.4006,0.57422,0.44674,0
0.56003,0.40249,0.5737,0.44186,0
0.56376,0.40499,0.57251,0.43633,0
