0.47953,-0.45959,0.53791,-0.51911,0
0.47997,-0.45912,0.53747,-0.51958,0
0.48014,-0.45888,0.53726,-0.51985,0
0.48016,-0.45874,0.53719,-0.52002,0
0.48011,-0.45864,0.5372,-0.52015,0
0.47999,-0.45853,0.53728,-0.52028,0
0.47984,-0.45841,0.53739,-0.52042,0
0.4797,-0.45829,0.53746,-0.52057,0
0.47958,-0.45822,0.5375,-0.5207,0
0.47943,-0.45829,0.53755,-0.52073,0
0.47928,-0.45845,0.5376,-0.52067,0
0.47916,-0.45862,0.53763,-0.52061,0
0.47904,-0.45875,0.53765,-0.52058,0
0.47888,-0.45883,0.53771,-0.52059,0
0.47869,-0.45886,0.53781,-0.52064,0
0.47843,-0.45883,0.53799,-0.52073,0
0.47816,-0.45878,0.5382,-0.52079,0
0.47797,-0.45878,0.53834,-0.52082,0
0.47784,-0.45881,0.53841,-0.52084,0
0.47772,-0.45888,0.53846,-0.52085,0
0.47757,-0.45896,0.53853,-0.52083,0
0.47738,-0.45904,0.53863,-0.52083,0
0.47718,-0.4591,0.53874,-0.52086,0
0.47697,-0.45914,0.53884,-0.5209,0
0.47676,-0.4592,0.53896,-0.52092,0
0.47654,-0.45929,0.53908,-0.52092,0
0.47636,-0.45943,0.53915,-0.52089,0
0.47622,-0.45964,0.53918,-0.5208,0
0.47606,-0.45983,0.53922,-0.52074,0
0.47588,-0.45996,0.53928,-0.52072,0
0.47568,-0.46008,0.53937,-0.52071,0
0.4755,-0.46022,0.53943,-0.52068,0
0.47538,-0.46042,0.53943,-0.52061,0
0.47527,-0.46068,0.53943,-0.5205,0
0.47512,-0.46092,0.53945,-0.52039,0
0.47495,-0.46109,0.53952,-0.52033,0
0.47478,-0.46121,0.53962,-0.52027,0
0.47461,-0.46133,0.5397,-0.52023,0
0.47443,-0.46147,0.53978,-0.5202,0
0.47423,-0.46161,0.53985,-0.52017,0
0.47406,-0.46177,0.53991,-0.52013,0
0.47389,-0.46191,0.53997,-0.5201,0
0.47375,-0.46203,0.54001,-0.52008,0
0.47363,-0.46214,0.54004,-0.52005,0
0.47355,-0.46225,0.54006,-0.52002,0
0.47351,-0.46236,0.54003,-0.51998,0
0.4735,-0.46245,0.53998,-0.51995,0
0.47348,-0.46249,0.53995,-0.51997,0
0.47342,-0.46252,0.53995,-0.52001,0
0.47331,-0.46256,0.53998,-0.52003,0
0.47324,-0.46263,0.53998,-0.52004,0
0.4732,-0.46268,0.53994,-0.52006,0
0.47311,-0.46265,0.53996,-0.52016,0
0.47295,-0.46257,0.54003,-0.5203,0
0.47277,-0.46251,0.54013,-0.52041,0
0.47268,-0.46253,0.54015,-0.52046,0
0.47271,-0.46266,0.54006,-0.52042,0
0.47278,-0.46283,0.5399,-0.52036,0
0.47277,-0.46296,0.53981,-0.52035,0
0.47263,-0.46299,0.53984,-0.52042,0
0.47239,-0.46296,0.53998,-0.52052,0
0.47213,-0.46295,0.54015,-0.52058,0
0.47192,-0.463,0.54028,-0.5206,0
0.47176,-0.46313,0.54031,-0.52058,0
0.47171,-0.46334,0.54021,-0.52055,0
0.47176,-0.46361,0.54,-0.52049,0
0.4718,-0.46383,0.53981,-0.52045,0
0.47176,-0.46392,0.53975,-0.52048,0
0.47161,-0.46399,0.53981,-0.52048,0
0.47139,-0.46406,0.53993,-0.52049,0
0.47118,-0.46408,0.53999,-0.52061,0
0.47105,-0.46414,0.53998,-0.52068,0
0.47098,-0.46429,0.53993,-0.52067,0
0.47089,-0.46442,0.53989,-0.52067,0
0.47077,-0.46448,0.53989,-0.52072,0
0.47062,-0.46448,0.53998,-0.52076,0
0.47052,-0.46447,0.54006,-0.52078,0
0.4705,-0.46448,0.54009,-0.52076,0
0.47056,-0.46452,0.54005,-0.52071,0
0.47065,-0.4646,0.53997,-0.52064,0
0.47067,-0.46466,0.53994,-0.5206,0
0.47058,-0.46472,0.54001,-0.52056,0
0.47045,-0.46475,0.54013,-0.52052,0
0.47033,-0.46475,0.54025,-0.5205,0
0.47025,-0.46473,0.54036,-0.52047,0
0.47017,-0.46468,0.54049,-0.52047,0
0.47009,-0.46462,0.54061,-0.52046,0
0.47004,-0.46463,0.54071,-0.5204,0
0.47001,-0.46468,0.54076,-0.52032,0
0.47002,-0.46477,0.54077,-0.52023,0
0.47002,-0.46486,0.54077,-0.52014,0
0.47003,-0.46492,0.54078,-0.52007,0
0.47,-0.46493,0.54084,-0.52003,0
0.46989,-0.46489,0.54096,-0.52004,0
0.4698,-0.46483,0.5411,-0.52003,0
0.46978,-0.46484,0.54117,-0.51997,0
0.46983,-0.46488,0.54114,-0.51991,0
0.46995,-0.46494,0.54105,-0.51985,0
0.47004,-0.46502,0.54098,-0.51977,0
0.47006,-0.4651,0.54098,-0.51968,0
0.47006,-0.46519,0.541,-0.51958,0
0.47005,-0.46529,0.54103,-0.51947,0
0.47002,-0.46538,0.54106,-0.51938,0
0.46999,-0.46549,0.54108,-0.51929,0
0.46999,-0.46563,0.54108,-0.51916,0
0.47007,-0.46582,0.54101,-0.51899,0
0.47019,-0.466,0.54093,-0.51881,0
0.47028,-0.46614,0.54085,-0.51868,0
0.47033,-0.46624,0.54081,-0.5186,0
0.4703,-0.46629,0.5408,-0.51858,0
0.47017,-0.46627,0.54083,-0.51868,0
0.47002,-0.46625,0.54087,-0.51879,0
0.46988,-0.46629,0.54091,-0.51885,0
0.46976,-0.46638,0.54094,-0.51884,0
0.46969,-0.46653,0.54092,-0.51878,0
0.4696,-0.46672,0.54093,-0.51869,0
0.46949,-0.46693,0.54094,-0.5186,0
0.46941,-0.46716,0.54092,-0.51848,0
0.46932,-0.46735,0.54095,-0.51837,0
0.46915,-0.46739,0.54105,-0.51836,0
0.46893,-0.46732,0.54122,-0.51846,0
0.46871,-0.46723,0.54136,-0.51858,0
0.46859,-0.46718,0.54139,-0.51872,0
0.46856,-0.46719,0.54132,-0.5188,0
0.46855,-0.46728,0.54125,-0.5188,0
0.46849,-0.46741,0.54125,-0.51874,0
0.4684,-0.46754,0.5413,-0.51865,0
0.46833,-0.46765,0.54135,-0.51857,0
0.46828,-0.46773,0.54138,-0.51851,0
0.4682,-0.46776,0.54143,-0.5185,0
0.4681,-0.46775,0.5415,-0.51853,0
0.46801,-0.46776,0.54154,-0.51856,0
0.46794,-0.46783,0.54154,-0.51856,0
0.46789,-0.46791,0.54152,-0.51855,0
0.46784,-0.468,0.54151,-0.51852,0
0.46776,-0.46803,0.54156,-0.51852,0
0.46764,-0.46801,0.54164,-0.51856,0
0.46751,-0.46796,0.54173,-0.51863,0
0.46742,-0.46793,0.54178,-0.51868,0
0.4674,-0.46796,0.54177,-0.51869,0
0.46741,-0.46802,0.54173,-0.51867,0
0.46743,-0.46805,0.54171,-0.51863,0
0.46742,-0.46808,0.54174,-0.51859,0
0.46743,-0.46811,0.54177,-0.51852,0
0.46751,-0.46817,0.54176,-0.51841,0
0.46757,-0.46825,0.54175,-0.5183,0
0.46757,-0.46832,0.54176,-0.51823,0
0.46754,-0.46838,0.54176,-0.51819,0
0.4675,-0.46841,0.54177,-0.51818,0
0.46746,-0.46841,0.54178,-0.51821,0
0.46739,-0.4684,0.54182,-0.51824,0
0.46735,-0.46838,0.54185,-0.51827,0
0.46734,-0.46839,0.54186,-0.51826,0
0.46738,-0.46845,0.54184,-0.51819,0
0.46747,-0.46855,0.54177,-0.51809,0
0.46754,-0.46868,0.54171,-0.51798,0
0.46754,-0.46878,0.54168,-0.51791,0
0.4675,-0.46884,0.54171,-0.51787,0
0.46747,-0.46892,0.54172,-0.5178,0
0.4675,-0.469,0.5417,-0.51773,0
0.46755,-0.46906,0.54165,-0.51768,0
0.4676,-0.46913,0.5416,-0.51763,0
0.46764,-0.46919,0.54155,-0.51758,0
0.46765,-0.46924,0.5415,-0.51759,0
0.4676,-0.46924,0.54147,-0.51765,0
0.46748,-0.46919,0.54151,-0.51777,0
0.46737,-0.46912,0.54159,-0.51786,0
0.46728,-0.46907,0.54166,-0.51791,0
0.46722,-0.46904,0.5417,-0.51796,0
0.46715,-0.46903,0.5417,-0.51801,0
0.46706,-0.46908,0.5417,-0.51805,0
0.46694,-0.46913,0.54173,-0.51809,0
0.46677,-0.46911,0.54181,-0.51817,0
0.46656,-0.469,0.54197,-0.5183,0
0.46638,-0.46893,0.5421,-0.51839,0
0.46637,-0.46896,0.54206,-0.51841,0
0.46642,-0.46903,0.54194,-0.51842,0
0.46642,-0.46916,0.54186,-0.5184,0
0.46634,-0.46933,0.54187,-0.5183,0
0.46621,-0.46952,0.54193,-0.51817,0
0.4661,-0.46968,0.54199,-0.51807,0
0.46608,-0.4698,0.54197,-0.518,0
0.46618,-0.4699,0.54185,-0.51794,0
0.46626,-0.46997,0.54175,-0.51792,0
0.46628,-0.47,0.54171,-0.51791,0
0.46625,-0.47007,0.54172,-0.51787,0
0.46616,-0.47018,0.54178,-0.51779,0
0.46611,-0.47033,0.54185,-0.51763,0
0.4661,-0.47049,0.54188,-0.51744,0
0.46608,-0.47056,0.54193,-0.51736,0
0.46604,-0.47057,0.54195,-0.51736,0
0.466,-0.47057,0.54196,-0.51739,0
0.46599,-0.4706,0.54193,-0.5174,0
0.46602,-0.47067,0.54188,-0.51736,0
0.46606,-0.47076,0.54184,-0.51729,0
0.46612,-0.47082,0.54179,-0.51723,0
0.46619,-0.47089,0.54175,-0.51715,0
0.46623,-0.47096,0.54173,-0.51705,0
0.4663,-0.47103,0.5417,-0.51698,0
0.46641,-0.47112,0.54162,-0.51688,0
0.46654,-0.47123,0.54151,-0.51677,0
0.46668,-0.4713,0.54142,-0.51668,0
0.46681,-0.47129,0.54136,-0.51663,0
0.46693,-0.47123,0.54134,-0.51659,0
0.46707,-0.47116,0.54134,-0.51653,0
0.46717,-0.47114,0.54138,-0.51642,0
0.46721,-0.47117,0.54143,-0.5163,0
0.46725,-0.47123,0.54146,-0.51618,0
0.46727,-0.4713,0.54148,-0.51608,0
0.46725,-0.4713,0.54152,-0.51605,0
0.46722,-0.47126,0.54157,-0.51607,0
0.46714,-0.47124,0.54165,-0.51607,0
0.46705,-0.47123,0.54173,-0.51609,0
0.46696,-0.47122,0.54178,-0.51612,0
0.46689,-0.47121,0.54179,-0.51618,0
0.46685,-0.47119,0.54176,-0.51626,0
0.46681,-0.47116,0.54172,-0.51637,0
0.46675,-0.47107,0.54169,-0.51653,0
0.46672,-0.47098,0.54165,-0.51669,0
0.46671,-0.47088,0.54163,-0.51681,0
0.46672,-0.47076,0.54161,-0.51693,0
0.4667,-0.47067,0.5416,-0.51704,0
0.46666,-0.47062,0.54157,-0.51715,0
0.46662,-0.47058,0.54152,-0.51728,0
0.4666,-0.47053,0.54145,-0.51742,0
0.46657,-0.47041,0.54142,-0.51758,0
0.46651,-0.4702,0.54147,-0.51778,0
0.46646,-0.47003,0.54153,-0.51792,0
0.46651,-0.46995,0.54149,-0.51798,0
0.46663,-0.46991,0.54135,-0.51806,0
0.46673,-0.46987,0.5412,-0.51815,0
0.4668,-0.46984,0.54113,-0.5182,0
0.46681,-0.46983,0.54111,-0.51822,0
0.4668,-0.46981,0.5411,-0.51826,0
0.4668,-0.46976,0.54107,-0.51833,0
0.46678,-0.46968,0.54105,-0.51844,0
0.46676,-0.46959,0.54101,-0.51858,0
0.46673,-0.46952,0.54097,-0.51871,0
0.46671,-0.46954,0.5409,-0.51879,0
0.46671,-0.46963,0.5408,-0.51881,0
0.46667,-0.46977,0.54074,-0.51878,0
0.4666,-0.4699,0.54074,-0.51874,0
0.46652,-0.46994,0.54075,-0.51875,0
0.4664,-0.46987,0.54081,-0.51886,0
0.46626,-0.46978,0.54088,-0.51899,0
0.46618,-0.46975,0.5409,-0.51907,0
0.46616,-0.4698,0.54086,-0.51908,0
0.4662,-0.46989,0.54079,-0.51905,0
0.46629,-0.46998,0.54067,-0.519,0
0.46637,-0.47006,0.54057,-0.51897,0
0.46636,-0.4701,0.54053,-0.51899,0
0.46626,-0.47008,0.54057,-0.51905,0
0.46611,-0.47003,0.54066,-0.51913,0
0.46596,-0.46997,0.54077,-0.51922,0
0.46585,-0.46992,0.54082,-0.5193,0
0.46579,-0.46993,0.54082,-0.51934,0
0.46575,-0.46997,0.54079,-0.51937,0
0.46569,-0.47004,0.54078,-0.51938,0
0.46561,-0.47012,0.54079,-0.51936,0
0.46548,-0.47018,0.54084,-0.51938,0
0.46531,-0.47015,0.54093,-0.51946,0
0.46513,-0.47009,0.54103,-0.51958,0
0.46497,-0.47005,0.5411,-0.51968,0
0.46486,-0.47007,0.54112,-0.51974,0
0.46479,-0.47012,0.54111,-0.51976,0
0.46476,-0.47016,0.54109,-0.51978,0
0.46467,-0.47017,0.54112,-0.51982,0
0.46457,-0.47015,0.54117,-0.51987,0
0.4645,-0.47015,0.54121,-0.51989,0
0.46446,-0.4702,0.54123,-0.51988,0
0.46446,-0.47028,0.54119,-0.51983,0
0.46449,-0.47034,0.54113,-0.51982,0
0.46448,-0.47033,0.5411,-0.51986,0
0.46446,-0.47028,0.54109,-0.51994,0
0.46443,-0.47024,0.5411,-0.51999,0
0.46439,-0.47024,0.54115,-0.51997,0
0.46438,-0.47031,0.54117,-0.5199,0
0.46439,-0.47042,0.54115,-0.5198,0
0.46443,-0.47052,0.5411,-0.51974,0
0.46451,-0.47054,0.54101,-0.51973,0
0.46458,-0.47051,0.54097,-0.51975,0
0.46464,-0.47041,0.54097,-0.51978,0
0.46467,-0.47034,0.54099,-0.5198,0
0.46467,-0.47032,0.541,-0.5198,0
0.46471,-0.4703,0.54096,-0.51983,0
0.46477,-0.47028,0.54088,-0.51988,0
0.46486,-0.47027,0.54082,-0.51987,0
0.46498,-0.47031,0.54072,-0.51983,0
0.46511,-0.47037,0.54061,-0.51976,0
0.4652,-0.4704,0.54054,-0.51973,0
0.46521,-0.47034,0.54054,-0.51978,0
0.46515,-0.47019,0.54061,-0.5199,0
0.46513,-0.47004,0.54064,-0.52001,0
0.46521,-0.47001,0.54058,-0.52004,0
0.46534,-0.47009,0.54043,-0.52002,0
0.46547,-0.47022,0.54028,-0.51994,0
0.46552,-0.47034,0.54021,-0.51985,0
0.46547,-0.47038,0.54026,-0.51981,0
0.46534,-0.47029,0.5404,-0.51986,0
0.46521,-0.47017,0.54053,-0.51995,0
0.46517,-0.47012,0.54057,-0.52,0
0.46519,-0.47013,0.54052,-0.52001,0
0.46523,-0.47019,0.54045,-0.52,0
0.46527,-0.47028,0.54038,-0.51996,0
0.46527,-0.47033,0.54036,-0.51992,0
0.46524,-0.47034,0.54037,-0.51993,0
0.46519,-0.47031,0.5404,-0.51997,0
0.46512,-0.47028,0.54045,-0.52002,0
0.46503,-0.47026,0.5405,-0.52006,0
0.46496,-0.47024,0.54054,-0.52011,0
0.46494,-0.47024,0.54052,-0.52014,0
0.46495,-0.47024,0.54052,-0.52013,0
0.46496,-0.47026,0.54051,-0.52011,0
0.46493,-0.47028,0.54054,-0.52009,0
0.46487,-0.47032,0.54059,-0.52006,0
0.4648,-0.47038,0.54065,-0.52001,0
0.46475,-0.47044,0.54069,-0.51995,0
0.46472,-0.47046,0.54072,-0.51993,0
0.46468,-0.47046,0.54077,-0.51991,0
0.46461,-0.47043,0.54084,-0.51993,0
0.46453,-0.4704,0.54091,-0.51995,0
0.46447,-0.47039,0.54097,-0.51995,0
0.4644,-0.4704,0.54103,-0.51993,0
0.46436,-0.47043,0.54107,-0.51992,0
0.46435,-0.4705,0.54106,-0.51987,0
0.46436,-0.47058,0.54105,-0.51979,0
0.46434,-0.47063,0.54105,-0.51976,0
0.46432,-0.47064,0.54107,-0.51976,0
0.46431,-0.47064,0.54109,-0.51975,0
0.46431,-0.47066,0.54111,-0.51971,0
0.46432,-0.47067,0.54114,-0.51965,0
0.46433,-0.47071,0.54116,-0.51959,0
0.46429,-0.47079,0.54119,-0.51952,0
0.46426,-0.47087,0.5412,-0.51947,0
0.46424,-0.47092,0.54121,-0.51944,0
0.46419,-0.47089,0.54125,-0.51946,0
0.46412,-0.47081,0.54133,-0.51951,0
0.4641,-0.47082,0.54136,-0.51949,0
0.46413,-0.47093,0.5413,-0.51943,0
0.46412,-0.47103,0.54123,-0.51942,0
0.46405,-0.47107,0.54122,-0.51945,0
0.46397,-0.4711,0.54128,-0.51944,0
0.4639,-0.47115,0.54135,-0.51939,0
0.46386,-0.47121,0.54137,-0.51934,0
0.46384,-0.47128,0.54136,-0.51931,0
0.46385,-0.47134,0.54131,-0.51929,0
0.4639,-0.4714,0.54124,-0.51927,0
0.46396,-0.47148,0.54118,-0.51921,0
0.46401,-0.47158,0.54112,-0.51913,0
0.46397,-0.47169,0.54112,-0.51906,0
0.4639,-0.47179,0.54116,-0.51899,0
0.46383,-0.47188,0.54121,-0.51893,0
0.46382,-0.47194,0.54121,-0.51887,0
0.46385,-0.472,0.54119,-0.51882,0
0.46387,-0.47206,0.54116,-0.51878,0
0.4639,-0.47215,0.54113,-0.5187,0
0.46394,-0.47227,0.5411,-0.51859,0
0.46398,-0.47238,0.54109,-0.51846,0
0.46406,-0.47249,0.54106,-0.51832,0
0.46417,-0.47261,0.541,-0.51817,0
0.46431,-0.47274,0.5409,-0.51803,0
0.46441,-0.47287,0.54082,-0.5179,0
0.46445,-0.47297,0.54079,-0.51782,0
0.46443,-0.47303,0.54078,-0.51779,0
0.46442,-0.47306,0.54077,-0.51777,0
0.46445,-0.47313,0.54073,-0.51773,0
0.4645,-0.47323,0.54066,-0.51767,0
0.46454,-0.47333,0.54057,-0.51764,0
0.46454,-0.47344,0.5405,-0.51761,0
0.4645,-0.47354,0.54046,-0.5176,0
0.46446,-0.47361,0.54045,-0.51758,0
0.46441,-0.47368,0.54046,-0.51756,0
0.46439,-0.47376,0.54045,-0.5175,0
0.4644,-0.47389,0.5404,-0.51742,0
0.46439,-0.47402,0.54035,-0.51736,0
0.46438,-0.47413,0.54031,-0.51732,0
0.46437,-0.47422,0.54029,-0.51726,0
0.46435,-0.47429,0.5403,-0.51721,0
0.46433,-0.47431,0.54033,-0.51718,0
0.46432,-0.47431,0.54036,-0.51715,0
0.46435,-0.4743,0.54036,-0.51713,0
0.46439,-0.47429,0.54034,-0.51713,0
0.4644,-0.47429,0.54033,-0.51713,0
0.46439,-0.47434,0.54033,-0.5171,0
0.46436,-0.47441,0.54035,-0.51703,0
0.46435,-0.47451,0.54037,-0.51693,0
0.46439,-0.47461,0.54035,-0.51682,0
0.46445,-0.47468,0.54032,-0.51674,0
0.46449,-0.47468,0.54032,-0.5167,0
0.4645,-0.47465,0.54036,-0.51668,0
0.46442,-0.47458,0.54048,-0.51669,0
0.46429,-0.4745,0.54063,-0.51672,0
0.46419,-0.47452,0.54071,-0.5167,0
0.46418,-0.47462,0.54067,-0.51666,0
0.46422,-0.47466,0.54059,-0.51668,0
0.46424,-0.47464,0.54056,-0.51672,0
0.46422,-0.47459,0.54061,-0.51673,0
0.46416,-0.47455,0.54072,-0.5167,0
0.46407,-0.47452,0.54084,-0.51668,0
0.46402,-0.47447,0.54092,-0.51669,0
0.46403,-0.47442,0.54091,-0.51674,0
0.46406,-0.47437,0.54086,-0.51681,0
0.46409,-0.47435,0.54082,-0.51683,0
0.4641,-0.47438,0.54082,-0.5168,0
0.46408,-0.47441,0.54086,-0.51675,1
0.46406,-0.4744,0.54092,-0.51671,0
0.46409,-0.47437,0.54095,-0.51669,0
0.46417,-0.47431,0.54094,-0.51668,0
0.46426,-0.47426,0.54092,-0.51667,0
0.46433,-0.47424,0.5409,-0.51664,0
0.46436,-0.47425,0.54091,-0.51661,0
0.46435,-0.47427,0.54093,-0.51656,0
0.46436,-0.47427,0.54095,-0.51653,0
0.46437,-0.47426,0.54096,-0.51653,0
0.46441,-0.47425,0.54092,-0.51654,0
0.46444,-0.47428,0.54088,-0.51653,0
0.46443,-0.47431,0.54088,-0.5165,0
0.4644,-0.47434,0.54091,-0.51647,0
0.46439,-0.47437,0.54095,-0.51642,0
0.46441,-0.4744,0.54096,-0.51636,0
0.46449,-0.47444,0.54094,-0.51628,0
0.46455,-0.47447,0.54091,-0.51622,0
0.4646,-0.4745,0.54087,-0.51619,0
0.46462,-0.47453,0.54085,-0.51618,0
0.46461,-0.47454,0.54084,-0.51619,0
0.46459,-0.47453,0.54084,-0.51622,0
0.46455,-0.4745,0.54087,-0.51623,0
0.46453,-0.47449,0.54091,-0.51622,0
0.46454,-0.4745,0.54093,-0.51619,0
0.46459,-0.47451,0.54092,-0.51615,0
0.46463,-0.47448,0.54091,-0.51614,0
0.46469,-0.47444,0.54089,-0.51614,0
0.46468,-0.47441,0.54093,-0.51614,0
0.46468,-0.47438,0.54097,-0.51613,0
0.46479,-0.47444,0.54091,-0.51604,0
0.4649,-0.4745,0.54082,-0.51598,0
0.46494,-0.47449,0.54077,-0.516,0
0.46494,-0.47443,0.54076,-0.51606,0
0.46487,-0.47438,0.54082,-0.51611,0
0.46479,-0.47437,0.54092,-0.51609,0
0.46473,-0.47443,0.54098,-0.51603,0
0.46473,-0.47451,0.54096,-0.51597,0
0.46476,-0.47459,0.54089,-0.51595,0
0.46477,-0.47461,0.54083,-0.51598,0
0.46474,-0.47457,0.54083,-0.51604,0
0.46463,-0.47445,0.54095,-0.51612,0
0.4645,-0.47434,0.54108,-0.51621,0
0.46443,-0.47436,0.54113,-0.5162,0
0.46446,-0.47448,0.54105,-0.51616,0
0.46453,-0.47458,0.54092,-0.51613,0
0.4646,-0.47465,0.54082,-0.51611,0
0.46463,-0.47468,0.5408,-0.51608,0
0.4646,-0.47466,0.54084,-0.51609,0
0.4645,-0.4746,0.54091,-0.51615,0
0.46442,-0.47456,0.54095,-0.51621,0
0.46439,-0.47454,0.54094,-0.51627,0
0.46439,-0.47456,0.54087,-0.51632,0
0.46444,-0.47459,0.54078,-0.51634,0
0.46446,-0.47462,0.54074,-0.51635,0
0.46441,-0.47461,0.54077,-0.51637,0
0.46434,-0.47458,0.54084,-0.51638,0
0.46434,-0.47459,0.54087,-0.51635,0
0.46441,-0.47463,0.54083,-0.51628,0
0.4645,-0.4747,0.54076,-0.51622,0
0.46457,-0.47476,0.54069,-0.51618,0
0.4646,-0.47478,0.54064,-0.51617,0
0.46462,-0.47475,0.54063,-0.51619,0
0.46464,-0.47471,0.54063,-0.51622,0
0.46466,-0.47467,0.54063,-0.51623,0
0.46467,-0.4747,0.54062,-0.51621,0
0.46471,-0.47477,0.54059,-0.51614,0
0.46475,-0.47486,0.54055,-0.51607,0
0.46476,-0.47491,0.54051,-0.51605,0
0.46474,-0.47493,0.5405,-0.51607,0
0.4647,-0.47492,0.5405,-0.5161,0
0.46466,-0.47492,0.5405,-0.51614,0
0.46462,-0.47491,0.5405,-0.51619,0
0.46458,-0.47487,0.5405,-0.51626,0
0.46455,-0.4748,0.5405,-0.51636,0
0.46454,-0.47475,0.54048,-0.51642,0
0.46456,-0.47477,0.54045,-0.51641,0
0.46457,-0.47485,0.54041,-0.51638,0
0.46453,-0.47491,0.54039,-0.51638,0
0.46443,-0.47493,0.54041,-0.51644,0
0.4643,-0.47489,0.54046,-0.51653,0
0.46415,-0.47482,0.54055,-0.51664,0
0.46402,-0.47475,0.54062,-0.51674,0
0.46397,-0.47474,0.54064,-0.51678,0
0.46397,-0.47477,0.54062,-0.51678,0
0.464,-0.4748,0.54057,-0.51678,0
0.46403,-0.47483,0.54052,-0.51678,0
0.46401,-0.47485,0.5405,-0.51679,0
0.46395,-0.47484,0.54052,-0.51683,0
0.46384,-0.47479,0.54059,-0.5169,0
0.46372,-0.47476,0.54066,-0.51697,0
0.46364,-0.47478,0.54067,-0.51701,0
0.46361,-0.47484,0.5406,-0.51705,0
0.46361,-0.4749,0.54052,-0.51709,0
0.4636,-0.47491,0.54046,-0.51713,0
0.46357,-0.47488,0.54047,-0.51719,0
0.4635,-0.4748,0.54052,-0.51727,0
0.4634,-0.47469,0.54061,-0.51737,0
0.46332,-0.47462,0.54066,-0.51745,0
0.46334,-0.47461,0.54061,-0.5175,0
0.46339,-0.47462,0.54053,-0.51752,0
0.46345,-0.47463,0.54047,-0.51753,0
0.46347,-0.47465,0.54043,-0.51752,0
0.46346,-0.47467,0.54042,-0.51754,0
0.46342,-0.47465,0.54042,-0.51758,0
0.46338,-0.4746,0.54044,-0.51765,0
0.46336,-0.47453,0.54047,-0.5177,0
0.46342,-0.47449,0.54046,-0.51769,0
0.46352,-0.47452,0.5404,-0.51763,0
0.46362,-0.47457,0.54034,-0.51756,0
0.46368,-0.4746,0.54029,-0.51753,0
0.4637,-0.47459,0.54028,-0.51754,0
0.46367,-0.47456,0.54032,-0.51756,0
0.46363,-0.47452,0.54035,-0.51759,0
0.46356,-0.47449,0.54038,-0.51764,0
0.46351,-0.47449,0.54038,-0.5177,0
0.46351,-0.47452,0.54033,-0.51772,0
0.46352,-0.47458,0.54026,-0.51772,0
0.46353,-0.47463,0.54022,-0.51771,0
0.46351,-0.47466,0.54023,-0.51769,0
0.46345,-0.47466,0.5403,-0.51767,0
0.46339,-0.47467,0.54037,-0.51764,0
0.46337,-0.47469,0.54039,-0.51762,0
0.46338,-0.4747,0.54037,-0.51762,0
0.46338,-0.47472,0.54035,-0.51764,0
0.46331,-0.47472,0.54034,-0.5177,0
0.46319,-0.47469,0.54038,-0.5178,0
0.46307,-0.47467,0.54043,-0.51788,0
0.46298,-0.47465,0.54047,-0.51792,0
0.46295,-0.47464,0.54048,-0.51796,0
0.46299,-0.47464,0.54043,-0.51798,0
0.46307,-0.47466,0.54034,-0.51798,0
0.46318,-0.47469,0.54023,-0.51796,0
0.46331,-0.47474,0.54011,-0.51793,0
0.46341,-0.47479,0.54002,-0.51789,0
0.46348,-0.47477,0.53997,-0.51789,0
0.46354,-0.47469,0.53994,-0.51794,0
0.46362,-0.47459,0.53991,-0.51799,0
0.46371,-0.47452,0.53986,-0.51802,0
0.46381,-0.4745,0.5398,-0.51803,0
0.46391,-0.47448,0.5397,-0.51805,0
0.46397,-0.47447,0.53963,-0.51809,0
0.46393,-0.47444,0.53962,-0.51816,0
0.46384,-0.47438,0.53966,-0.51826,0
0.46374,-0.47433,0.53971,-0.51834,0
0.46369,-0.47436,0.53971,-0.51835,0
0.46364,-0.47443,0.5397,-0.51835,0
0.4636,-0.47447,0.53969,-0.51835,0
0.46361,-0.47451,0.53968,-0.51832,0
0.46364,-0.47452,0.5397,-0.51826,0
0.46368,-0.47446,0.53974,-0.51823,0
0.46366,-0.47441,0.53981,-0.51823,0
0.4636,-0.47439,0.53987,-0.51824,0
0.46356,-0.47439,0.53988,-0.51826,0
0.46356,-0.47436,0.53986,-0.51831,0
0.46361,-0.47436,0.53985,-0.51828,0
0.46366,-0.47443,0.53985,-0.51816,0
0.46372,-0.47458,0.53983,-0.518,0
0.4638,-0.47472,0.53979,-0.51784,0
0.46389,-0.47479,0.53976,-0.51772,0
0.46396,-0.47475,0.53977,-0.51769,0
0.46401,-0.47467,0.53979,-0.5177,0
0.46404,-0.4746,0.5398,-0.51772,0
0.46403,-0.47459,0.53981,-0.51774,0
0.46402,-0.47464,0.53978,-0.51772,0
0.464,-0.47473,0.53974,-0.5177,0
0.46398,-0.47478,0.53971,-0.5177,0
0.46395,-0.47476,0.53972,-0.51774,0
0.46388,-0.47467,0.53978,-0.51782,0
0.46385,-0.47458,0.53984,-0.51787,0
0.46388,-0.47456,0.53984,-0.51785,0
0.46394,-0.47461,0.5398,-0.51781,0
0.464,-0.47469,0.53974,-0.51775,0
0.46405,-0.47477,0.53968,-0.51769,0
0.46407,-0.47484,0.53965,-0.51764,0
0.46406,-0.47489,0.53965,-0.5176,0
0.46401,-0.47492,0.53968,-0.51758,0
0.46395,-0.47493,0.53973,-0.51758,0
0.46391,-0.47493,0.53975,-0.51759,0
0.46391,-0.47495,0.53972,-0.5176,0
0.46391,-0.47497,0.53969,-0.51761,0
0.46392,-0.47498,0.53968,-0.5176,0
0.46391,-0.47499,0.53971,-0.51758,0
0.46393,-0.47501,0.53974,-0.51751,0
0.46394,-0.47504,0.53979,-0.51743,0
0.46393,-0.47504,0.53985,-0.51736,0
0.46392,-0.47502,0.53992,-0.51732,0
0.46391,-0.47501,0.53998,-0.51728,0
0.46389,-0.47501,0.54003,-0.51724,0
0.46384,-0.47501,0.5401,-0.51721,0
0.46381,-0.475,0.54017,-0.51718,0
0.46378,-0.47502,0.54024,-0.51712,0
0.46374,-0.47504,0.5403,-0.51708,0
0.46366,-0.47506,0.54037,-0.51704,0
0.46355,-0.47508,0.54049,-0.517,0
0.46347,-0.47509,0.54062,-0.51693,0
0.46339,-0.47512,0.54075,-0.51683,0
0.46328,-0.47517,0.5409,-0.51673,0
0.4632,-0.47526,0.54101,-0.51662,0
0.46313,-0.47535,0.54107,-0.51652,0
0.46306,-0.47541,0.54114,-0.51645,0
0.46299,-0.47544,0.54123,-0.51641,0
0.46289,-0.47546,0.54134,-0.51636,0
0.46279,-0.47551,0.54144,-0.5163,0
0.46275,-0.47586,0.54142,-0.51602,0
0.46278,-0.47663,0.54124,-0.51547,0
0.46282,-0.47759,0.54095,-0.51486,0
0.46273,-0.47839,0.54079,-0.51436,0
0.46248,-0.47893,0.54084,-0.51403,0
0.46223,-0.47925,0.54099,-0.51381,0
0.46198,-0.47946,0.54115,-0.51366,0
0.46169,-0.47952,0.54137,-0.51364,0
0.4614,-0.47947,0.5416,-0.51371,0
0.46113,-0.47941,0.54181,-0.51377,0
0.4609,-0.47941,0.54201,-0.51377,0
0.46072,-0.47949,0.54218,-0.51368,0
0.4606,-0.47956,0.54233,-0.51356,0
0.46051,-0.47959,0.54249,-0.51345,0
0.4604,-0.47953,0.5427,-0.51339,0
0.4603,-0.47942,0.54292,-0.51334,0
0.46028,-0.47936,0.54305,-0.51327,0
0.46031,-0.47944,0.54309,-0.51313,0
0.46039,-0.47955,0.54307,-0.51298,0
0.46048,-0.4796,0.54305,-0.51288,0
0.46053,-0.47954,0.54306,-0.51287,0
0.46054,-0.47939,0.5431,-0.51295,0
0.46055,-0.47923,0.54316,-0.51304,0
0.46056,-0.4791,0.54322,-0.51309,0
0.46059,-0.47902,0.54327,-0.51309,0
0.46066,-0.47897,0.54326,-0.51307,0
0.46078,-0.47892,0.54322,-0.51306,0
0.46092,-0.47882,0.54316,-0.51309,0
0.46106,-0.47866,0.54311,-0.51316,0
0.46117,-0.47846,0.5431,-0.51326,0
0.46121,-0.47824,0.54314,-0.51339,0
0.46121,-0.47802,0.54322,-0.51352,0
0.46119,-0.47782,0.54328,-0.51364,0
0.46119,-0.47764,0.54332,-0.51378,0
0.46118,-0.47743,0.54335,-0.51394,0
0.46116,-0.4772,0.54341,-0.51412,0
0.46118,-0.47695,0.54346,-0.51428,0
0.4612,-0.47671,0.54353,-0.51441,0
0.4612,-0.47646,0.54363,-0.51454,0
0.46119,-0.4762,0.54372,-0.51468,0
0.46122,-0.47598,0.54377,-0.51481,0
0.46123,-0.4758,0.5438,-0.51493,0
0.46123,-0.47566,0.54384,-0.51503,0
0.4612,-0.4755,0.54392,-0.51512,0
0.46115,-0.47533,0.54403,-0.5152,0
0.46111,-0.4752,0.54411,-0.51527,0
0.46109,-0.47516,0.54412,-0.51531,0
0.46108,-0.47519,0.5441,-0.51532,0
0.46109,-0.47522,0.54405,-0.51533,0
0.4611,-0.47522,0.544,-0.51538,0
0.4611,-0.47516,0.54398,-0.51545,0
0.46111,-0.47506,0.54399,-0.51554,0
0.46113,-0.47496,0.54398,-0.51562,0
0.46114,-0.47494,0.54393,-0.51568,0
0.46116,-0.47496,0.54384,-0.51573,0
0.46123,-0.47497,0.54371,-0.5158,0
0.46131,-0.47498,0.54358,-0.51585,0
0.46139,-0.475,0.54349,-0.51586,0
0.46142,-0.475,0.54345,-0.51587,0
0.4614,-0.475,0.54346,-0.51588,0
0.46142,-0.47497,0.54345,-0.5159,0
0.46149,-0.47493,0.54338,-0.51595,0
0.46163,-0.47491,0.54326,-0.51597,0
0.46176,-0.47493,0.54313,-0.51597,0
0.46184,-0.47496,0.54304,-0.51598,0
0.46186,-0.47501,0.543,-0.51595,0
0.46185,-0.47505,0.54299,-0.51592,0
0.46187,-0.47509,0.54299,-0.51588,0
0.46198,-0.47519,0.5429,-0.51578,0
0.46211,-0.47538,0.54277,-0.51562,0
0.46227,-0.4756,0.5426,-0.51546,0
0.46243,-0.47578,0.54243,-0.51533,0
0.46255,-0.47591,0.54231,-0.51522,0
0.4626,-0.47598,0.54226,-0.51516,0
0.46261,-0.476,0.54228,-0.51512,0
0.46259,-0.476,0.54233,-0.5151,0
0.46254,-0.476,0.54239,-0.51506,0
0.46255,-0.47604,0.5424,-0.51501,0
0.46261,-0.47611,0.54238,-0.51492,0
0.46271,-0.47618,0.54231,-0.51484,0
0.46283,-0.47622,0.54221,-0.51479,0
0.46289,-0.47625,0.54218,-0.51474,0
0.46288,-0.47625,0.54224,-0.51469,0
0.46286,-0.47623,0.54233,-0.51463,0
0.46285,-0.4762,0.54242,-0.51458,0
0.46284,-0.47615,0.54249,-0.51456,0
0.46285,-0.47612,0.54251,-0.51455,0
0.46286,-0.4761,0.5425,-0.51457,0
0.46282,-0.4761,0.5425,-0.51461,0
0.46275,-0.47608,0.54253,-0.51465,0
0.46267,-0.47603,0.54259,-0.51471,0
0.46261,-0.47596,0.54263,-0.51479,0
0.46258,-0.47592,0.54263,-0.51485,0
0.46258,-0.47594,0.54259,-0.51487,0
0.46258,-0.476,0.54256,-0.51485,0
0.46252,-0.47604,0.54258,-0.51485,0
0.46245,-0.47606,0.54262,-0.51486,0
0.46242,-0.4761,0.54262,-0.51484,0
0.46244,-0.47614,0.5426,-0.5148,0
0.46249,-0.47615,0.54257,-0.51478,0
0.46253,-0.47612,0.54255,-0.51479,0
0.46257,-0.47604,0.54257,-0.51482,0
0.4626,-0.47594,0.5426,-0.51485,0
0.46266,-0.47589,0.5426,-0.51485,0
0.46271,-0.47589,0.54257,-0.51482,0
0.46278,-0.47591,0.54252,-0.51479,0
0.46286,-0.47594,0.54246,-0.51476,0
0.46292,-0.47596,0.54245,-0.5147,0
0.46296,-0.47598,0.54247,-0.51463,0
0.46298,-0.47599,0.5425,-0.51456,0
0.46299,-0.47597,0.54254,-0.51454,0
0.46304,-0.47592,0.54254,-0.51453,0
0.46312,-0.47589,0.5425,-0.51453,0
0.46324,-0.47593,0.54239,-0.5145,0
0.46341,-0.47607,0.54221,-0.51441,0
0.46357,-0.47631,0.54199,-0.51427,0
0.46374,-0.47668,0.54172,-0.51407,0
0.46391,-0.47712,0.54139,-0.51385,0
0.46401,-0.47751,0.54113,-0.51367,0
0.46404,-0.47778,0.54097,-0.51357,0
0.46404,-0.47794,0.54086,-0.51353,0
0.46406,-0.47806,0.54076,-0.51349,0
0.46411,-0.47818,0.54066,-0.51345,0
0.46414,-0.47829,0.5406,-0.51339,0
0.46411,-0.47838,0.54059,-0.51334,0
0.46404,-0.47844,0.54063,-0.51331,0
0.46395,-0.47846,0.54069,-0.51331,0
0.46386,-0.47846,0.54075,-0.51332,0
0.46381,-0.47843,0.54079,-0.51335,0
0.46377,-0.47835,0.54082,-0.51343,0
0.46368,-0.4782,0.54091,-0.51356,0
0.46355,-0.47799,0.54106,-0.51372,0
0.46343,-0.47776,0.54123,-0.51385,0
0.46334,-0.47753,0.5414,-0.51397,0
0.46327,-0.47728,0.54155,-0.51411,0
0.46321,-0.47703,0.54168,-0.51426,0
0.46318,-0.4768,0.54179,-0.51439,0
0.46312,-0.4766,0.5419,-0.51451,0
0.46305,-0.47642,0.54202,-0.51461,0
0.46296,-0.47626,0.54216,-0.51469,0
0.46287,-0.4761,0.54232,-0.51475,0
0.46276,-0.4759,0.5425,-0.51484,0
0.46268,-0.47568,0.54268,-0.51493,0
0.46261,-0.47548,0.54284,-0.51501,0
0.46255,-0.47531,0.54296,-0.51509,0
0.46252,-0.47519,0.54305,-0.51514,0
0.46252,-0.47512,0.54313,-0.51512,0
0.46254,-0.47508,0.54321,-0.51506,0
0.46255,-0.47505,0.54329,-0.51499,0
0.46256,-0.47503,0.54336,-0.51493,0
0.46262,-0.47503,0.54337,-0.51486,0
0.46277,-0.4751,0.54331,-0.51472,0
0.46304,-0.47527,0.54319,-0.51445,0
0.46338,-0.47554,0.54304,-0.51405,0
0.4637,-0.47586,0.54297,-0.51355,0
0.46394,-0.47618,0.54301,-0.51298,0
0.4641,-0.4765,0.54315,-0.51239,0
0.46422,-0.47687,0.54332,-0.51176,0
0.46436,-0.47737,0.54349,-0.51099,0
0.46457,-0.47798,0.54364,-0.51005,0
0.46477,-0.47863,0.54384,-0.50905,0
0.4649,-0.47919,0.54405,-0.50819,0
0.46492,-0.47965,0.54431,-0.50746,0
0.46481,-0.48007,0.54466,-0.50678,0
0.46473,-0.48052,0.545,-0.50607,0
0.46468,-0.48094,0.54532,-0.50537,0
0.46454,-0.48124,0.54569,-0.50481,0
0.4643,-0.48144,0.54609,-0.50441,0
0.46401,-0.48163,0.54645,-0.5041,0
0.46379,-0.48186,0.54665,-0.50387,0
0.46358,-0.48207,0.54678,-0.50372,0
0.46341,-0.48218,0.54688,-0.50367,0
0.4632,-0.48227,0.54703,-0.50359,0
0.46295,-0.48243,0.54723,-0.50347,0
0.46264,-0.48272,0.54738,-0.5033,0
0.46234,-0.48301,0.54742,-0.50326,0
0.46201,-0.48321,0.54745,-0.50334,0
0.46168,-0.48355,0.54749,-0.50328,0
0.46148,-0.48419,0.54741,-0.50293,0
0.46143,-0.48514,0.54721,-0.50228,0
0.46148,-0.48634,0.54691,-0.5014,0
0.46154,-0.48792,0.54656,-0.50018,0
0.46154,-0.48958,0.54623,-0.49891,0
0.46147,-0.49118,0.54598,-0.49769,0
0.46139,-0.49281,0.54574,-0.49641,0
0.46131,-0.49461,0.54549,-0.49497,0
0.46124,-0.49651,0.54519,-0.49346,0
0.46115,-0.49849,0.5448,-0.49197,0
0.46099,-0.50028,0.54447,-0.49068,0
0.46061,-0.50158,0.54439,-0.4898,0
0.46001,-0.50245,0.54458,-0.48925,0
0.45926,-0.50302,0.545,-0.4889,0
0.45838,-0.50329,0.54563,-0.48876,0
0.45733,-0.50314,0.54648,-0.48893,0
0.456,-0.50244,0.54774,-0.48949,0
0.45438,-0.5012,0.54947,-0.49033,0
0.45259,-0.49963,0.55157,-0.49123,0
0.45089,-0.498,0.55369,-0.49206,0
0.44879,-0.49591,0.55608,-0.49339,0
0.44604,-0.49315,0.55908,-0.49526,0
0.44314,-0.49003,0.56239,-0.4972,0
0.44038,-0.48685,0.56568,-0.49905,0
0.43775,-0.48368,0.56879,-0.50091,0
0.43549,-0.48066,0.57143,-0.50277,0
0.43402,-0.47824,0.57326,-0.50426,0
0.43369,-0.47675,0.57397,-0.50515,0
0.43444,-0.4762,0.57363,-0.50541,0
0.43573,-0.47626,0.57268,-0.50533,0
0.43712,-0.47644,0.57164,-0.50513,0
0.43855,-0.47658,0.57062,-0.50492,0
0.43964,-0.47659,0.56985,-0.50483,0
0.44027,-0.47646,0.56941,-0.50489,0
0.44053,-0.47622,0.56922,-0.50511,0
0.44048,-0.47586,0.56919,-0.50552,0
0.44016,-0.47549,0.56931,-0.50602,0
0.43988,-0.47527,0.56931,-0.50647,0
0.4398,-0.47525,0.56913,-0.50676,0
0.43993,-0.47554,0.56877,-0.50678,0
0.44022,-0.47625,0.56829,-0.5064,0
0.44054,-0.47745,0.5678,-0.50554,0
0.44079,-0.47899,0.56738,-0.50434,0
0.44083,-0.48056,0.56717,-0.50305,0
0.4407,-0.48186,0.56723,-0.50184,0
0.44054,-0.48289,0.56744,-0.50075,0
0.44046,-0.48379,0.56765,-0.49972,0
0.44047,-0.48473,0.56778,-0.49865,0
0.44061,-0.48576,0.5678,-0.49749,0
0.44083,-0.48686,0.56779,-0.49623,0
0.4411,-0.48805,0.56783,-0.49478,0
0.44157,-0.48928,0.56774,-0.49324,0
0.44215,-0.49042,0.56757,-0.49179,0
0.44272,-0.4914,0.56745,-0.49044,0
0.44333,-0.49233,0.5674,-0.489,0
0.44409,-0.4934,0.56729,-0.48736,0
0.44498,-0.49453,0.56709,-0.48564,0
0.44593,-0.49567,0.56685,-0.48388,0
0.44705,-0.4968,0.56649,-0.48211,0
0.44841,-0.49786,0.56589,-0.48045,0
0.45002,-0.49897,0.56502,-0.47881,0
0.45185,-0.50023,0.5639,-0.4771,0
0.45373,-0.50147,0.56267,-0.47545,0
0.45563,-0.50247,0.56142,-0.47405,0
0.45707,-0.50308,0.56061,-0.47298,0
0.45739,-0.50316,0.56086,-0.47229,0
0.45651,-0.50285,0.56236,-0.4717,0
0.45531,-0.50256,0.56435,-0.47078,0
0.45528,-0.5041,0.56553,-0.46772,0
0.45857,-0.50891,0.56359,-0.46161,0
0.45928,-0.51293,0.56252,-0.45775,0
0.45117,-0.51182,0.56893,-0.45913,0
0.44709,-0.50893,0.57405,-0.45996,0
0.44951,-0.50803,0.57426,-0.45834,0
0.45338,-0.50987,0.57215,-0.45512,0
0.45793,-0.51308,0.56851,-0.4515,0
0.46079,-0.51525,0.56602,-0.44924,0
0.46026,-0.51563,0.56653,-0.44869,0
0.45946,-0.51521,0.56769,-0.44853,0
0.46077,-0.51501,0.56737,-0.44782,0
0.46358,-0.51517,0.56578,-0.44676,0
0.4669,-0.51551,0.56351,-0.44577,0
0.46992,-0.51647,0.56119,-0.44441,0
0.47265,-0.51825,0.55881,-0.44244,0
0.47504,-0.52029,0.55652,-0.44037,0
0.47704,-0.52208,0.55451,-0.43862,0
0.47912,-0.52396,0.55235,-0.43683,0
0.4815,-0.52611,0.54975,-0.43491,0
0.48388,-0.52822,0.54699,-0.43318,0
0.48581,-0.53007,0.54457,-0.43181,0
0.48757,-0.53192,0.54233,-0.43036,0
0.48946,-0.53377,0.54012,-0.4287,0
0.49109,-0.53529,0.53832,-0.42721,0
0.49221,-0.53636,0.53709,-0.42613,0
0.49309,-0.53706,0.53618,-0.42537,0
0.4939,-0.53739,0.53549,-0.42488,0
0.49454,-0.53743,0.53509,-0.42459,0
0.49487,-0.53718,0.53503,-0.4246,0
0.49479,-0.53674,0.53531,-0.42491,0
0.49456,-0.53627,0.53569,-0.42528,0
0.49451,-0.53594,0.53589,-0.4255,0
0.49459,-0.53564,0.53598,-0.42569,0
0.49463,-0.53532,0.53609,-0.42588,0
0.49475,-0.53521,0.53613,-0.42584,0
0.49479,-0.53505,0.53627,-0.42582,0
0.49446,-0.53456,0.53685,-0.42608,0
0.49398,-0.53388,0.53762,-0.42652,0
0.49357,-0.53303,0.53833,-0.42716,0
0.49309,-0.53216,0.53906,-0.42788,0
0.49235,-0.53134,0.53995,-0.42863,0
0.49118,-0.53052,0.54113,-0.4295,0
0.48965,-0.52959,0.54257,-0.43058,0
0.48818,-0.52875,0.54391,-0.43158,0
0.48722,-0.52803,0.54484,-0.43239,0
0.48672,-0.52729,0.54541,-0.43312,0
0.48634,-0.52672,0.54584,-0.43372,0
0.4857,-0.5263,0.54636,-0.43427,0
0.48477,-0.52579,0.54703,-0.43509,0
0.48353,-0.52482,0.54788,-0.43656,0
0.48197,-0.52314,0.549,-0.4389,0
0.48026,-0.52064,0.55028,-0.44213,0
0.47849,-0.51758,0.55156,-0.44603,0
0.47691,-0.51438,0.55247,-0.45027,0
0.47557,-0.51119,0.55297,-0.4547,0
0.47472,-0.50837,0.55294,-0.45876,0
0.47463,-0.50626,0.55217,-0.4621,0
0.47439,-0.50431,0.55144,-0.46533,0
0.47291,-0.50166,0.55165,-0.46945,0
0.46962,-0.49787,0.55327,-0.47485,0
0.46525,-0.49299,0.5557,-0.48135,0
0.46217,-0.48876,0.55687,-0.48725,0
0.46168,-0.48652,0.55547,-0.49152,0
0.46154,-0.48569,0.55373,-0.49444,0
0.46015,-0.48488,0.55333,-0.49697,0
0.45814,-0.48363,0.5538,-0.49952,0
0.45607,-0.48188,0.55462,-0.50218,0
0.45399,-0.47966,0.55572,-0.50497,0
0.452,-0.47692,0.55695,-0.50799,0
0.45023,-0.47381,0.5582,-0.51109,0
0.44875,-0.47067,0.55939,-0.51398,0
0.44726,-0.46774,0.56062,-0.51661,0
0.44485,-0.46477,0.56252,-0.5193,0
0.44157,-0.46171,0.56501,-0.52211,0
0.43875,-0.45895,0.56707,-0.52468,0
0.43694,-0.45665,0.56829,-0.52688,0
0.4357,-0.45475,0.56903,-0.52874,0
0.43436,-0.45327,0.56988,-0.5302,0
0.4333,-0.4522,0.57052,-0.5313,0
0.43267,-0.4515,0.57078,-0.53212,0
0.43207,-0.45096,0.57101,-0.53283,0
0.43122,-0.45042,0.57146,-0.53348,0
0.4301,-0.44988,0.57216,-0.53408,0
0.42904,-0.44949,0.57285,-0.53453,0
0.42825,-0.44921,0.57332,-0.5349,0
0.42748,-0.44885,0.57381,-0.53529,0
0.42658,-0.44827,0.57448,-0.53577,0
0.4255,-0.44744,0.57537,-0.53637,0
0.42414,-0.44639,0.57653,-0.53708,0
0.42246,-0.44515,0.578,-0.53785,0
0.42083,-0.44395,0.57949,-0.53851,0
0.41947,-0.443,0.58078,-0.53897,0
0.41802,-0.44214,0.58211,-0.53937,0
0.41653,-0.44096,0.58337,-0.54013,0
0.41533,-0.4394,0.58428,-0.54134,0
0.41427,-0.4378,0.58503,-0.54263,0
0.41322,-0.4364,0.58576,-0.54377,0
0.41216,-0.4352,0.58648,-0.54476,0
0.41105,-0.43413,0.58728,-0.54558,0
0.40984,-0.43316,0.58823,-0.54625,0
0.40864,-0.43227,0.58923,-0.54678,0
0.40759,-0.43156,0.59016,-0.54711,0
0.40661,-0.43093,0.59108,-0.54734,0
0.40568,-0.43026,0.59204,-0.54754,0
0.40476,-0.42961,0.59306,-0.54761,0
0.40369,-0.42906,0.59429,-0.5475,0
0.40251,-0.4286,0.59564,-0.54727,0
0.40158,-0.42828,0.59676,-0.54698,0
0.4008,-0.42803,0.59776,-0.54665,0
0.3998,-0.42774,0.59894,-0.54632,0
0.39853,-0.42748,0.60037,-0.54588,0
0.39703,-0.42726,0.60203,-0.54532,0
0.39535,-0.42706,0.60381,-0.54473,0
0.39393,-0.42714,0.6054,-0.54392,0
0.393,-0.42766,0.60659,-0.54286,0
0.39233,-0.42829,0.60752,-0.54181,0
0.39155,-0.42879,0.60856,-0.54081,0
0.39058,-0.4293,0.60981,-0.53971,0
0.38948,-0.42988,0.61114,-0.53853,0
0.38856,-0.43061,0.61235,-0.53724,0
0.38792,-0.43167,0.61346,-0.53558,0
0.38764,-0.43335,0.61447,-0.53326,0
0.38795,-0.43602,0.61521,-0.53,0
0.38882,-0.43971,0.61559,-0.52585,0
0.3897,-0.44406,0.61586,-0.5212,0
0.39015,-0.44832,0.61633,-0.51664,0
0.39026,-0.45219,0.61696,-0.51242,0
0.39042,-0.45609,0.61751,-0.50816,0
0.3914,-0.46095,0.61736,-0.50319,0
0.39347,-0.46708,0.6162,-0.49731,0
0.39626,-0.4741,0.61441,-0.49062,0
0.39916,-0.48124,0.61256,-0.48358,0
0.40189,-0.48792,0.61077,-0.47684,0
0.40457,-0.49436,0.60885,-0.47035,0
0.40731,-0.50064,0.60678,-0.46398,0
0.41018,-0.50679,0.60454,-0.45766,0
0.4132,-0.51282,0.60211,-0.45139,0
0.41611,-0.51839,0.5997,-0.44552,0
0.41849,-0.52312,0.59764,-0.44049,0
0.42034,-0.527,0.59599,-0.43632,0
0.42187,-0.53005,0.5946,-0.43305,0
0.42324,-0.53235,0.59334,-0.43061,0
0.42468,-0.53425,0.592,-0.42867,0
0.42627,-0.53588,0.59055,-0.42705,0
0.42812,-0.5374,0.58894,-0.42551,0
0.43032,-0.53891,0.58713,-0.42388,0
0.43282,-0.5404,0.5851,-0.42224,0
0.43561,-0.54188,0.5828,-0.42066,0
0.43853,-0.54335,0.5803,-0.41918,0
0.44141,-0.54476,0.5777,-0.41792,0
0.44422,-0.54616,0.57503,-0.4168,0
0.44706,-0.54757,0.57227,-0.4157,0
0.44992,-0.54896,0.56946,-0.41465,0
0.45278,-0.55025,0.56662,-0.4137,0
0.45572,-0.55147,0.56368,-0.41286,0
0.45874,-0.55258,0.56064,-0.41219,0
0.46181,-0.55351,0.5575,-0.41177,0
0.46504,-0.55453,0.5542,-0.41121,0
0.46851,-0.55585,0.55064,-0.41027,0
0.47198,-0.55722,0.54701,-0.40929,0
0.4753,-0.55863,0.54347,-0.40824,0
0.47848,-0.56008,0.53999,-0.40716,0
0.48163,-0.56163,0.53643,-0.40601,0
0.48465,-0.56322,0.53286,-0.40492,0
0.48758,-0.5649,0.52927,-0.40377,0
0.49041,-0.56662,0.52573,-0.40255,0
0.49296,-0.56832,0.52243,-0.40133,0
0.49531,-0.57018,0.51926,-0.39993,0
0.49789,-0.57236,0.51575,-0.39814,0
0.50054,-0.57478,0.51206,-0.39608,0
0.50282,-0.57716,0.50866,-0.39412,0
0.50482,-0.57952,0.50545,-0.39221,0
0.50681,-0.58192,0.50223,-0.39024,0
0.50889,-0.58438,0.49896,-0.38804,0
0.51112,-0.58693,0.49556,-0.3856,0
0.51347,-0.5896,0.49202,-0.38293,0
0.51593,-0.5925,0.48827,-0.37994,0
0.51816,-0.59544,0.48462,-0.37697,0
0.52007,-0.59837,0.48118,-0.37408,0
0.52202,-0.60135,0.47765,-0.37111,0
0.52409,-0.60427,0.47401,-0.36811,0
0.52621,-0.6072,0.47027,-0.36504,0
0.52842,-0.61037,0.46629,-0.36165,0
0.53053,-0.61359,0.46224,-0.35829,0
0.53242,-0.61686,0.45824,-0.35501,0
0.53407,-0.62022,0.45434,-0.35169,0
0.53569,-0.62351,0.45041,-0.34844,0
0.5372,-0.62688,0.44644,-0.34515,0
0.53823,-0.63028,0.44281,-0.34203,0
0.53863,-0.63336,0.43977,-0.3396,0
0.53822,-0.63595,0.43765,-0.33815,0
0.53662,-0.63776,0.43704,-0.33807,0
0.53364,-0.63851,0.43834,-0.3397,0
0.53029,-0.63837,0.44046,-0.34245,0
0.5273,-0.63829,0.44217,-0.345,0
0.52412,-0.63823,0.44407,-0.34749,0
0.52054,-0.63775,0.44661,-0.3505,0
0.5164,-0.63658,0.44981,-0.35465,0
0.51143,-0.63454,0.45373,-0.36046,0
0.50556,-0.63164,0.45842,-0.36782,0
0.50035,-0.62888,0.46238,-0.37465,0
0.49682,-0.62763,0.46427,-0.37908,0
0.49476,-0.62834,0.46431,-0.38055,0
0.49399,-0.63068,0.46289,-0.37939,0
0.49388,-0.6341,0.46059,-0.37664,0
0.49362,-0.63706,0.45877,-0.3742,0
0.49303,-0.63898,0.45789,-0.37278,0
0.49218,-0.63982,0.45777,-0.3726,0
0.4908,-0.63977,0.45839,-0.37374,0
0.48926,-0.64,0.45892,-0.37473,0
0.48817,-0.64064,0.4588,-0.3752,0
0.48792,-0.64108,0.45814,-0.37558,0
0.48858,-0.6413,0.4571,-0.3756,0
0.48955,-0.64091,0.45644,-0.37581,0
0.49037,-0.63949,0.45664,-0.37691,0
0.49115,-0.63791,0.45715,-0.37797,0
0.49221,-0.63718,0.45707,-0.37791,0
0.4938,-0.63745,0.45596,-0.37672,0
0.496,-0.63821,0.45396,-0.37496,0
0.49863,-0.63916,0.45142,-0.37291,0
0.5017,-0.64042,0.44804,-0.37071,0
0.50522,-0.64241,0.44331,-0.36815,0
0.51008,-0.64456,0.43785,-0.36421,0
0.51629,-0.64568,0.43327,-0.35891,0
0.52276,-0.64464,0.43073,-0.35444,0
0.52856,-0.64204,0.42942,-0.35215,0
0.53339,-0.63904,0.4282,-0.35181,0
0.53746,-0.63614,0.42652,-0.35291,0
0.54076,-0.63313,0.42515,-0.35492,0
0.54318,-0.6299,0.42497,-0.35719,0
0.5447,-0.62713,0.4256,-0.35899,0
0.54564,-0.62529,0.42627,-0.35998,0
0.546,-0.62445,0.42675,-0.36032,0
0.546,-0.62438,0.42686,-0.3603,0
0.54583,-0.62517,0.42647,-0.35967,0
0.54489,-0.62729,0.42599,-0.35797,0
0.5424,-0.6294,0.42681,-0.35706,0
0.53922,-0.62911,0.42922,-0.35948,0
0.53673,-0.62905,0.43077,-0.36147,0
0.53505,-0.63102,0.43052,-0.36082,0
0.53375,-0.63252,0.43027,-0.36042,0
0.53368,-0.63232,0.43009,-0.36109,0
0.53518,-0.63115,0.42946,-0.36166,0
0.53732,-0.62977,0.42875,-0.36173,0
0.53945,-0.62876,0.4278,-0.36144,0
0.54107,-0.62803,0.42689,-0.36136,0
0.54227,-0.62702,0.42645,-0.36185,0
0.54364,-0.626,0.42601,-0.36207,0
0.54483,-0.62528,0.4256,-0.36202,0
0.54568,-0.62482,0.42519,-0.36199,0
0.54624,-0.62438,0.42466,-0.36255,0
0.54647,-0.62343,0.42472,-0.36375,0
0.54702,-0.62156,0.4258,-0.36487,0
0.54871,-0.61899,0.42701,-0.36529,0
0.55118,-0.6162,0.42769,-0.36549,0
0.55405,-0.61302,0.42808,-0.36603,0
0.55715,-0.60968,0.42823,-0.36675,0
0.56012,-0.60649,0.42815,-0.36759,0
0.56284,-0.60353,0.4276,-0.36895,0
0.56524,-0.60091,0.42625,-0.37112,0
0.56688,-0.59876,0.42465,-0.37391,0
0.56743,-0.59695,0.42377,-0.37694,0
0.5672,-0.59535,0.42365,-0.37995,0
0.5668,-0.59391,0.42377,-0.38267,0
0.56644,-0.59284,0.42397,-0.38463,0
0.56606,-0.59241,0.42417,-0.38562,0
0.56551,-0.59263,0.42448,-0.38575,0
0.56476,-0.59322,0.42504,-0.38533,0
0.56374,-0.59399,0.42595,-0.38462,0
0.56238,-0.5949,0.42711,-0.38393,0
0.56058,-0.59594,0.42847,-0.38343,0
0.55812,-0.59702,0.43023,-0.38336,0
0.55441,-0.59795,0.43301,-0.38417,0
0.54939,-0.59879,0.43697,-0.38558,0
0.54431,-0.60018,0.44075,-0.38633,0
0.54006,-0.60242,0.44336,-0.38582,0
0.53651,-0.60464,0.44536,-0.385,0
0.53273,-0.60666,0.44793,-0.38408,0
0.52941,-0.60962,0.44975,-0.38185,0
0.52826,-0.61251,0.449,-0.37971,0
0.52955,-0.6142,0.44678,-0.37779,0
0.53092,-0.61515,0.44559,-0.37572,0
0.53139,-0.61581,0.44476,-0.37495,0
0.53182,-0.61722,0.44296,-0.37416,0
0.53237,-0.61926,0.44038,-0.37305,0
0.53193,-0.62017,0.43914,-0.37361,0
0.53182,-0.62002,0.43907,-0.37412,0
0.53338,-0.62052,0.43787,-0.37246,0
0.53492,-0.62149,0.43603,-0.37079,0
0.53564,-0.62271,0.43378,-0.37036,0
0.53606,-0.6242,0.43108,-0.3704,0
0.53718,-0.62549,0.4284,-0.3697,0
0.53882,-0.62594,0.42683,-0.36836,0
0.54109,-0.62535,0.42641,-0.36653,0
0.54346,-0.62379,0.4269,-0.36511,0
0.54608,-0.62164,0.4274,-0.36427,0
0.54936,-0.61949,0.42704,-0.36342,0
0.55306,-0.61761,0.42571,-0.36258,0
0.55664,-0.61571,0.4239,-0.36244,0
0.55997,-0.61364,0.42185,-0.36321,0
0.56248,-0.61159,0.42028,-0.36463,0
0.56429,-0.60932,0.41955,-0.36644,0
0.56574,-0.60701,0.4196,-0.36798,0
0.56692,-0.60475,0.42028,-0.36911,0
0.56778,-0.60265,0.42131,-0.37005,0
0.56833,-0.60071,0.42258,-0.3709,0
0.56859,-0.59907,0.42402,-0.37152,0
0.56872,-0.59823,0.42519,-0.37134,0
0.56906,-0.59821,0.4257,-0.37027,0
0.56941,-0.59893,0.42562,-0.36865,0
0.56888,-0.59972,0.42618,-0.36755,0
0.56638,-0.59999,0.4288,-0.36791,0
0.56276,-0.59974,0.43267,-0.36935,0
0.55947,-0.59999,0.43576,-0.3703,0
0.55761,-0.6021,0.43631,-0.36902,0
0.55545,-0.60517,0.43676,-0.36672,0
0.55254,-0.60684,0.43922,-0.36542,0
0.55128,-0.60653,0.44151,-0.36509,0
0.55203,-0.60649,0.44197,-0.36346,0
0.55314,-0.60785,0.44127,-0.36032,0
0.5538,-0.60939,0.44015,-0.35808,0
0.55385,-0.61173,0.43826,-0.35632,0
0.5522,-0.61383,0.43729,-0.35647,0
0.54903,-0.61322,0.43907,-0.36021,0
0.54868,-0.61248,0.4392,-0.36184,0
0.55014,-0.61314,0.43748,-0.36059,0
0.55131,-0.61397,0.43535,-0.35996,0
0.55227,-0.61505,0.43239,-0.3602,0
0.55319,-0.61588,0.42934,-0.36103,0
0.55375,-0.61576,0.4277,-0.36231,0
0.55428,-0.61501,0.42736,-0.36318,0
0.55505,-0.61367,0.42777,-0.36377,0
0.55582,-0.61154,0.42908,-0.36465,0
0.55712,-0.60866,0.43049,-0.36582,0
0.55909,-0.60563,0.43123,-0.36698,0
0.56166,-0.6026,0.43101,-0.36831,0
0.5642,-0.59977,0.4302,-0.36998,0
0.56637,-0.5978,0.42879,-0.37149,0
0.56835,-0.59658,0.42666,-0.37287,0
0.56968,-0.59555,0.42485,-0.37455,0
0.5697,-0.59413,0.42492,-0.37669,0
0.56868,-0.59225,0.42694,-0.37889,0
0.56688,-0.59024,0.43021,-0.38104,0
0.56472,-0.58833,0.43372,-0.3832,0
0.56248,-0.58673,0.43703,-0.38518,0
0.56035,-0.58555,0.43986,-0.38687,0
0.55834,-0.58472,0.4422,-0.38835,0
0.55634,-0.58443,0.44411,-0.38947,0
0.55395,-0.58491,0.44592,-0.3901,0
0.55082,-0.58588,0.44812,-0.39056,0
0.5473,-0.58733,0.45049,-0.39059,0
0.54367,-0.59037,0.45243,-0.38884,0
0.5407,-0.5946,0.45314,-0.38569,0
0.53892,-0.59869,0.45266,-0.38241,0
0.5386,-0.60192,0.45156,-0.37907,0
0.54063,-0.60441,0.44936,-0.37482,0
0.54292,-0.607,0.44709,-0.36999,0
0.54086,-0.60768,0.44912,-0.36944,0
0.53637,-0.60548,0.45421,-0.37336,0
0.53624,-0.60476,0.45545,-0.3732,0
0.53858,-0.60601,0.45406,-0.36948,0
0.53954,-0.60669,0.45317,-0.36804,0
0.53885,-0.60681,0.45293,-0.36916,0
0.53762,-0.6072,0.45247,-0.37087,0
0.53651,-0.60781,0.45173,-0.37237,0
0.53531,-0.60773,0.45181,-0.37413,0
0.53438,-0.60676,0.4528,-0.37585,0
0.53429,-0.60534,0.454,-0.37681,0
0.53541,-0.60419,0.45446,-0.37651,0
0.53797,-0.60421,0.45291,-0.37469,0
0.54181,-0.60529,0.44912,-0.37195,0
0.54646,-0.60609,0.44426,-0.36969,0
0.55144,-0.6056,0.43965,-0.3686,0
0.55615,-0.60401,0.436,-0.36849,0
0.56005,-0.60213,0.43337,-0.36873,0
0.5633,-0.60059,0.43125,-0.36879,0
0.56557,-0.59926,0.42992,-0.36904,0
0.56586,-0.5979,0.43054,-0.37008,0
0.56448,-0.59653,0.43278,-0.37176,0
0.56235,-0.59547,0.43553,-0.3735,0
0.56021,-0.59515,0.43782,-0.37454,0
0.5585,-0.59558,0.43926,-0.37472,0
0.55692,-0.59676,0.44016,-0.37412,0
0.55533,-0.59884,0.44067,-0.37257,0
0.55465,-0.60202,0.43975,-0.36954,0
0.55495,-0.60577,0.43731,-0.36582,0
0.55489,-0.60836,0.43532,-0.364,0
0.55476,-0.61106,0.43314,-0.36228,0
0.55447,-0.61453,0.43066,-0.3598,0
0.55346,-0.61813,0.42905,-0.35709,0
0.55291,-0.62132,0.42801,-0.35363,0
0.55411,-0.62407,0.42613,-0.34916,0
0.55735,-0.62717,0.42144,-0.3441,0
0.55548,-0.62851,0.42132,-0.34483,0
0.54776,-0.62564,0.42894,-0.3529,0
0.5456,-0.62517,0.43102,-0.35454,0
0.54619,-0.62662,0.43005,-0.35224,0
0.54506,-0.62725,0.4307,-0.35209,0
0.54244,-0.62693,0.43295,-0.35392,0
0.54154,-0.62617,0.43484,-0.35433,0
0.54242,-0.62544,0.43571,-0.35321,0
0.54387,-0.62518,0.43517,-0.35212,0
0.54637,-0.62602,0.43213,-0.35049,0
0.55209,-0.62862,0.42528,-0.34522,0
0.55943,-0.6316,0.41727,-0.33764,0
0.56507,-0.63265,0.41242,-0.33219,0
0.56794,-0.63151,0.41141,-0.33075,0
0.56962,-0.63009,0.41098,-0.33109,0
0.57232,-0.62987,0.40797,-0.33057,0
0.57597,-0.63074,0.40284,-0.32885,0
0.57909,-0.63113,0.39882,-0.32753,0
0.58134,-0.6307,0.39663,-0.32702,0
0.5835,-0.6306,0.39402,-0.32652,0
0.58547,-0.63106,0.3904,-0.32647,0
0.58658,-0.63178,0.38656,-0.32764,0
0.58739,-0.63287,0.38254,-0.32881,0
0.58865,-0.63497,0.3779,-0.32787,0
0.59016,-0.63714,0.37374,-0.32572,0
0.58875,-0.63738,0.37479,-0.32657,0
0.58434,-0.63658,0.37993,-0.33011,0
0.58046,-0.63791,0.38226,-0.33168,0
0.57948,-0.64055,0.37942,-0.33157,0
0.57957,-0.64238,0.37553,-0.33229,0
0.57768,-0.6414,0.37664,-0.33621,0
0.5728,-0.63782,0.38388,-0.3431,0
0.56814,-0.63497,0.39027,-0.34887,0
0.56501,-0.63312,0.39443,-0.35263,0
0.56275,-0.63072,0.3992,-0.35516,0
0.56051,-0.62799,0.40514,-0.35683,0
0.55864,-0.62555,0.4107,-0.35767,0
0.5579,-0.62357,0.41516,-0.35713,0
0.55744,-0.62193,0.41935,-0.35583,0
0.55627,-0.62087,0.42341,-0.35469,0
0.5542,-0.62012,0.42762,-0.3542,0
0.55106,-0.61919,0.43262,-0.35465,0
0.54751,-0.61806,0.43817,-0.3553,0
0.54372,-0.6174,0.44386,-0.35521,0
0.54086,-0.61795,0.44793,-0.35352,0
0.53865,-0.61944,0.45041,-0.35112,0
0.53558,-0.62015,0.45415,-0.34975,0
0.53237,-0.6201,0.45864,-0.34887,0
0.53053,-0.6204,0.46179,-0.34698,0
0.53046,-0.62165,0.46283,-0.34343,0
0.5306,-0.62341,0.46306,-0.3397,0
0.53017,-0.62545,0.46316,-0.33648,0
0.52887,-0.62741,0.4638,-0.33398,0
0.52754,-0.62931,0.46459,-0.33141,0
0.5262,-0.63098,0.46564,-0.32888,0
0.52437,-0.63224,0.46746,-0.32679,0
0.52257,-0.63329,0.4694,-0.32486,0
0.52161,-0.63531,0.46994,-0.32167,0
0.52178,-0.63868,0.4683,-0.31706,0
0.52153,-0.64238,0.4664,-0.31276,0
0.51972,-0.64506,0.46605,-0.31079,0
0.51594,-0.64631,0.46801,-0.31152,0
0.51158,-0.64639,0.47118,-0.31376,0
0.50799,-0.64628,0.47398,-0.31562,0
0.50627,-0.64714,0.47493,-0.31518,0
0.50576,-0.64822,0.47494,-0.31377,0
0.5063,-0.64884,0.47453,-0.31224,0
0.50799,-0.64881,0.47385,-0.31059,0
0.50963,-0.64857,0.47345,-0.30901,0
0.51089,-0.64861,0.4726,-0.30813,0
0.51195,-0.64879,0.47113,-0.30824,0
0.513,-0.64872,0.46974,-0.30876,0
0.51385,-0.64844,0.46875,-0.30945,0
0.51444,-0.64817,0.46771,-0.3106,0
0.51492,-0.64799,0.46644,-0.3121,0
0.51543,-0.64792,0.46506,-0.31346,0
0.51596,-0.6481,0.4635,-0.31452,0
0.5164,-0.64863,0.46174,-0.31529,0
0.51678,-0.6493,0.46009,-0.3157,0
0.51726,-0.64972,0.45898,-0.31566,0
0.51787,-0.64972,0.45856,-0.31527,0
0.51846,-0.64939,0.45866,-0.31483,0
0.51913,-0.64868,0.45909,-0.31458,0
0.51959,-0.64719,0.4602,-0.31527,0
0.5198,-0.64472,0.46203,-0.31728,0
0.52038,-0.642,0.46352,-0.31968,0
0.52178,-0.63997,0.46362,-0.32131,0
0.52366,-0.6386,0.46271,-0.32228,0
0.52539,-0.63744,0.4617,-0.32322,0
0.52684,-0.63648,0.46075,-0.32411,0
0.52791,-0.63576,0.46001,-0.32483,0
0.52829,-0.63514,0.45996,-0.32549,0
0.52791,-0.63439,0.46085,-0.3263,0
0.52655,-0.63342,0.46273,-0.32773,0
0.52423,-0.63246,0.46522,-0.32977,0
0.52169,-0.63217,0.46729,-0.33141,0
0.51943,-0.63288,0.46839,-0.33206,0
0.51648,-0.63357,0.46987,-0.33327,0
0.51202,-0.63275,0.47333,-0.3368,0
0.50737,-0.63088,0.47747,-0.34145,0
0.50397,-0.62991,0.48004,-0.34466,0
0.50244,-0.63095,0.48004,-0.34499,0
0.50221,-0.63287,0.47865,-0.34374,0
0.50156,-0.6334,0.4786,-0.34377,0
0.50058,-0.63184,0.48001,-0.3461,0
0.49972,-0.62923,0.48163,-0.34983,0
0.5,-0.62787,0.48182,-0.35162,0
0.50283,-0.62834,0.47908,-0.35047,0
0.5066,-0.62924,0.47542,-0.34841,0
0.50952,-0.62964,0.47237,-0.34757,0
0.51153,-0.6299,0.4696,-0.3479,0
0.51356,-0.63042,0.46648,-0.34817,0
0.5153,-0.63121,0.46321,-0.34854,0
0.51665,-0.63252,0.45966,-0.34885,0
0.51794,-0.63447,0.4556,-0.34873,0
0.51899,-0.63621,0.45188,-0.34883,0
0.5198,-0.63715,0.44927,-0.34928,0
0.52112,-0.63765,0.44725,-0.349,0
0.52336,-0.63807,0.44515,-0.34757,0
0.52596,-0.63807,0.44341,-0.34587,0
0.52843,-0.6372,0.44248,-0.3449,0
0.53049,-0.63556,0.4424,-0.34485,0
0.53274,-0.63372,0.44221,-0.34502,0
0.53611,-0.63219,0.44065,-0.3446,0
0.5404,-0.6312,0.43775,-0.34342,0
0.54444,-0.63053,0.43478,-0.34202,0
0.54737,-0.62962,0.43307,-0.34118,0
0.54893,-0.62841,0.43298,-0.34104,0
0.54996,-0.62753,0.43315,-0.3408,0
0.55107,-0.62713,0.43272,-0.34027,0
0.55218,-0.62695,0.43201,-0.33969,0
0.55341,-0.62716,0.43097,-0.33863,0
0.55536,-0.62837,0.42866,-0.33613,0
0.55758,-0.63074,0.42531,-0.33224,0
0.55893,-0.6335,0.42256,-0.32821,0
0.55869,-0.63599,0.42154,-0.32508,0
0.55546,-0.63673,0.42431,-0.32557,0
0.54761,-0.63449,0.4328,-0.33201,0
0.53824,-0.63154,0.44269,-0.33982,0
0.53076,-0.62924,0.44986,-0.34638,0
0.52361,-0.62951,0.45482,-0.35027,0
0.51652,-0.63224,0.45833,-0.3513,0
0.51003,-0.63369,0.46191,-0.35348,0
0.50364,-0.63345,0.46594,-0.35775,0
0.49708,-0.63156,0.47028,-0.36453,0
0.49163,-0.62852,0.47436,-0.3718,0
0.48684,-0.6251,0.47919,-0.37764,0
0.48342,-0.62102,0.48394,-0.38268,0
0.48087,-0.61631,0.48839,-0.38781,0
0.47767,-0.61165,0.4938,-0.39226,0
0.47525,-0.60539,0.49955,-0.39761,0
0.47164,-0.59837,0.50637,-0.40384,0
0.46567,-0.59112,0.51429,-0.41138,0
0.45903,-0.58379,0.52218,-0.41929,0
0.45196,-0.57614,0.53046,-0.42709,0
0.44558,-0.5676,0.53856,-0.43502,0
0.44019,-0.55843,0.54623,-0.44274,0
0.43586,-0.54842,0.55352,-0.45041,0
0.43205,-0.53768,0.56063,-0.45818,0
0.42859,-0.52663,0.567,-0.46634,0
0.4249,-0.51495,0.57249,-0.47596,0
0.41883,-0.50213,0.57839,-0.48776,0
0.40971,-0.48922,0.58478,-0.50084,0
0.40621,-0.47851,0.58303,-0.51585,0
0.40218,-0.47206,0.57932,-0.52896,0
0.40019,-0.47617,0.57457,-0.53196,0
0.40376,-0.48579,0.56556,-0.53021,0
0.40684,-0.49361,0.55988,-0.52664,0
0.40726,-0.49923,0.5599,-0.52099,0
0.40779,-0.50657,0.55995,-0.51337,0
0.41193,-0.51429,0.55883,-0.50351,0
0.4221,-0.5214,0.55645,-0.49024,0
0.4338,-0.52822,0.55121,-0.47851,0
0.44382,-0.5347,0.54382,-0.4705,0
0.45168,-0.53993,0.53668,-0.46523,0
0.45824,-0.54373,0.53057,-0.46138,0
0.46542,-0.54632,0.52454,-0.45801,0
0.47317,-0.54862,0.51899,-0.45363,0
0.48217,-0.55108,0.51356,-0.4473,0
0.49238,-0.55188,0.50833,-0.44112,0
0.50058,-0.55077,0.50542,-0.4366,0
0.50844,-0.54996,0.50189,-0.4326,0
0.51597,-0.55042,0.49645,-0.42936,0
0.51962,-0.55282,0.49242,-0.4265,0
0.52141,-0.558,0.48858,-0.42197,0
0.5244,-0.56369,0.48365,-0.41634,0
0.52401,-0.56772,0.48356,-0.41143,0
0.52098,-0.57164,0.48646,-0.40639,0
0.51766,-0.57825,0.48738,-0.40015,0
0.51233,-0.58653,0.48765,-0.39458,0
0.50763,-0.59531,0.48646,-0.38894,0
0.50539,-0.60462,0.48343,-0.3812,0
0.50338,-0.61376,0.48154,-0.37153,0
0.50219,-0.62124,0.48035,-0.36212,0
0.50217,-0.62615,0.4799,-0.3542,0
0.50319,-0.62794,0.48081,-0.34829,0
0.50813,-0.62945,0.47882,-0.34108,0
0.51644,-0.63135,0.47359,-0.33226,0
0.52395,-0.63108,0.47008,-0.32594,0
0.53138,-0.63111,0.4654,-0.32052,0
0.53901,-0.63342,0.45682,-0.31554,0
0.5497,-0.63702,0.44277,-0.30981,0
0.56278,-0.63971,0.42744,-0.30224,0
0.55007,-0.64164,0.44054,-0.30273,0
0.52747,-0.64087,0.46419,-0.30919,0
0.52175,-0.64085,0.46706,-0.31456,0
0.52332,-0.64261,0.45961,-0.3193,0
0.52189,-0.64423,0.45633,-0.32303,0
0.51803,-0.64566,0.45752,-0.32472,0
0.51264,-0.64791,0.45944,-0.32609,0
0.50562,-0.65123,0.46113,-0.32804,0
0.50069,-0.65455,0.46161,-0.32833,0
0.49888,-0.65698,0.46115,-0.32686,0
0.49667,-0.65808,0.46148,-0.32755,0
0.49314,-0.65848,0.46263,-0.33044,0
0.48936,-0.65814,0.46439,-0.33426,0
0.48657,-0.65705,0.46661,-0.33737,0
0.48526,-0.65676,0.46845,-0.33726,0
0.48449,-0.65757,0.4698,-0.33491,0
0.4827,-0.65818,0.4718,-0.33348,0
0.47971,-0.65807,0.47493,-0.33357,0
0.47685,-0.65749,0.47822,-0.33411,0
0.47473,-0.65716,0.4806,-0.33436,0
0.47285,-0.65705,0.48214,-0.33502,0
0.47043,-0.65588,0.48405,-0.33795,0
0.46733,-0.65347,0.48677,-0.34299,0
0.46348,-0.65089,0.49003,-0.34843,0
0.45945,-0.64937,0.49313,-0.3522,0
0.45681,-0.6495,0.49501,-0.35277,0
0.45484,-0.6498,0.49689,-0.35211,0
0.45264,-0.64932,0.49957,-0.35204,0
0.45029,-0.64839,0.50251,-0.35259,0
0.44806,-0.64715,0.50524,-0.35379,0
0.44581,-0.64557,0.508,-0.35556,0
0.44344,-0.64382,0.51091,-0.35753,0
0.44118,-0.64261,0.51343,-0.35889,0
0.4397,-0.64231,0.51503,-0.35895,0
0.43908,-0.64249,0.51618,-0.35774,0
0.43892,-0.64263,0.51758,-0.35565,0
0.43874,-0.6426,0.51935,-0.35333,0
0.43784,-0.64227,0.52166,-0.35166,0
0.43613,-0.64165,0.52442,-0.35081,0
0.43414,-0.64106,0.52726,-0.3501,0
0.43248,-0.64095,0.52985,-0.34842,0
0.43107,-0.64109,0.5324,-0.34602,0
0.42985,-0.64124,0.5349,-0.34338,0
0.42933,-0.64177,0.53689,-0.33993,0
0.42901,-0.64198,0.53882,-0.33688,0
0.42909,-0.64167,0.5406,-0.3345,0
0.43095,-0.64187,0.54107,-0.33095,0
0.43419,-0.643,0.54041,-0.32555,0
0.43781,-0.64474,0.53938,-0.31892,0
0.44023,-0.64557,0.53939,-0.31385,0
0.44206,-0.64546,0.54006,-0.31032,0
0.44541,-0.64585,0.53955,-0.30558,0
0.44844,-0.64582,0.53921,-0.30179,0
0.45136,-0.64566,0.53898,-0.29816,0
0.45415,-0.6453,0.53901,-0.29463,0
0.4553,-0.64447,0.53996,-0.2929,0
0.45597,-0.64388,0.54057,-0.29205,0
0.45663,-0.6432,0.5409,-0.29193,0
0.45734,-0.64252,0.54098,-0.29215,0
0.45858,-0.64204,0.54049,-0.29216,0
0.46002,-0.64149,0.53981,-0.29237,0
0.46158,-0.64071,0.53909,-0.29294,0
0.46319,-0.63977,0.53836,-0.29381,0
0.4649,-0.63881,0.53745,-0.29484,0
0.46701,-0.63802,0.53608,-0.29573,0
0.46928,-0.63705,0.53465,-0.2968,0
0.47179,-0.63591,0.53323,-0.29782,0
0.47484,-0.63483,0.53147,-0.29843,0
0.47799,-0.63366,0.52961,-0.29918,0
0.48167,-0.63276,0.52706,-0.2997,0
0.48583,-0.63239,0.52374,-0.29959,0
0.4896,-0.63204,0.52049,-0.29985,0
0.49306,-0.63155,0.51735,-0.30065,0
0.49652,-0.6312,0.514,-0.30142,0
0.49995,-0.63111,0.51046,-0.30197,0
0.50308,-0.631,0.50713,-0.3026,0
0.50586,-0.63065,0.50429,-0.30344,0
0.50829,-0.63004,0.50195,-0.30453,0
0.51031,-0.629,0.50019,-0.30619,0
0.51139,-0.6274,0.49935,-0.30903,0
0.51112,-0.62451,0.5003,-0.31375,0
0.51013,-0.62033,0.50272,-0.31975,0
0.50935,-0.61561,0.50542,-0.32579,0
0.5097,-0.61114,0.50721,-0.33083,0
0.51166,-0.60749,0.50733,-0.33433,0
0.51444,-0.60444,0.5064,-0.33699,0
0.51603,-0.60079,0.50656,-0.34082,0
0.51561,-0.59546,0.5089,-0.34726,0
0.51392,-0.58906,0.51245,-0.35539,0
0.51156,-0.58243,0.51631,-0.364,0
0.50943,-0.57589,0.5196,-0.37262,0
0.50708,-0.56917,0.52264,-0.38178,0
0.50333,-0.56219,0.52635,-0.39187,0
0.49895,-0.55559,0.52989,-0.40198,0
0.49542,-0.54994,0.53217,-0.411,0
0.49359,-0.54509,0.53311,-0.41838,0
0.49254,-0.5403,0.53399,-0.42465,0
0.49064,-0.53453,0.53625,-0.43125,0
0.48758,-0.528,0.53987,-0.4382,0
0.48348,-0.52105,0.54419,-0.44565,0
0.47736,-0.51309,0.54976,-0.45456,0
0.47017,-0.50439,0.55567,-0.4645,0
0.46098,-0.49395,0.56293,-0.47605,0
0.45596,-0.48428,0.56711,-0.48576,0
0.46172,-0.48409,0.5647,-0.48331,0
0.46509,-0.48302,0.56295,-0.48319,0
0.45536,-0.47145,0.56984,-0.49564,0
0.4453,-0.45738,0.57837,-0.50794,0
0.44214,-0.44715,0.58296,-0.51451,0
0.44163,-0.43903,0.58533,-0.51924,0
0.43968,-0.43171,0.5879,-0.5241,0
0.43675,-0.42595,0.59063,-0.52818,0
0.4327,-0.42032,0.59352,-0.53276,0
0.42633,-0.41305,0.59708,-0.53957,0
0.42014,-0.40588,0.60002,-0.54655,0
0.41663,-0.40098,0.60101,-0.55174,0
0.41499,-0.39837,0.60056,-0.55534,0
0.41356,-0.39712,0.59969,-0.55825,0
0.41203,-0.39652,0.59879,-0.56077,0
0.41056,-0.39585,0.59822,-0.56291,0
0.40946,-0.39469,0.59826,-0.56449,0
0.40901,-0.39334,0.59869,-0.56531,0
0.40937,-0.39274,0.59889,-0.56524,0
0.41068,-0.39361,0.59851,-0.56409,0
0.41207,-0.39494,0.59824,-0.56243,0
0.4123,-0.3953,0.59914,-0.56105,0
0.412,-0.39568,0.60073,-0.55929,0
0.41481,-0.40047,0.60018,-0.55438,0
0.41703,-0.40661,0.59976,-0.54867,0
0.40831,-0.40431,0.60575,-0.55035,0
0.39608,-0.39551,0.61336,-0.55722,0
0.39447,-0.39238,0.6168,-0.55677,0
0.39416,-0.39186,0.61963,-0.55421,0
0.39424,-0.39233,0.6197,-0.55374,0
0.39456,-0.39336,0.61884,-0.55374,0
0.39303,-0.39225,0.61949,-0.55489,0
0.39031,-0.38939,0.62084,-0.5573,0
0.38714,-0.38621,0.62205,-0.56037,0
0.38396,-0.38308,0.62278,-0.56389,0
0.38212,-0.38059,0.62234,-0.5673,0
0.3814,-0.37864,0.62112,-0.57042,0
0.37991,-0.37593,0.62035,-0.57403,0
0.37699,-0.37183,0.62068,-0.57826,0
0.37356,-0.36719,0.62175,-0.58228,0
0.37051,-0.3631,0.62295,-0.5855,0
0.36839,-0.36022,0.62358,-0.58794,0
0.36706,-0.35851,0.62351,-0.58989,0
0.36603,-0.35763,0.62312,-0.59148,0
0.36462,-0.35673,0.62294,-0.59308,0
0.36268,-0.35487,0.62317,-0.59513,0
0.36104,-0.35253,0.62342,-0.59726,0
0.36,-0.35043,0.62354,-0.599,0
0.35922,-0.34864,0.6236,-0.60044,0
0.35875,-0.34721,0.62347,-0.60168,0
0.35861,-0.34626,0.62315,-0.60265,0
0.35862,-0.34549,0.6228,-0.60345,0
0.35877,-0.34467,0.62248,-0.60416,0
0.3594,-0.34409,0.62201,-0.60459,0
0.36071,-0.34408,0.62121,-0.60465,0
0.36246,-0.34452,0.62016,-0.60443,0
0.36432,-0.34505,0.61905,-0.60414,0
0.36617,-0.34553,0.61806,-0.60376,0
0.36793,-0.34591,0.61721,-0.60335,0
0.36954,-0.34616,0.61638,-0.60307,0
0.37103,-0.34628,0.61549,-0.60299,0
0.37245,-0.34643,0.61454,-0.603,0
0.37386,-0.34682,0.61367,-0.60278,0
0.37525,-0.34732,0.61296,-0.60236,0
0.37667,-0.34779,0.61229,-0.60189,0
0.37808,-0.34818,0.61159,-0.60149,0
0.3794,-0.34848,0.6109,-0.60118,0
0.38049,-0.34875,0.61037,-0.60087,0
0.38125,-0.34893,0.61017,-0.60049,0
0.38175,-0.34902,0.61024,-0.60005,0
0.3822,-0.34913,0.61036,-0.59958,0
0.3828,-0.34953,0.6103,-0.59902,0
0.38354,-0.35047,0.6101,-0.5982,0
0.38396,-0.35181,0.61023,-0.59701,0
0.3839,-0.35312,0.61074,-0.59576,0
0.3839,-0.35416,0.61115,-0.59472,0
0.38431,-0.35497,0.61117,-0.59395,0
0.38498,-0.35558,0.61093,-0.59339,0
0.38572,-0.35616,0.61069,-0.59282,0
0.38638,-0.35684,0.61063,-0.59203,0
0.38681,-0.35759,0.6109,-0.59103,0
0.38703,-0.35825,0.61135,-0.59002,0
0.38722,-0.35869,0.61177,-0.58918,0
0.38751,-0.35895,0.6121,-0.58849,0
0.38784,-0.35913,0.6124,-0.58785,0
0.38823,-0.35938,0.61271,-0.58712,0
0.38874,-0.35981,0.61297,-0.58625,0
0.38932,-0.36031,0.61308,-0.58543,0
0.38988,-0.36075,0.61308,-0.58479,0
0.39042,-0.36111,0.61305,-0.58425,0
0.39094,-0.36137,0.61305,-0.58374,0
0.39137,-0.36154,0.61315,-0.58324,0
0.39175,-0.36182,0.61335,-0.58259,0
0.39233,-0.36239,0.61339,-0.58181,0
0.39311,-0.36314,0.61321,-0.58101,0
0.39381,-0.36388,0.613,-0.58029,0
0.39416,-0.36442,0.61302,-0.5797,0
0.39449,-0.36492,0.61309,-0.57908,0
0.39498,-0.36549,0.61305,-0.57843,0
0.39556,-0.36602,0.6129,-0.57784,0
0.3961,-0.36652,0.61274,-0.57733,0
0.3964,-0.36692,0.61272,-0.5769,0
0.39638,-0.36725,0.61296,-0.57644,0
0.39634,-0.36758,0.61329,-0.57592,0
0.39652,-0.36796,0.61346,-0.57537,0
0.39692,-0.36835,0.61342,-0.57488,0
0.3973,-0.36862,0.61331,-0.57457,0
0.39758,-0.36875,0.61322,-0.57438,0
0.39776,-0.36877,0.61321,-0.57425,0
0.39796,-0.3688,0.6132,-0.57411,0
0.39834,-0.36903,0.61307,-0.57384,0
0.39896,-0.36955,0.61277,-0.57338,0
0.39973,-0.37018,0.61237,-0.57288,0
0.40055,-0.37074,0.61191,-0.57243,0
0.40142,-0.3713,0.61142,-0.57198,0
0.40233,-0.3719,0.61089,-0.57152,0
0.4032,-0.37247,0.61035,-0.57111,0
0.40394,-0.37298,0.60993,-0.57071,0
0.40443,-0.37343,0.60982,-0.57018,0
0.40481,-0.37395,0.60995,-0.56943,0
0.4053,-0.37459,0.61003,-0.56858,0
0.40586,-0.37525,0.60994,-0.56784,0
0.4064,-0.37584,0.60976,-0.56725,0
0.40694,-0.37633,0.60955,-0.56677,0
0.40757,-0.37681,0.60926,-0.56631,0
0.40823,-0.37735,0.60893,-0.56583,0
0.4088,-0.37784,0.60863,-0.5654,0
0.40934,-0.37832,0.60834,-0.56501,0
0.41006,-0.37897,0.60794,-0.56448,0
0.41097,-0.37982,0.60739,-0.56384,0
0.41194,-0.38069,0.60676,-0.56323,0
0.41283,-0.38144,0.60619,-0.56268,0
0.41365,-0.38209,0.60571,-0.56216,0
0.41437,-0.38263,0.60533,-0.56167,0
0.41485,-0.38299,0.60512,-0.56129,0
0.41512,-0.38316,0.60506,-0.56104,0
0.4153,-0.38319,0.60504,-0.56091,0
0.41545,-0.38313,0.60501,-0.56087,0
0.41552,-0.38296,0.60501,-0.56094,0
0.41546,-0.38268,0.60509,-0.56108,0
0.41538,-0.38243,0.6052,-0.56119,2
0.41546,-0.38234,0.6052,-0.56119,0
0.41562,-0.38235,0.60513,-0.56115,0
0.41576,-0.38235,0.60505,-0.56113,0
0.41583,-0.38227,0.60501,-0.56118,0
0.41576,-0.38205,0.60505,-0.56134,0
0.41554,-0.38168,0.60519,-0.5616,0
0.41523,-0.38123,0.60541,-0.5619,0
0.4149,-0.38077,0.60563,-0.56221,0
0.41458,-0.38033,0.60583,-0.56253,0
0.41422,-0.37991,0.60605,-0.56285,0
0.41373,-0.37943,0.60635,-0.56321,0
0.41301,-0.37881,0.60681,-0.56365,0
0.41203,-0.37801,0.60751,-0.56415,0
0.41091,-0.37717,0.6084,-0.56457,0
0.40986,-0.37647,0.60926,-0.56488,0
0.40897,-0.37595,0.60996,-0.56511,0
0.40807,-0.37544,0.6106,-0.56541,0
0.40704,-0.37467,0.61133,-0.56587,0
0.40579,-0.3735,0.61227,-0.56653,0
0.40414,-0.37183,0.61356,-0.56741,0
0.40217,-0.36971,0.61508,-0.56854,0
0.40009,-0.36735,0.61668,-0.56981,0
0.39813,-0.36509,0.61821,-0.57099,0
0.39644,-0.36308,0.6195,-0.57204,0
0.39505,-0.36129,0.62052,-0.57303,0
0.39375,-0.3596,0.62146,-0.57396,0
0.39214,-0.3576,0.62264,-0.57504,0
0.39037,-0.35526,0.62392,-0.5763,0
0.38875,-0.35298,0.62513,-0.57748,0
0.38738,-0.35097,0.62622,-0.57845,0
0.38622,-0.34915,0.62715,-0.57932,0
0.38516,-0.34742,0.62797,-0.58018,0
0.38422,-0.34584,0.6287,-0.58095,0
0.38353,-0.34454,0.62929,-0.58154,0
0.38307,-0.34349,0.62973,-0.58199,0
0.38258,-0.34245,0.6302,-0.58242,0
0.38183,-0.34125,0.63084,-0.58292,0
0.38086,-0.33982,0.63163,-0.58353,0
0.37999,-0.33835,0.63228,-0.58425,0
0.37927,-0.33698,0.63278,-0.58497,0
0.37857,-0.33567,0.63325,-0.58566,0
0.37797,-0.33443,0.63371,-0.58626,0
0.37749,-0.33331,0.63414,-0.58675,0
0.37717,-0.33235,0.63451,-0.58709,0
0.37686,-0.33144,0.6349,-0.58739,0
0.37637,-0.33038,0.63542,-0.58773,0
0.37579,-0.32922,0.63598,-0.58816,0
0.37532,-0.32814,0.6365,-0.5885,0
0.37511,-0.32737,0.63692,-0.5886,0
0.37526,-0.32688,0.63716,-0.58852,0
0.37589,-0.32663,0.63709,-0.58833,0
0.37679,-0.32649,0.63683,-0.58813,0
0.3777,-0.32631,0.63656,-0.58793,0
0.37883,-0.32627,0.63612,-0.5877,0
0.3802,-0.32642,0.63548,-0.58743,0
0.38169,-0.32668,0.63477,-0.58707,0
0.38327,-0.32706,0.63404,-0.58662,0
0.38484,-0.3274,0.63337,-0.58614,0
0.38632,-0.32759,0.6328,-0.58566,0
0.38785,-0.32783,0.63226,-0.5851,0
0.38954,-0.32827,0.63161,-0.58443,0
0.39133,-0.32867,0.63084,-0.58385,0
0.39305,-0.32892,0.63004,-0.58341,0
0.39502,-0.32937,0.62904,-0.58291,0
0.39711,-0.32977,0.62786,-0.58254,0
0.39901,-0.32989,0.62676,-0.58236,0
0.40078,-0.33,0.62571,-0.5822,0
0.4025,-0.33022,0.62455,-0.58214,0
0.40402,-0.33056,0.6233,-0.58223,0
0.40532,-0.33086,0.62197,-0.58258,0
0.40625,-0.33067,0.62077,-0.58332,0
0.40663,-0.32991,0.61995,-0.58435,0
0.40656,-0.32874,0.61944,-0.58561,0
0.4063,-0.32749,0.61899,-0.58696,0
0.40591,-0.32614,0.61854,-0.58846,0
0.40525,-0.32447,0.61826,-0.59012,0
0.40431,-0.32237,0.61829,-0.59188,0
0.40322,-0.31996,0.61849,-0.59373,0
0.40188,-0.3172,0.61884,-0.59575,0
0.40019,-0.31407,0.61945,-0.59791,0
0.39825,-0.31071,0.62032,-0.60005,0
0.39617,-0.3072,0.62136,-0.60216,0
0.39403,-0.30358,0.62245,-0.60426,0
0.39192,-0.29997,0.62356,-0.60629,0
0.3899,-0.29645,0.62464,-0.60821,0
0.38788,-0.29297,0.62575,-0.61004,0
0.38573,-0.2894,0.62699,-0.61184,0
0.3835,-0.28581,0.62836,-0.61352,0
0.38144,-0.28246,0.62972,-0.61495,0
0.3796,-0.27936,0.63102,-0.61618,0
0.37778,-0.27626,0.63236,-0.61732,0
0.3757,-0.27295,0.63391,-0.61846,0
0.37325,-0.26939,0.63583,-0.61954,0
0.37063,-0.2658,0.63798,-0.62045,0
0.36804,-0.26237,0.64022,-0.62116,0
0.36556,-0.25908,0.64247,-0.62167,0
0.36302,-0.2558,0.64483,-0.62208,0
0.36029,-0.25244,0.64733,-0.62243,0
0.35731,-0.24902,0.64996,-0.62279,0
0.35424,-0.24566,0.65264,-0.62307,0
0.35135,-0.24254,0.65525,-0.6232,0
0.34878,-0.23968,0.65769,-0.62318,0
0.34633,-0.23694,0.66008,-0.62307,0
0.34374,-0.23417,0.66257,-0.6229,0
0.34085,-0.23121,0.66523,-0.62276,0
0.33763,-0.22801,0.66809,-0.62263,0
0.33436,-0.22488,0.67121,-0.62218,0
0.33146,-0.22241,0.67474,-0.6208,0
0.32905,-0.22107,0.67881,-0.61811,0
0.32701,-0.2204,0.68261,-0.61525,0
0.32497,-0.21927,0.68537,-0.61367,0
0.32257,-0.21735,0.68763,-0.61309,0
0.31995,-0.21509,0.6901,-0.61247,0
0.31776,-0.21308,0.69229,-0.61185,0
0.31594,-0.2113,0.69392,-0.61157,0
0.31417,-0.20956,0.69521,-0.6116,0
0.31225,-0.20772,0.69644,-0.61183,0
0.31005,-0.20569,0.69769,-0.61219,0
0.30763,-0.20353,0.6989,-0.61276,0
0.30496,-0.20119,0.70007,-0.61354,0
0.30193,-0.19844,0.70126,-0.61456,0
0.29827,-0.19492,0.70255,-0.61601,0
0.29382,-0.19053,0.7039,-0.61797,0
0.28892,-0.18581,0.70514,-0.62031,0
0.28395,-0.18125,0.70605,-0.62291,0
0.27917,-0.17703,0.7066,-0.62566,0
0.27452,-0.17308,0.7069,-0.62847,0
0.26966,-0.16908,0.70716,-0.63136,0
0.26405,-0.16449,0.70768,-0.63435,0
0.25728,-0.15909,0.70881,-0.63725,0
0.25,-0.15386,0.71076,-0.63926,0
0.24314,-0.14958,0.7131,-0.64031,0
0.2361,-0.14468,0.71488,-0.64208,0
0.22831,-0.13845,0.71605,-0.64497,0
0.21969,-0.13189,0.71744,-0.64778,0
0.21112,-0.12624,0.71891,-0.65012,0
0.20333,-0.12171,0.72012,-0.65213,0
0.19633,-0.11757,0.72106,-0.65399,0
0.18964,-0.11311,0.72189,-0.65584,0
0.18286,-0.10816,0.72272,-0.65768,0
0.1762,-0.10316,0.72342,-0.65952,0
0.16976,-0.0984,0.724,-0.66131,0
0.1632,-0.093583,0.72458,-0.66302,0
0.15606,-0.088102,0.72534,-0.66465,0
0.14863,-0.082117,0.72618,-0.66621,0
0.14112,-0.07615,0.72714,-0.6675,0
0.13357,-0.070443,0.72822,-0.66849,0
0.12609,-0.064941,0.72939,-0.66924,0
0.11881,-0.05944,0.73062,-0.66974,0
0.11206,-0.054169,0.73185,-0.67,0
0.10624,-0.049609,0.73304,-0.67,0
0.10143,-0.04591,0.73416,-0.66978,0
0.097494,-0.042787,0.73516,-0.66948,0
0.094481,-0.040069,0.73597,-0.66919,0
0.092186,-0.037608,0.7366,-0.66896,0
0.090092,-0.0351,0.73711,-0.66883,0
0.087789,-0.032409,0.7375,-0.66883,0
0.085133,-0.029524,0.73777,-0.66901,0
0.082118,-0.026353,0.73803,-0.66923,0
0.078593,-0.022657,0.73831,-0.66948,0
0.074612,-0.018509,0.73859,-0.66976,0
0.070458,-0.014226,0.73886,-0.67001,0
0.066406,-0.01006,0.7392,-0.67013,0
0.062601,-0.0061308,0.73959,-0.67012,0
0.059005,-0.002411,0.73993,-0.67009,0
0.055539,0.0010784,0.74018,-0.67011,0
0.05211,0.0043918,0.74038,-0.67015,0
0.04865,0.0075898,0.74058,-0.67016,0
0.045298,0.010472,0.7408,-0.67011,0
0.042373,0.012736,0.74104,-0.67,0
0.039845,0.014423,0.74129,-0.66984,0
0.037543,0.0158,0.74149,-0.66972,0
0.035388,0.0171,0.74161,-0.66968,0
