0.15672,-0.15795,-0.6984,0.68024,0
0.15628,-0.15863,-0.69845,0.68013,0
0.15626,-0.15908,-0.69833,0.68016,0
0.15636,-0.1594,-0.69822,0.68017,0
0.15638,-0.15961,-0.69828,0.68006,0
0.1563,-0.15972,-0.69844,0.67988,0
0.15629,-0.15985,-0.69861,0.67968,0
0.15653,-0.16006,-0.6986,0.67959,0
0.15692,-0.16028,-0.69843,0.67962,0
0.15734,-0.1605,-0.69817,0.67974,0
0.15767,-0.16073,-0.69799,0.67979,0
0.15796,-0.16106,-0.69802,0.67962,0
0.15832,-0.16142,-0.69804,0.67942,0
0.15865,-0.16172,-0.698,0.67932,0
0.1589,-0.1619,-0.6979,0.67932,0
0.15908,-0.16191,-0.69766,0.67952,0
0.15921,-0.16181,-0.6974,0.67978,0
0.15939,-0.16173,-0.69722,0.67994,0
0.15969,-0.16178,-0.69713,0.67996,0
0.16009,-0.16203,-0.69713,0.6798,0
0.16058,-0.16245,-0.69723,0.67947,0
0.16119,-0.163,-0.69734,0.67909,0
0.16194,-0.1635,-0.6972,0.67894,0
0.16279,-0.16387,-0.69673,0.67912,0
0.16342,-0.16403,-0.69631,0.67937,0
0.16359,-0.16394,-0.69621,0.67945,0
0.16346,-0.16378,-0.69628,0.67945,0
0.1633,-0.16376,-0.69641,0.67936,0
0.16343,-0.164,-0.69649,0.67919,0
0.1639,-0.16435,-0.6964,0.67908,0
0.16462,-0.16466,-0.69586,0.67938,0
0.16541,-0.16499,-0.69528,0.67971,0
0.16598,-0.16561,-0.69553,0.67916,0
0.16653,-0.16639,-0.69611,0.67824,0
0.16733,-0.16682,-0.69575,0.67831,0
0.16811,-0.1667,-0.69442,0.67951,0
0.1685,-0.16649,-0.69357,0.68033,0
0.16866,-0.16653,-0.69355,0.6803,0
0.16872,-0.16666,-0.694,0.6798,0
0.16877,-0.16665,-0.69421,0.67957,0
0.16901,-0.16645,-0.69374,0.68004,0
0.16947,-0.16633,-0.69304,0.68067,0
0.16991,-0.16658,-0.69296,0.68058,0
0.17041,-0.16705,-0.69304,0.68026,0
0.17097,-0.16744,-0.6927,0.68037,0
0.17144,-0.16758,-0.69199,0.68093,0
0.17188,-0.16761,-0.69115,0.68167,0
0.17237,-0.16794,-0.69081,0.68181,0
0.17281,-0.16878,-0.69158,0.68071,0
0.17302,-0.16929,-0.69228,0.67982,0
0.17317,-0.16904,-0.69178,0.68035,0
0.17348,-0.16846,-0.69053,0.68168,0
0.1736,-0.16808,-0.69016,0.68212,0
0.17333,-0.1679,-0.69086,0.68153,0
0.17295,-0.16768,-0.69162,0.6809,0
0.17286,-0.16734,-0.69147,0.68116,0
0.17316,-0.16702,-0.69055,0.6821,0
0.17353,-0.16696,-0.68997,0.68261,0
0.17375,-0.16726,-0.69027,0.68217,0
0.17393,-0.16763,-0.69068,0.68162,0
0.17425,-0.16772,-0.69033,0.68187,0
0.17459,-0.16757,-0.68947,0.68269,0
0.17475,-0.16744,-0.68893,0.68323,0
0.17473,-0.1674,-0.68892,0.68326,0
0.17474,-0.16733,-0.68883,0.68336,0
0.17489,-0.16723,-0.68849,0.68369,0
0.17505,-0.16725,-0.68837,0.68377,0
0.17514,-0.16738,-0.68858,0.68349,0
0.17523,-0.16747,-0.68871,0.68332,0
0.1754,-0.16743,-0.68844,0.68356,0
0.17561,-0.16739,-0.68816,0.6838,0
0.17576,-0.16746,-0.68817,0.68373,0
0.17586,-0.16755,-0.68833,0.68353,0
0.17593,-0.16748,-0.68826,0.6836,0
0.17597,-0.16724,-0.68798,0.68392,0
0.17594,-0.167,-0.68786,0.68411,0
0.17585,-0.16684,-0.68806,0.68397,0
0.17581,-0.16671,-0.68817,0.6839,0
0.17583,-0.16658,-0.68808,0.68402,0
0.17581,-0.16644,-0.68796,0.68418,0
0.1757,-0.16635,-0.68801,0.68418,0
0.17561,-0.1663,-0.68808,0.68414,0
0.1756,-0.16628,-0.68801,0.68422,0
0.17568,-0.16632,-0.68787,0.68434,0
0.17578,-0.16647,-0.6878,0.68434,0
0.17591,-0.16672,-0.68778,0.68427,0
0.17608,-0.16702,-0.68777,0.68415,0
0.17625,-0.1673,-0.68777,0.68404,0
0.1764,-0.1675,-0.68771,0.68402,0
0.17657,-0.16758,-0.68755,0.68412,0
0.17673,-0.16759,-0.68741,0.68422,0
0.17684,-0.16765,-0.68746,0.68412,0
0.17689,-0.16776,-0.68762,0.68392,0
0.17697,-0.16777,-0.6874,0.68412,0
0.1771,-0.1677,-0.6869,0.6846,0
0.17713,-0.16774,-0.68679,0.6847,0
0.17702,-0.16792,-0.68721,0.68426,0
0.17689,-0.16803,-0.68757,0.68391,0
0.17692,-0.16796,-0.68736,0.68413,0
0.17707,-0.16784,-0.68685,0.68462,0
0.17709,-0.1678,-0.68667,0.68481,0
0.17698,-0.1679,-0.68697,0.68452,0
0.17681,-0.16811,-0.68743,0.68405,0
0.17673,-0.16825,-0.68759,0.68387,0
0.17683,-0.16818,-0.68711,0.68434,0
0.17702,-0.16799,-0.6864,0.68506,0
0.17717,-0.168,-0.68609,0.68533,0
0.17719,-0.16832,-0.68655,0.68478,0
0.17711,-0.16866,-0.68725,0.68402,0
0.17711,-0.16883,-0.6875,0.68372,0
0.17728,-0.16883,-0.68718,0.684,0
0.17748,-0.16872,-0.6867,0.68446,0
0.17754,-0.16869,-0.68664,0.68451,0
0.1774,-0.16878,-0.68712,0.68404,0
0.1773,-0.16879,-0.68738,0.6838,0
0.17735,-0.16867,-0.6871,0.6841,0
0.1775,-0.16864,-0.68674,0.68443,0
0.17765,-0.16895,-0.68683,0.68423,0
0.17774,-0.16943,-0.68726,0.68365,0
0.17781,-0.16976,-0.68747,0.68334,0
0.17794,-0.16977,-0.68712,0.68366,0
0.1781,-0.16973,-0.68671,0.68403,0
0.17819,-0.16981,-0.68673,0.68397,0
0.17823,-0.16994,-0.68699,0.68366,0
0.17829,-0.16999,-0.68703,0.6836,0
0.17835,-0.16989,-0.68681,0.68383,0
0.17842,-0.16979,-0.68651,0.68414,0
0.17851,-0.16979,-0.68636,0.68427,0
0.17855,-0.16997,-0.68661,0.68396,0
0.17849,-0.17029,-0.68717,0.68333,0
0.17842,-0.17056,-0.68755,0.6829,0
0.17855,-0.17065,-0.68725,0.68315,0
0.17878,-0.17076,-0.68679,0.68352,0
0.17889,-0.17101,-0.68681,0.68341,0
0.17894,-0.17127,-0.68701,0.68313,0
0.17908,-0.17139,-0.68686,0.68321,0
0.17924,-0.17144,-0.68658,0.68343,0
0.17926,-0.17157,-0.68671,0.68327,0
0.17915,-0.1717,-0.68708,0.68289,0
0.17915,-0.17163,-0.68692,0.68308,0
0.17925,-0.17142,-0.68635,0.68367,0
0.17927,-0.17131,-0.68613,0.68391,0
0.17918,-0.17134,-0.68637,0.68369,0
0.17912,-0.17151,-0.68667,0.68336,0
0.17911,-0.17176,-0.68693,0.68304,0
0.1791,-0.17198,-0.68713,0.68278,0
0.17916,-0.1721,-0.68703,0.68284,0
0.17931,-0.17212,-0.68665,0.68318,0
0.17934,-0.17212,-0.68652,0.68331,0
0.17913,-0.17213,-0.68688,0.683,0
0.17887,-0.17207,-0.68719,0.68277,0
0.17879,-0.17187,-0.68696,0.68307,0
0.17884,-0.17164,-0.6865,0.68358,0
0.17883,-0.17157,-0.68644,0.68365,0
0.1788,-0.17164,-0.68666,0.68343,0
0.17878,-0.17163,-0.68673,0.68336,0
0.17874,-0.17147,-0.6866,0.68355,0
0.17867,-0.17142,-0.68664,0.68354,0
0.17854,-0.17157,-0.687,0.68317,0
0.17842,-0.17184,-0.68747,0.68266,0
0.17837,-0.17194,-0.68747,0.68264,0
0.17846,-0.17178,-0.6868,0.68334,0
0.17849,-0.17168,-0.68641,0.68374,0
0.17837,-0.17174,-0.68673,0.68344,0
0.1782,-0.17186,-0.68719,0.68299,0
0.17813,-0.17188,-0.6872,0.68299,0
0.17817,-0.17184,-0.6869,0.6833,0
0.17819,-0.17188,-0.68674,0.68344,0
0.17815,-0.17196,-0.68679,0.68338,0
0.1781,-0.172,-0.68678,0.6834,0
0.17809,-0.17214,-0.68674,0.6834,0
0.17798,-0.17251,-0.68713,0.68295,0
0.17775,-0.17285,-0.68764,0.68241,0
0.17766,-0.173,-0.68757,0.68246,0
0.17779,-0.17309,-0.68702,0.68296,0
0.178,-0.17334,-0.68658,0.68328,0
0.17805,-0.1738,-0.68675,0.68298,0
0.178,-0.17419,-0.68694,0.68271,0
0.17796,-0.17442,-0.68677,0.68283,0
0.17792,-0.1746,-0.68654,0.68302,0
0.17775,-0.17486,-0.68668,0.68286,0
0.17739,-0.1752,-0.68726,0.68229,0
0.17687,-0.17548,-0.68803,0.68157,0
0.17626,-0.1754,-0.68844,0.68134,0
0.17559,-0.17507,-0.68851,0.68152,0
0.17486,-0.17483,-0.68875,0.68153,0
0.17414,-0.17457,-0.68897,0.68156,0
0.17344,-0.17425,-0.68908,0.6817,0
0.17271,-0.17397,-0.68934,0.68171,0
0.17193,-0.17369,-0.68969,0.68161,0
0.17125,-0.17345,-0.6899,0.68163,0
0.17063,-0.17331,-0.69012,0.6816,0
0.16986,-0.17319,-0.69059,0.68135,0
0.16883,-0.17296,-0.69136,0.68089,0
0.16764,-0.17243,-0.69204,0.68062,0
0.16652,-0.1715,-0.69208,0.68109,0
0.16552,-0.17038,-0.69178,0.68192,0
0.16447,-0.1695,-0.6921,0.68207,0
0.16343,-0.16898,-0.69307,0.68146,0
0.16268,-0.16853,-0.69369,0.68113,0
0.16245,-0.16802,-0.69328,0.68172,0
0.16239,-0.16768,-0.69293,0.68217,0
0.16224,-0.1676,-0.69318,0.68197,0
0.16212,-0.16762,-0.69351,0.68167,0
0.16197,-0.16753,-0.69364,0.68159,0
0.16181,-0.16735,-0.6937,0.68161,0
0.16179,-0.16713,-0.69356,0.68182,0
0.16182,-0.1669,-0.69321,0.68222,0
0.16178,-0.16676,-0.69305,0.68243,0
0.16161,-0.16678,-0.69334,0.68216,0
0.16143,-0.16686,-0.69367,0.68185,0
0.16144,-0.16685,-0.69339,0.68214,0
0.16145,-0.16684,-0.69294,0.68259,0
0.16113,-0.16691,-0.69317,0.68242,0
0.16076,-0.16691,-0.69352,0.68215,0
0.16062,-0.16684,-0.69329,0.68243,0
0.16062,-0.1669,-0.69312,0.68259,0
0.16059,-0.16705,-0.69321,0.68247,0
0.16059,-0.16718,-0.69323,0.68242,0
0.16063,-0.1673,-0.69312,0.68249,0
0.16065,-0.16738,-0.69297,0.68262,0
0.1605,-0.16743,-0.69305,0.68257,0
0.16011,-0.16748,-0.69345,0.68223,0
0.15974,-0.16751,-0.69382,0.68193,0
0.15979,-0.16746,-0.69338,0.68239,0
0.1601,-0.16741,-0.6927,0.68302,0
0.16006,-0.16748,-0.69303,0.68267,0
0.15984,-0.16751,-0.69363,0.68211,0
0.15966,-0.16721,-0.69351,0.68234,0
0.15953,-0.16695,-0.69322,0.68273,0
0.15936,-0.16701,-0.69356,0.68241,0
0.15926,-0.16724,-0.69413,0.6818,0
0.1595,-0.16731,-0.69373,0.68213,0
0.15974,-0.16724,-0.69294,0.68289,0
0.1595,-0.16726,-0.69308,0.6828,0
0.15892,-0.16743,-0.69401,0.68196,0
0.15856,-0.1675,-0.69436,0.68166,0
0.15866,-0.16743,-0.69387,0.68215,0
0.15889,-0.16746,-0.69348,0.68249,0
0.15892,-0.16757,-0.6937,0.68224,0
0.15879,-0.16753,-0.69385,0.68212,0
0.15854,-0.1673,-0.69358,0.68251,0
0.1581,-0.16715,-0.69368,0.68255,0
0.15765,-0.1673,-0.69437,0.68192,0
0.15745,-0.16738,-0.69457,0.68174,0
0.15747,-0.16717,-0.69386,0.68251,0
0.15738,-0.16709,-0.69349,0.68293,0
0.15711,-0.16732,-0.69398,0.68243,0
0.15684,-0.16756,-0.69453,0.68187,0
0.15674,-0.16749,-0.69424,0.68221,0
0.15667,-0.16729,-0.69371,0.68281,0
0.15642,-0.1673,-0.69399,0.68259,0
0.15606,-0.16744,-0.69484,0.68176,0
0.15588,-0.16727,-0.69491,0.68178,0
0.15577,-0.16679,-0.69421,0.68263,0
0.15558,-0.16648,-0.69391,0.68306,0
0.15525,-0.16659,-0.69457,0.68243,0
0.15486,-0.16675,-0.69535,0.68169,0
0.15456,-0.16659,-0.69525,0.6819,0
0.15436,-0.16624,-0.69454,0.68275,0
0.154,-0.1661,-0.69464,0.68277,0
0.15347,-0.16613,-0.69545,0.68206,0
0.15315,-0.16602,-0.69562,0.68198,0
0.15311,-0.16575,-0.69492,0.68276,0
0.15307,-0.16564,-0.69455,0.68318,0
0.15293,-0.16578,-0.69492,0.68281,0
0.15273,-0.16592,-0.69539,0.68233,0
0.1526,-0.16586,-0.69527,0.6825,0
0.15259,-0.16569,-0.69472,0.6831,0
0.15255,-0.16566,-0.69456,0.68328,0
0.15241,-0.16583,-0.69503,0.68279,0
0.1523,-0.16602,-0.69547,0.68232,0
0.15244,-0.16608,-0.69518,0.68257,0
0.15271,-0.16611,-0.69452,0.68317,0
0.15279,-0.16632,-0.69458,0.68304,0
0.15276,-0.16659,-0.69502,0.68254,0
0.15274,-0.16664,-0.69503,0.68252,0
0.15286,-0.16647,-0.69437,0.68321,0
0.15284,-0.16627,-0.69399,0.68364,0
0.15257,-0.16634,-0.69467,0.683,0
0.15245,-0.16653,-0.69529,0.68235,0
0.15264,-0.16645,-0.69478,0.68284,0
0.15297,-0.16626,-0.69382,0.68379,0
0.1531,-0.16643,-0.69389,0.68365,0
0.15312,-0.16678,-0.69451,0.68294,0
0.15324,-0.16695,-0.6945,0.68287,0
0.15348,-0.16698,-0.69403,0.68329,0
0.15348,-0.16702,-0.69401,0.6833,0
0.15333,-0.16708,-0.69428,0.68305,0
0.1533,-0.16704,-0.6942,0.68315,0
0.15333,-0.16696,-0.69396,0.6834,0
0.15327,-0.16697,-0.69413,0.68323,0
0.15323,-0.16703,-0.69431,0.68305,0
0.15337,-0.16706,-0.69401,0.68331,0
0.15348,-0.16711,-0.69375,0.68354,0
0.15346,-0.16727,-0.69386,0.6834,0
0.1534,-0.1675,-0.69408,0.68313,0
0.1534,-0.16763,-0.69406,0.68311,0
0.15343,-0.16766,-0.69387,0.68329,0
0.15346,-0.16763,-0.69371,0.68346,0
0.15348,-0.16765,-0.6937,0.68346,0
0.15353,-0.16772,-0.69378,0.68335,0
0.15369,-0.16782,-0.69373,0.68334,0
0.1539,-0.16794,-0.69349,0.68351,0
0.15397,-0.16808,-0.69342,0.68352,0
0.15386,-0.16829,-0.69376,0.68315,0
0.15381,-0.16847,-0.69402,0.68286,0
0.15399,-0.16851,-0.69378,0.68306,0
0.15423,-0.16849,-0.69346,0.68333,0
0.15428,-0.16849,-0.69355,0.68322,0
0.15426,-0.16847,-0.69369,0.6831,0
0.15433,-0.16838,-0.69339,0.6834,0
0.15441,-0.16839,-0.69321,0.68356,0
0.15449,-0.16859,-0.69349,0.68321,0
0.15468,-0.16881,-0.69367,0.68293,0
0.15492,-0.16878,-0.69331,0.68325,0
0.15504,-0.16866,-0.69295,0.68362,0
0.15496,-0.16861,-0.69306,0.68354,0
0.15487,-0.16867,-0.6933,0.6833,0
0.15497,-0.1688,-0.6933,0.68325,0
0.1552,-0.16895,-0.69316,0.6833,0
0.15544,-0.16908,-0.69302,0.68336,0
0.1556,-0.1692,-0.693,0.68331,0
0.15576,-0.16939,-0.69305,0.68318,0
0.15594,-0.16956,-0.69301,0.68313,0
0.15609,-0.16965,-0.6928,0.68328,0
0.15622,-0.16979,-0.69273,0.6833,0
0.15634,-0.16999,-0.69291,0.68303,0
0.15641,-0.17011,-0.69309,0.68281,0
0.15646,-0.17006,-0.69303,0.68287,0
0.15654,-0.16994,-0.69278,0.68314,0
0.15655,-0.16991,-0.69269,0.68323,0
0.1566,-0.17009,-0.69283,0.68303,0
0.15678,-0.17033,-0.69275,0.68301,0
0.15698,-0.17047,-0.69249,0.6832,0
0.15704,-0.17059,-0.69258,0.68306,0
0.15706,-0.17076,-0.69298,0.6826,0
0.15726,-0.17077,-0.69284,0.6827,0
0.15759,-0.17065,-0.69217,0.68333,0
0.15773,-0.17073,-0.69213,0.68332,0
0.1577,-0.17106,-0.69282,0.68254,0
0.1579,-0.17138,-0.693,0.68224,0
0.15825,-0.17147,-0.69243,0.68272,0
0.15849,-0.17161,-0.69222,0.68284,0
0.15847,-0.17187,-0.69283,0.68216,0
0.1584,-0.1719,-0.69317,0.68182,0
0.15862,-0.17162,-0.69241,0.68261,0
0.15879,-0.1715,-0.69201,0.68301,0
0.15871,-0.17176,-0.69274,0.68222,0
0.15874,-0.17204,-0.69325,0.68163,0
0.15909,-0.17202,-0.69265,0.68215,0
0.15955,-0.17192,-0.69169,0.68304,0
0.15969,-0.17202,-0.6917,0.68298,0
0.15956,-0.17229,-0.69257,0.68205,0
0.15957,-0.17238,-0.69287,0.68172,0
0.15979,-0.17214,-0.69217,0.68245,0
0.15997,-0.17199,-0.69176,0.68286,0
0.15996,-0.17214,-0.69232,0.68226,0
0.16002,-0.17228,-0.69268,0.68184,0
0.16031,-0.17215,-0.69208,0.68241,0
0.16052,-0.17205,-0.6917,0.68277,0
0.16052,-0.1722,-0.6922,0.68223,0
0.16053,-0.17236,-0.69272,0.68166,0
0.16073,-0.17222,-0.69239,0.68198,0
0.16091,-0.17196,-0.69193,0.68248,0
0.16083,-0.17179,-0.69212,0.68235,0
0.1606,-0.17168,-0.69262,0.68191,0
0.16053,-0.17152,-0.69256,0.68203,0
0.16058,-0.17138,-0.69227,0.68236,0
0.16057,-0.17133,-0.69236,0.68228,0
0.16054,-0.1713,-0.69269,0.68196,0
0.1606,-0.1712,-0.69275,0.6819,0
0.16071,-0.17101,-0.69252,0.68217,0
0.16066,-0.17081,-0.69249,0.68225,0
0.16051,-0.17075,-0.69271,0.68208,0
0.16038,-0.17075,-0.69285,0.68196,0
0.16031,-0.17073,-0.69279,0.68205,0
0.16033,-0.17073,-0.69272,0.68212,0
0.16037,-0.17072,-0.69277,0.68206,0
0.16045,-0.17061,-0.6927,0.68215,0
0.16054,-0.17042,-0.69236,0.68251,0
0.16047,-0.17035,-0.69238,0.68252,0
0.16024,-0.17045,-0.69292,0.68201,0
0.16017,-0.17054,-0.69323,0.68169,0
0.16042,-0.17054,-0.69285,0.68201,0
0.16072,-0.17051,-0.69246,0.68234,0
0.16082,-0.17055,-0.69263,0.68214,0
0.16071,-0.17058,-0.69304,0.68174,0
0.16058,-0.17043,-0.69311,0.68174,0
0.16057,-0.17027,-0.6929,0.68199,0
0.16064,-0.17033,-0.6929,0.68196,0
0.16073,-0.17051,-0.69319,0.6816,0
0.16098,-0.17062,-0.69309,0.68162,0
0.1614,-0.17061,-0.69248,0.68214,0
0.16179,-0.17068,-0.6921,0.68242,0
0.16193,-0.17095,-0.69251,0.68189,0
0.1619,-0.17119,-0.69313,0.68122,0
0.16193,-0.1712,-0.6931,0.68124,1
0.16214,-0.17108,-0.69251,0.68181,0
0.16229,-0.17101,-0.69212,0.6822,0
0.16218,-0.17115,-0.69255,0.68175,0
0.16217,-0.17124,-0.69284,0.68144,0
0.16236,-0.17104,-0.6923,0.68198,0
0.16261,-0.17088,-0.69174,0.68253,0
0.16273,-0.17112,-0.69217,0.68202,0
0.16274,-0.17136,-0.69286,0.68125,0
0.16288,-0.17131,-0.69278,0.6813,0
0.16301,-0.17101,-0.69222,0.68192,0
0.16285,-0.1708,-0.69226,0.68197,0
0.16258,-0.17077,-0.69287,0.68142,0
0.16243,-0.17074,-0.69326,0.68106,0
0.16261,-0.17056,-0.69274,0.6816,0
0.16286,-0.17044,-0.69215,0.68218,0
0.16288,-0.17056,-0.69234,0.68194,0
0.16268,-0.17077,-0.69313,0.68113,0
0.1626,-0.17073,-0.69325,0.68104,0
0.16274,-0.17048,-0.69258,0.68175,0
0.16283,-0.17036,-0.6922,0.68214,0
0.16263,-0.17042,-0.69271,0.68166,0
0.16235,-0.17042,-0.69326,0.68117,0
0.16231,-0.17025,-0.69308,0.68141,0
0.1624,-0.17006,-0.69266,0.68186,0
0.16245,-0.17007,-0.69267,0.68183,0
0.16241,-0.17019,-0.69302,0.68145,0
0.16237,-0.17025,-0.6932,0.68126,0
0.16245,-0.17017,-0.69291,0.68157,0
0.16252,-0.17012,-0.69263,0.68184,0
0.1625,-0.1702,-0.69271,0.68174,0
0.16242,-0.17026,-0.69297,0.68148,0
0.1623,-0.17013,-0.69304,0.68147,0
0.16226,-0.16994,-0.69291,0.68167,0
0.16229,-0.16984,-0.6929,0.68169,0
0.16235,-0.16989,-0.69309,0.68147,0
0.16251,-0.16995,-0.69306,0.68145,0
0.16274,-0.16997,-0.69276,0.68169,0
0.16291,-0.17006,-0.69262,0.68178,0
0.16292,-0.17023,-0.69277,0.68158,0
0.16294,-0.17037,-0.6928,0.68151,0
0.16299,-0.17046,-0.69274,0.68154,0
0.16304,-0.17058,-0.69279,0.68144,0
0.16319,-0.17064,-0.69275,0.68143,0
0.1634,-0.1706,-0.69248,0.68166,0
0.16351,-0.17053,-0.69233,0.68181,0
0.16344,-0.17055,-0.69257,0.68157,0
0.16337,-0.17062,-0.69282,0.68133,0
0.16349,-0.17067,-0.69268,0.68143,0
0.16368,-0.17069,-0.69245,0.68161,0
0.16378,-0.17075,-0.69253,0.68149,0
0.16375,-0.17087,-0.69288,0.68111,0
0.16386,-0.17081,-0.69269,0.68129,0
0.16417,-0.17063,-0.69193,0.68203,0
0.16421,-0.17061,-0.69192,0.68204,0
0.16394,-0.17089,-0.69299,0.68095,0
0.16399,-0.17103,-0.69327,0.68061,0
0.16443,-0.17087,-0.69231,0.68152,0
0.16486,-0.17075,-0.69141,0.68237,0
0.16486,-0.17096,-0.69181,0.6819,0
0.16451,-0.17124,-0.69286,0.68085,0
0.16431,-0.17123,-0.69314,0.68062,0
0.16453,-0.17102,-0.69237,0.6814,0
0.16472,-0.17093,-0.69191,0.68184,0
0.16453,-0.17098,-0.69248,0.6813,0
0.16429,-0.17105,-0.69323,0.68058,0
0.16431,-0.17085,-0.69297,0.68089,0
0.16446,-0.17053,-0.69214,0.68177,0
0.16444,-0.17047,-0.69202,0.68192,0
0.16423,-0.17074,-0.69273,0.68118,0
0.164,-0.17085,-0.6932,0.68072,0
0.16382,-0.17065,-0.69308,0.68094,0
0.16375,-0.17044,-0.69284,0.68126,0
0.16377,-0.17043,-0.69284,0.68125,0
0.16389,-0.17046,-0.69283,0.68122,0
0.16402,-0.17046,-0.69275,0.68128,0
0.16403,-0.17048,-0.69289,0.68113,0
0.16394,-0.17047,-0.69303,0.68101,0
0.16389,-0.17037,-0.69295,0.68113,0
0.1639,-0.17033,-0.69289,0.6812,0
0.16381,-0.17037,-0.69323,0.68086,0
0.16374,-0.17042,-0.69354,0.68055,0
0.16393,-0.17032,-0.6931,0.68098,0
0.16415,-0.1702,-0.6925,0.68157,0
0.1641,-0.17031,-0.69282,0.68123,0
0.16395,-0.17047,-0.69339,0.68064,0
0.16384,-0.17041,-0.69345,0.68062,0
0.16379,-0.17026,-0.69323,0.68089,0
0.16382,-0.17023,-0.69313,0.681,0
0.16392,-0.17033,-0.69316,0.68091,0
0.16402,-0.17041,-0.69319,0.68084,0
0.16408,-0.17038,-0.69314,0.68089,0
0.16411,-0.17027,-0.69301,0.68104,0
0.16417,-0.17016,-0.69283,0.68123,0
0.16421,-0.17011,-0.69272,0.68135,0
0.16413,-0.17014,-0.69287,0.68121,0
0.16397,-0.17024,-0.69323,0.68085,0
0.16394,-0.17032,-0.69332,0.68075,0
0.16409,-0.17034,-0.69304,0.681,0
0.16424,-0.17041,-0.69296,0.68103,0
0.16424,-0.17054,-0.69325,0.6807,0
0.16421,-0.1705,-0.69328,0.68068,0
0.16421,-0.17029,-0.69304,0.68098,0
0.16411,-0.17013,-0.69305,0.68104,0
0.16395,-0.17012,-0.69336,0.68076,0
0.16399,-0.17014,-0.6933,0.68081,0
0.16422,-0.17011,-0.69287,0.68119,0
0.16443,-0.1701,-0.69265,0.68137,0
0.16446,-0.17014,-0.69278,0.68122,0
0.16439,-0.17021,-0.69303,0.68096,0
0.16435,-0.17024,-0.69312,0.68087,0
0.16437,-0.17024,-0.69297,0.68102,0
0.16424,-0.17029,-0.69308,0.68094,0
0.16394,-0.17037,-0.69353,0.68052,0
0.16389,-0.17033,-0.69347,0.68061,0
0.16408,-0.17014,-0.6928,0.68129,0
0.16406,-0.17001,-0.69268,0.68146,0
0.16382,-0.17005,-0.69321,0.68096,0
0.16352,-0.17004,-0.69361,0.68063,0
0.16335,-0.16986,-0.69338,0.68094,0
0.16339,-0.16973,-0.69295,0.68141,0
0.16344,-0.16986,-0.69304,0.68127,0
0.16334,-0.17007,-0.69352,0.68075,0
0.16323,-0.17002,-0.69359,0.68072,0
0.16312,-0.16979,-0.69335,0.68105,0
0.16299,-0.1696,-0.69331,0.68117,0
0.16295,-0.16957,-0.69342,0.68107,0
0.16308,-0.16974,-0.69351,0.68091,0
0.16335,-0.16997,-0.69348,0.68082,0
0.16362,-0.17017,-0.6934,0.68078,0
0.16389,-0.17032,-0.69323,0.68086,0
0.16425,-0.17054,-0.69291,0.68104,0
0.16461,-0.17084,-0.69273,0.68106,0
0.16474,-0.17113,-0.69283,0.68085,0
0.16465,-0.17127,-0.69296,0.68071,0
0.16455,-0.17127,-0.69277,0.68093,0
0.16448,-0.17134,-0.69262,0.68108,0
0.16454,-0.17164,-0.69274,0.68086,0
0.16459,-0.172,-0.69304,0.68045,0
0.16458,-0.1721,-0.69305,0.68042,0
0.16449,-0.17196,-0.6928,0.68074,0
0.16433,-0.17188,-0.69274,0.68086,0
0.16421,-0.1719,-0.69285,0.68077,0
0.16417,-0.17189,-0.69285,0.68078,0
0.16416,-0.17186,-0.69284,0.68079,0
0.16412,-0.17183,-0.69293,0.68072,0
0.16403,-0.17166,-0.69282,0.6809,0
0.16391,-0.17146,-0.69267,0.68114,0
0.16366,-0.17134,-0.69294,0.68095,0
0.16345,-0.1713,-0.69337,0.68057,0
0.16353,-0.17131,-0.69338,0.68054,0
0.16385,-0.17138,-0.69307,0.68076,0
0.16417,-0.17162,-0.69299,0.68071,0
0.16447,-0.17196,-0.693,0.68053,0
0.16478,-0.17219,-0.69264,0.68077,0
0.16494,-0.17228,-0.69212,0.68124,0
0.1649,-0.17245,-0.69215,0.68117,0
0.16479,-0.17271,-0.69254,0.68074,0
0.16486,-0.17294,-0.6926,0.68061,0
0.1651,-0.17312,-0.69222,0.68089,0
0.16519,-0.17323,-0.69193,0.68113,0
0.16495,-0.17326,-0.69201,0.6811,0
0.16445,-0.17319,-0.69233,0.68091,0
0.16398,-0.17311,-0.69268,0.68069,0
0.16385,-0.17302,-0.69262,0.6808,0
0.16405,-0.17292,-0.69208,0.68133,0
0.16433,-0.17295,-0.69169,0.68166,0
0.1644,-0.17317,-0.69202,0.68124,0
0.16426,-0.17337,-0.6926,0.68063,0
0.16414,-0.17321,-0.69251,0.6808,0
0.16406,-0.17291,-0.69203,0.68138,0
0.16397,-0.17283,-0.692,0.68145,0
0.164,-0.17299,-0.69233,0.68107,0
0.1642,-0.17314,-0.69243,0.68089,0
0.1645,-0.17319,-0.69209,0.68114,0
0.16471,-0.17324,-0.69183,0.68134,0
0.16477,-0.17337,-0.69198,0.68115,0
0.16492,-0.17352,-0.69204,0.681,0
0.1653,-0.17361,-0.69159,0.68136,0
0.16574,-0.1737,-0.691,0.68182,0
0.16573,-0.17393,-0.69134,0.68142,0
0.16542,-0.17412,-0.69216,0.68061,0
0.16531,-0.17401,-0.69223,0.68059,0
0.16547,-0.17354,-0.69138,0.68154,0
0.16551,-0.17323,-0.69102,0.68197,0
0.16535,-0.1733,-0.69173,0.68127,0
0.1653,-0.17336,-0.69229,0.6807,0
0.1655,-0.17313,-0.69185,0.68116,0
0.16578,-0.17285,-0.69127,0.68175,0
0.16587,-0.17276,-0.69131,0.68171,0
0.16579,-0.17276,-0.69185,0.68119,0
0.16585,-0.17267,-0.69203,0.68101,0
0.16611,-0.17243,-0.69158,0.68146,0
0.16632,-0.17223,-0.69118,0.68187,0
0.16642,-0.17233,-0.69147,0.68152,0
0.16652,-0.17257,-0.69206,0.68084,0
0.16673,-0.17258,-0.69206,0.68078,0
0.16697,-0.17231,-0.69145,0.68142,0
0.16712,-0.17216,-0.69113,0.68174,0
0.16709,-0.17226,-0.69156,0.68129,0
0.16696,-0.17236,-0.69221,0.68064,0
0.16694,-0.1722,-0.69221,0.68068,0
0.16712,-0.17194,-0.6917,0.68122,0
0.1673,-0.17192,-0.69151,0.68138,0
0.16736,-0.17212,-0.69191,0.6809,0
0.16748,-0.17224,-0.6921,0.68065,0
0.16774,-0.17219,-0.69169,0.68101,0
0.16796,-0.17213,-0.6913,0.68137,0
0.16788,-0.17222,-0.69167,0.68099,0
0.16771,-0.17228,-0.69216,0.68052,0
0.1678,-0.17213,-0.69188,0.68082,0
0.168,-0.17194,-0.69132,0.68139,0
0.16802,-0.17204,-0.69153,0.68115,0
0.16793,-0.17228,-0.69216,0.68046,0
0.16804,-0.17231,-0.69211,0.68048,0
0.16827,-0.1722,-0.69158,0.681,0
0.1683,-0.17221,-0.6916,0.68096,0
0.16806,-0.17236,-0.6923,0.68027,0
0.16786,-0.17235,-0.69262,0.68,0
0.16791,-0.17207,-0.69207,0.68062,0
0.16808,-0.17185,-0.69146,0.68125,0
0.16818,-0.17205,-0.69168,0.68095,0
0.16822,-0.17248,-0.69231,0.68019,0
0.16838,-0.17279,-0.69247,0.67991,0
0.16868,-0.17286,-0.69198,0.68031,0
0.16877,-0.17294,-0.6919,0.68036,0
0.16864,-0.17316,-0.69239,0.67983,0
0.16861,-0.1733,-0.69263,0.67956,0
0.16884,-0.1732,-0.6921,0.68007,0
0.16908,-0.17312,-0.69157,0.68056,0
0.16906,-0.17322,-0.69179,0.68032,0
0.16878,-0.17335,-0.69249,0.67965,0
0.16858,-0.17329,-0.69268,0.67952,0
0.1686,-0.17318,-0.69246,0.67977,0
0.16867,-0.17317,-0.69234,0.67988,0
0.16872,-0.17323,-0.69239,0.67979,0
0.16885,-0.17323,-0.69219,0.67997,0
0.16884,-0.17314,-0.69202,0.68017,0
0.16866,-0.17308,-0.69213,0.68011,0
0.16847,-0.17307,-0.69231,0.67998,0
0.16831,-0.17311,-0.69254,0.67978,0
0.16817,-0.17319,-0.69284,0.67949,0
0.16813,-0.17323,-0.69295,0.67937,0
0.16826,-0.17318,-0.69267,0.67964,0
0.1684,-0.17306,-0.69233,0.67998,0
0.16839,-0.17291,-0.69221,0.68014,0
0.16822,-0.17286,-0.69238,0.68002,0
0.16786,-0.17293,-0.69297,0.6795,0
0.1675,-0.17303,-0.69361,0.6789,0
0.16753,-0.17298,-0.69341,0.67911,0
0.1678,-0.17289,-0.69284,0.67965,0
0.16802,-0.17298,-0.69269,0.67973,0
0.16816,-0.17311,-0.69279,0.67955,0
0.16827,-0.17312,-0.69264,0.67968,0
0.16818,-0.17305,-0.69252,0.67984,0
0.16788,-0.17302,-0.69286,0.67958,0
0.16763,-0.17303,-0.6933,0.67919,0
0.16754,-0.17296,-0.69336,0.67917,0
0.16759,-0.17283,-0.69311,0.67945,0
0.16764,-0.17275,-0.69303,0.67953,0
0.16769,-0.17267,-0.693,0.67957,0
0.16778,-0.17253,-0.69274,0.67985,0
0.16775,-0.17242,-0.69261,0.68001,0
0.16753,-0.17249,-0.69309,0.67957,0
0.16755,-0.17263,-0.69333,0.67928,0
0.1679,-0.17266,-0.69279,0.67973,0
0.16802,-0.17269,-0.69262,0.67988,0
0.16778,-0.1728,-0.69323,0.67928,0
0.16757,-0.17279,-0.69364,0.67891,0
0.16769,-0.17255,-0.69309,0.67951,0
0.16787,-0.17239,-0.69254,0.68007,0
0.16777,-0.17248,-0.69288,0.67972,0
0.16748,-0.17257,-0.69363,0.679,0
0.1674,-0.17232,-0.69346,0.67926,0
0.16748,-0.17195,-0.69271,0.68009,0
0.16738,-0.17184,-0.69274,0.68012,0
0.16718,-0.17199,-0.69348,0.67938,0
0.16727,-0.17197,-0.69342,0.67942,0
0.16755,-0.17172,-0.69263,0.68022,0
0.16769,-0.1716,-0.69235,0.68051,0
0.16762,-0.17174,-0.69292,0.6799,0
0.16749,-0.17176,-0.69329,0.67955,0
0.16752,-0.17157,-0.69292,0.67997,0
0.16766,-0.17147,-0.69241,0.68048,0
0.16758,-0.17166,-0.69283,0.68003,0
0.16748,-0.17196,-0.69349,0.67931,0
0.16772,-0.17199,-0.6931,0.67963,0
0.16806,-0.17182,-0.69228,0.68043,0
0.16809,-0.17184,-0.69232,0.68037,0
0.16787,-0.17202,-0.69313,0.67956,0
0.16777,-0.17199,-0.69332,0.6794,0
0.16793,-0.17178,-0.69266,0.68009,0
0.16797,-0.17174,-0.69248,0.68027,0
0.16789,-0.1719,-0.69293,0.67979,0
0.16794,-0.17194,-0.69304,0.67966,0
0.16804,-0.17178,-0.69264,0.68008,0
0.16803,-0.17162,-0.69242,0.68034,0
0.16794,-0.17166,-0.6927,0.68007,0
0.16794,-0.1717,-0.69285,0.67991,0
0.16803,-0.17165,-0.69267,0.68008,0
0.16806,-0.17164,-0.69264,0.6801,0
0.16812,-0.17181,-0.69286,0.67983,0
0.16825,-0.17195,-0.69291,0.6797,0
0.16838,-0.17194,-0.6927,0.67989,0
0.16846,-0.17197,-0.69257,0.68,0
0.16838,-0.17209,-0.69283,0.67972,0
0.1682,-0.17215,-0.69319,0.67938,0
0.16805,-0.17204,-0.69312,0.67952,0
0.16786,-0.17186,-0.69307,0.67967,0
0.16771,-0.17173,-0.69319,0.67961,0
0.1676,-0.1716,-0.69326,0.6796,0
0.16739,-0.17147,-0.69348,0.67946,0
0.16716,-0.17133,-0.69372,0.67931,0
0.16704,-0.17109,-0.6936,0.67952,0
0.16695,-0.17077,-0.6933,0.67993,0
0.16667,-0.17054,-0.6934,0.67995,0
0.16633,-0.17042,-0.69379,0.67967,0
0.1661,-0.17033,-0.69404,0.67949,0
0.16609,-0.17029,-0.69404,0.6795,0
0.1661,-0.17032,-0.69412,0.67941,0
0.16598,-0.17033,-0.69433,0.67922,0
0.16585,-0.17018,-0.69428,0.67934,0
0.16565,-0.16983,-0.69406,0.67971,0
0.16533,-0.1695,-0.69414,0.67978,0
0.16501,-0.1693,-0.69444,0.6796,0
0.16465,-0.16916,-0.69482,0.67934,0
0.16419,-0.169,-0.69527,0.67903,0
0.16379,-0.16868,-0.69537,0.6791,0
0.16353,-0.16814,-0.69494,0.67974,0
0.16317,-0.1677,-0.6949,0.67998,0
0.16265,-0.1675,-0.69556,0.67948,0
0.16217,-0.16735,-0.6962,0.67897,0
0.16192,-0.16694,-0.69604,0.67929,0
0.16186,-0.16648,-0.69548,0.68,0
0.16183,-0.16631,-0.69543,0.6801,0
0.16173,-0.16637,-0.69598,0.67955,0
0.16175,-0.16635,-0.69613,0.67939,0
0.16185,-0.16617,-0.69574,0.67981,0
0.16167,-0.16592,-0.69566,0.67999,0
0.16115,-0.16569,-0.69626,0.67956,0
0.16068,-0.1654,-0.69666,0.67933,0
0.16052,-0.16512,-0.69652,0.67958,0
0.16065,-0.16504,-0.69628,0.67981,0
0.16085,-0.16519,-0.69628,0.67973,0
0.16098,-0.16536,-0.6964,0.67954,0
0.16102,-0.1654,-0.69642,0.6795,0
0.16087,-0.1653,-0.69648,0.6795,0
0.16057,-0.16514,-0.6967,0.67938,0
0.16035,-0.16504,-0.69691,0.67923,0
0.1604,-0.16501,-0.69678,0.67937,0
0.16055,-0.16495,-0.69648,0.67965,0
0.1606,-0.16498,-0.69653,0.67958,0
0.16058,-0.16505,-0.69672,0.67937,0
0.16046,-0.16502,-0.6968,0.67933,0
0.16024,-0.16499,-0.697,0.67918,0
0.1602,-0.16516,-0.69722,0.67893,0
0.16049,-0.16549,-0.69706,0.67894,0
0.16083,-0.16579,-0.69661,0.67925,0
0.16096,-0.16602,-0.69631,0.67947,0
0.16066,-0.16624,-0.69658,0.67921,0
0.15992,-0.16638,-0.69736,0.67855,0
0.15923,-0.16635,-0.69772,0.67835,0
0.15887,-0.16615,-0.69716,0.67905,0
0.15847,-0.16591,-0.69654,0.67984,0
0.15767,-0.16584,-0.69675,0.67984,0
0.15663,-0.16575,-0.69728,0.67955,0
0.15567,-0.16547,-0.69704,0.68009,0
0.15457,-0.16509,-0.69648,0.681,0
0.15314,-0.16484,-0.6965,0.68137,0
0.15129,-0.16453,-0.69724,0.6811,0
0.14959,-0.16361,-0.69696,0.68199,0
0.14819,-0.16263,-0.69627,0.68323,0
0.1468,-0.16201,-0.69623,0.68372,0
0.1457,-0.1618,-0.69633,0.6839,0
0.14505,-0.16183,-0.69609,0.68428,0
0.14474,-0.16196,-0.69543,0.68498,0
0.1446,-0.1623,-0.69491,0.68546,0
0.14465,-0.16304,-0.69498,0.6852,0
0.14507,-0.16393,-0.69474,0.68514,0
0.14592,-0.16487,-0.69389,0.6856,0
0.14696,-0.16604,-0.69325,0.68574,0
0.14798,-0.16732,-0.69293,0.68553,0
0.14897,-0.16851,-0.69255,0.68541,0
0.14994,-0.16965,-0.69222,0.68525,0
0.151,-0.17088,-0.69199,0.68495,0
0.1522,-0.17209,-0.69144,0.68493,0
0.1535,-0.17328,-0.69055,0.68523,0
0.1549,-0.17473,-0.68978,0.68533,0
0.15644,-0.17649,-0.68905,0.68527,0
0.15817,-0.17841,-0.68801,0.68541,0
0.16008,-0.18045,-0.68668,0.68577,0
0.16205,-0.1828,-0.68576,0.68561,0
0.16402,-0.18537,-0.68522,0.68499,0
0.16603,-0.18766,-0.68421,0.68489,0
0.16791,-0.18955,-0.68288,0.68524,0
0.16936,-0.19135,-0.68193,0.68533,0
0.1707,-0.19351,-0.68083,0.68549,0
0.17213,-0.19652,-0.67942,0.68566,0
0.17315,-0.19998,-0.67798,0.68583,0
0.17327,-0.2034,-0.67659,0.68617,0
0.17241,-0.20683,-0.67533,0.6866,0
0.17013,-0.21026,-0.67426,0.68718,0
0.1659,-0.21331,-0.67349,0.68803,0
0.1596,-0.21578,-0.67301,0.68922,0
0.15141,-0.21795,-0.67291,0.69048,0
0.14187,-0.22044,-0.67347,0.69118,0
0.13154,-0.22336,-0.67399,0.69177,0
0.12083,-0.22703,-0.67422,0.69231,0
0.11017,-0.23184,-0.67381,0.69289,0
0.10001,-0.23807,-0.67253,0.69356,0
0.089799,-0.245,-0.67072,0.6943,0
0.079292,-0.25188,-0.66815,0.69559,0
0.069176,-0.25846,-0.66405,0.69818,0
0.058544,-0.26455,-0.66076,0.69999,0
0.047143,-0.26978,-0.65903,0.70048,0
0.036576,-0.27416,-0.65678,0.70152,0
0.027638,-0.27843,-0.65394,0.7029,0
0.019963,-0.28339,-0.65236,0.70266,0
0.014332,-0.28932,-0.65145,0.70122,0
0.010375,-0.29596,-0.65062,0.69929,0
0.0087118,-0.30433,-0.65003,0.69625,0
0.00919,-0.31462,-0.64966,0.69201,0
0.0099952,-0.32458,-0.64937,0.68766,0
0.0084222,-0.33157,-0.65,0.68374,0
0.0041643,-0.33542,-0.6517,0.68027,0
0.0013774,-0.33652,-0.64864,0.68266,0
0.0004676,0.33738,0.64592,-0.68481,0
0.0014248,0.33841,0.6437,-0.68639,0
0.0024446,0.33912,0.64216,-0.68748,0
0.0043878,0.33931,0.64236,-0.68719,0
0.0066219,0.33894,0.64304,-0.68671,0
0.008893,0.33794,0.64354,-0.68671,0
0.010515,0.33647,0.64266,-0.68823,0
0.0112,0.33502,0.6407,-0.69075,0
0.011416,0.33402,0.63943,-0.69241,0
0.012086,0.33348,0.64086,-0.69133,0
0.012612,0.33249,0.6427,-0.69009,0
0.011793,0.33066,0.64188,-0.69175,0
0.010627,0.32914,0.64177,-0.69259,0
0.0090924,0.32874,0.64346,-0.69124,0
0.0061946,0.32944,0.64486,-0.68963,0
0.0020263,0.33075,0.6455,-0.68842,0
0.0022367,-0.33217,-0.64698,0.68635,0
0.0068804,-0.33319,-0.64838,0.6845,0
0.012101,-0.33421,-0.64968,0.6827,0
0.017836,-0.33576,-0.65169,0.67989,0
0.024277,-0.3373,-0.65355,0.67713,0
0.031492,-0.33815,-0.65472,0.67528,0
0.039339,-0.33848,-0.65598,0.67348,0
0.047852,-0.3384,-0.65713,0.67184,0
0.056492,-0.33755,-0.65786,0.67089,0
0.064597,-0.33588,-0.65849,0.67038,0
0.07147,-0.33408,-0.6604,0.66869,0
0.078067,-0.33343,-0.66354,0.66516,0
0.085893,-0.33419,-0.66581,0.66154,0
0.094144,-0.33615,-0.66769,0.65751,0
0.10112,-0.33792,-0.66972,0.6535,0
0.10502,-0.3363,-0.67138,0.65201,0
0.10329,-0.32743,-0.67361,0.6545,0
0.096156,-0.31142,-0.67792,0.65893,0
0.093157,-0.29796,-0.67919,0.66426,0
0.095446,-0.29219,-0.67611,0.66962,0
0.098059,-0.29553,-0.67587,0.66802,0
0.097757,-0.30015,-0.67659,0.66527,0
0.093995,-0.29918,-0.67548,0.66737,0
0.089417,-0.29491,-0.67497,0.67041,0
0.088153,-0.2907,-0.67554,0.67184,0
0.089667,-0.2877,-0.67708,0.67138,0
0.091281,-0.28383,-0.67816,0.67172,0
0.09142,-0.2781,-0.67705,0.6752,0
0.088748,-0.27097,-0.67756,0.67795,0
0.087476,-0.26484,-0.6797,0.67839,0
0.090544,-0.26201,-0.68149,0.67729,0
0.097199,-0.26324,-0.68202,0.67535,0
0.10511,-0.26684,-0.68164,0.67314,0
0.11166,-0.27026,-0.68252,0.66982,0
0.11529,-0.2711,-0.68376,0.66759,0
0.11432,-0.26701,-0.68425,0.66891,0
0.10909,-0.2595,-0.68523,0.67173,0
0.10216,-0.25084,-0.68607,0.67524,0
0.096437,-0.24332,-0.68646,0.67843,0
0.093071,-0.23732,-0.68598,0.68151,0
0.091077,-0.23317,-0.68679,0.68239,0
0.089941,-0.23115,-0.68975,0.68024,0
0.090455,-0.23028,-0.69101,0.67918,0
0.091977,-0.23014,-0.69104,0.679,0
0.093352,-0.231,-0.69221,0.67733,0
0.094169,-0.23146,-0.69286,0.6764,0
0.094145,-0.23106,-0.69327,0.6761,0
0.093794,-0.2302,-0.69369,0.67602,0
0.093862,-0.22959,-0.69427,0.67563,0
0.094216,-0.2292,-0.69499,0.67496,0
0.094197,-0.22849,-0.69584,0.67434,0
0.093744,-0.22738,-0.69685,0.67373,0
0.093692,-0.22644,-0.69788,0.67299,0
0.094326,-0.22596,-0.69883,0.67207,0
0.095205,-0.2256,-0.69974,0.67112,0
0.095986,-0.22492,-0.70059,0.67035,0
0.096972,-0.22392,-0.70115,0.66996,0
0.098545,-0.22297,-0.70126,0.66993,0
0.10053,-0.22223,-0.70098,0.67017,0
0.10184,-0.22154,-0.70151,0.66966,0
0.10236,-0.22058,-0.70273,0.66861,0
0.10281,-0.21916,-0.70326,0.66845,0
0.10327,-0.21722,-0.70309,0.66919,0
0.10339,-0.21508,-0.7033,0.66964,0
0.10336,-0.21272,-0.70339,0.6703,0
0.10314,-0.21028,-0.70362,0.67087,0
0.10272,-0.20768,-0.70398,0.67137,0
0.10221,-0.2049,-0.70441,0.67184,0
0.10197,-0.2021,-0.70486,0.67225,0
0.10242,-0.19973,-0.70541,0.67232,0
0.1036,-0.19804,-0.70606,0.67196,0
0.10519,-0.19675,-0.70661,0.67151,0
0.10683,-0.19557,-0.70699,0.6712,0
0.10824,-0.19436,-0.70732,0.67097,0
0.10927,-0.19311,-0.70777,0.67069,0
0.11008,-0.19194,-0.70826,0.67037,0
0.11108,-0.19133,-0.70868,0.66994,0
0.11287,-0.19204,-0.70902,0.66908,0
0.11569,-0.19424,-0.70909,0.66789,0
0.11965,-0.19753,-0.70869,0.66666,0
0.12417,-0.20102,-0.70808,0.66543,0
0.1286,-0.20414,-0.70746,0.66429,0
0.13253,-0.20662,-0.70683,0.66342,0
0.13542,-0.20817,-0.70623,0.663,0
0.13703,-0.20867,-0.70575,0.66302,0
0.13746,-0.20828,-0.70539,0.66343,0
0.13704,-0.20721,-0.70503,0.66424,0
0.13599,-0.20588,-0.70509,0.66481,0
0.13469,-0.20473,-0.70568,0.6648,0
0.13405,-0.20369,-0.70548,0.66546,0
0.13477,-0.20324,-0.70426,0.66674,0
0.13629,-0.20357,-0.70332,0.66733,0
0.13818,-0.20454,-0.70298,0.66699,0
0.14016,-0.2058,-0.70287,0.66631,0
0.1421,-0.20696,-0.70212,0.66634,0
0.14372,-0.20768,-0.70043,0.66754,0
0.14465,-0.20828,-0.69937,0.66827,0
0.14463,-0.20918,-0.70072,0.66657,0
0.1445,-0.20983,-0.70231,0.66471,0
0.14473,-0.20914,-0.70151,0.66573,0
0.14441,-0.20798,-0.70072,0.667,0
0.14279,-0.2068,-0.70156,0.66683,0
0.14057,-0.20542,-0.70264,0.66659,0
0.13834,-0.20392,-0.70312,0.66701,0
0.13575,-0.20248,-0.70388,0.66718,0
0.13285,-0.20159,-0.70583,0.66597,0
0.13038,-0.20089,-0.7071,0.66533,0
0.12833,-0.19971,-0.70676,0.66644,0
0.12651,-0.19854,-0.70622,0.66771,0
0.12509,-0.19775,-0.70582,0.66863,0
0.12426,-0.19729,-0.70506,0.66972,0
0.12401,-0.19742,-0.70426,0.67058,0
0.12413,-0.19837,-0.70417,0.67036,0
0.12459,-0.20005,-0.70483,0.66909,0
0.12572,-0.20164,-0.70424,0.66902,0
0.12697,-0.20305,-0.70312,0.66953,0
0.12776,-0.20482,-0.70315,0.66881,0
0.12816,-0.20677,-0.70363,0.66763,0
0.12859,-0.20839,-0.70295,0.66776,0
0.12901,-0.20978,-0.7018,0.66845,0
0.1292,-0.21105,-0.70132,0.66852,0
0.12941,-0.21209,-0.70128,0.66819,0
0.12989,-0.21281,-0.70092,0.66824,0
0.13022,-0.21346,-0.70057,0.66834,0
0.13033,-0.21425,-0.7005,0.66814,0
0.13058,-0.21507,-0.70045,0.66788,0
0.13121,-0.21565,-0.70014,0.66789,0
0.13213,-0.21601,-0.69982,0.66793,0
0.13298,-0.21631,-0.70009,0.66738,0
0.13363,-0.21654,-0.70071,0.66652,0
0.13454,-0.21672,-0.70068,0.66632,0
0.13579,-0.21698,-0.70006,0.66664,0
0.13674,-0.2174,-0.70049,0.66584,0
0.13753,-0.21783,-0.70165,0.66432,0
0.13868,-0.21797,-0.70199,0.66368,0
0.14026,-0.218,-0.70145,0.66391,0
0.14195,-0.21842,-0.70124,0.66363,0
0.1436,-0.21937,-0.70184,0.66233,0
0.14533,-0.22072,-0.70279,0.6605,0
0.14763,-0.22212,-0.70259,0.65972,0
0.15059,-0.22343,-0.7009,0.66041,0
0.1533,-0.22486,-0.69954,0.66075,0
0.1549,-0.22642,-0.69982,0.65954,0
0.15527,-0.22741,-0.7008,0.65807,0
0.15463,-0.22733,-0.70148,0.65752,0
0.15317,-0.22624,-0.70161,0.6581,2
0.1515,-0.225,-0.70159,0.65893,0
0.15005,-0.2242,-0.70163,0.6595,0
0.14857,-0.22366,-0.70183,0.6598,0
0.14671,-0.22287,-0.70219,0.6601,0
0.14444,-0.22163,-0.70265,0.66053,0
0.14175,-0.22014,-0.70325,0.66097,0
0.13874,-0.21854,-0.70389,0.66146,0
0.13553,-0.21687,-0.70449,0.66204,0
0.1321,-0.21517,-0.70517,0.66256,0
0.12844,-0.21344,-0.7059,0.66306,0
0.12475,-0.21177,-0.70645,0.66372,0
0.12121,-0.21024,-0.7068,0.66449,0
0.11802,-0.20903,-0.70701,0.66521,0
0.11538,-0.20819,-0.70717,0.66577,0
0.11324,-0.20765,-0.70737,0.6661,0
0.11137,-0.20729,-0.70776,0.66611,0
0.10958,-0.20688,-0.70818,0.66609,0
0.10782,-0.2062,-0.70838,0.66638,0
0.10637,-0.20566,-0.70854,0.6666,0
0.10563,-0.20567,-0.70872,0.66653,0
0.10553,-0.2059,-0.70892,0.66626,0
0.10592,-0.20623,-0.70911,0.66589,0
0.1067,-0.20665,-0.70922,0.66552,0
0.10748,-0.20688,-0.70931,0.66522,0
0.10803,-0.20661,-0.70935,0.66518,0
0.10844,-0.20594,-0.70938,0.66529,0
0.10873,-0.20495,-0.70952,0.6654,0
0.10895,-0.20372,-0.70962,0.66563,0
0.10905,-0.20225,-0.70965,0.66603,0
0.10889,-0.20044,-0.70957,0.66669,0
0.10824,-0.1982,-0.70936,0.6677,0
0.10695,-0.19546,-0.70913,0.66895,0
0.10522,-0.19237,-0.70891,0.67035,0
0.10321,-0.18905,-0.7088,0.67172,0
0.10114,-0.18579,-0.70891,0.67283,0
0.099355,-0.18285,-0.70907,0.67374,0
0.098026,-0.1803,-0.70915,0.67453,0
0.09721,-0.17826,-0.70919,0.67515,0
0.096795,-0.17675,-0.70918,0.67562,0
0.09651,-0.17557,-0.70905,0.6761,0
0.096112,-0.17456,-0.7088,0.67667,0
0.095316,-0.17357,-0.70864,0.67722,0
0.094192,-0.17263,-0.70853,0.67773,0
0.092965,-0.17177,-0.70824,0.67842,0
0.091687,-0.17087,-0.70779,0.67928,0
0.090409,-0.16996,-0.70734,0.68016,0
0.089116,-0.16906,-0.7069,0.681,0
0.087713,-0.16819,-0.70654,0.68177,0
0.08612,-0.1674,-0.70633,0.68239,0
0.084234,-0.16668,-0.70625,0.68289,0
0.082029,-0.16593,-0.70625,0.68334,0
0.079618,-0.16526,-0.70635,0.68368,0
0.077237,-0.16494,-0.70647,0.6839,0
0.074833,-0.16497,-0.70647,0.68417,0
0.072216,-0.16498,-0.70627,0.68465,0
0.069446,-0.16494,-0.70582,0.68541,0
0.06662,-0.16504,-0.7054,0.6861,0
0.063525,-0.16515,-0.7052,0.68657,0
0.059855,-0.16499,-0.70515,0.68699,0
0.055645,-0.16469,-0.70527,0.68729,0
0.051091,-0.16448,-0.70533,0.68763,0
0.046074,-0.16461,-0.7059,0.68737,0
0.040251,-0.16542,-0.70812,0.68526,0
0.033755,-0.16694,-0.71109,0.68216,0
0.026922,-0.16883,-0.7127,0.68032,0
0.019216,-0.17131,-0.71373,0.67888,0
0.010778,-0.17418,-0.71432,0.67771,0
0.0018354,-0.17755,-0.71421,0.67704,0
0.0079183,0.18121,0.71329,-0.67699,0
0.019223,0.18459,0.71151,-0.67773,0
0.032067,0.18765,0.709,-0.67903,0
0.045678,0.19075,0.70549,-0.68104,0
0.058562,0.19482,0.6999,-0.68465,0
0.070035,0.20036,0.69505,-0.68691,0
0.080757,0.20647,0.69355,-0.68544,0
0.089878,0.21154,0.69164,-0.68469,0
0.096692,0.2145,0.68688,-0.68763,0
0.10279,0.21588,0.68307,-0.69011,0
0.10804,0.21617,0.67736,-0.69483,0
0.11289,0.21572,0.67104,-0.7003,0
0.11821,0.21463,0.66709,-0.70353,0
0.12373,0.21323,0.66359,-0.70631,0
0.12923,0.21144,0.66051,-0.70875,0
0.13328,0.20958,0.6584,-0.71051,0
0.1353,0.20786,0.65732,-0.71163,0
0.13557,0.20599,0.6572,-0.71224,0
0.13521,0.20267,0.65809,-0.71244,0
0.13485,0.19756,0.65811,-0.71392,0
0.13469,0.19093,0.6557,-0.71795,0
0.13538,0.18297,0.65437,-0.72111,0
0.13608,0.17488,0.65462,-0.72275,0
0.13697,0.16683,0.65594,-0.72329,0
0.13797,0.15899,0.65826,-0.72276,0
0.13795,0.15228,0.65924,-0.72331,0
0.13726,0.14651,0.66006,-0.72389,0
0.13609,0.14154,0.66092,-0.72431,0
0.13442,0.13772,0.6617,-0.72465,0
0.13267,0.13566,0.6625,-0.72463,0
0.1313,0.13535,0.6633,-0.72421,0
0.13038,0.13751,0.6643,-0.72305,0
0.13008,0.14213,0.66576,-0.72086,0
0.13064,0.14805,0.6678,-0.71767,0
0.13189,0.15435,0.67046,-0.71363,0
0.13369,0.16043,0.67378,-0.70881,0
0.13614,0.16581,0.67758,-0.70346,0
0.13935,0.17036,0.68138,-0.69805,0
0.14329,0.17421,0.68478,-0.69296,0
0.14719,0.17815,0.68749,-0.68845,0
0.14892,0.18437,0.69111,-0.68278,0
0.1457,0.19555,0.69762,-0.67369,0
0.14027,0.20796,0.70136,-0.66721,0
0.14191,0.21053,0.69714,-0.67048,0
0.14526,0.20263,0.69239,-0.67708,0
0.14185,0.19282,0.69385,-0.67917,0
0.13845,0.18806,0.69572,-0.67929,0
0.13473,0.18651,0.69765,-0.67849,0
0.12944,0.18433,0.69946,-0.67825,0
0.12362,0.18145,0.6985,-0.6811,0
0.11818,0.17859,0.69844,-0.68288,0
0.11556,0.17389,0.69794,-0.68505,0
0.11707,0.16977,0.69506,-0.68874,0
0.11979,0.16806,0.6911,-0.69267,0
0.12199,0.16769,0.6873,-0.69614,0
0.12356,0.16776,0.68499,-0.69812,0
0.12454,0.16744,0.68362,-0.69937,0
0.12501,0.16554,0.6817,-0.70161,0
0.12404,0.16335,0.68061,-0.70335,0
0.12138,0.16249,0.67997,-0.70463,0
0.11853,0.16256,0.67873,-0.70629,0
0.11563,0.16395,0.6766,-0.70849,0
0.11318,0.16565,0.67473,-0.71028,0
0.11194,0.16549,0.67449,-0.71074,0
0.11062,0.16538,0.67457,-0.71089,0
0.10959,0.16514,0.67435,-0.71131,0
0.10896,0.16405,0.67365,-0.71233,0
0.10775,0.16273,0.67284,-0.71358,0
0.10501,0.16227,0.67244,-0.71447,0
0.10107,0.1628,0.67288,-0.71451,0
0.097892,0.1638,0.6744,-0.71329,0
0.097891,0.16391,0.67623,-0.71152,0
0.10231,0.16243,0.67805,-0.70951,0
0.10932,0.16025,0.67988,-0.7072,0
0.1167,0.15903,0.68213,-0.70412,0
0.12372,0.15965,0.68542,-0.69958,0
0.13088,0.16146,0.68946,-0.69386,0
0.1375,0.16502,0.69227,-0.68893,0
0.14159,0.17173,0.69166,-0.68707,0
0.14271,0.18214,0.6875,-0.68833,0
0.14309,0.19596,0.68841,-0.68353,0
0.14151,0.21322,0.69175,-0.67527,0
0.14248,0.22353,0.69444,-0.66894,0
0.14554,0.22243,0.69217,-0.671,0
0.14474,0.22151,0.69173,-0.67193,0
0.14362,0.22377,0.69514,-0.6679,0
0.1421,0.2276,0.69728,-0.66469,0
0.14003,0.2284,0.69432,-0.66794,0
0.14569,0.21941,0.69108,-0.67308,0
0.15412,0.20685,0.68834,-0.67798,0
0.15682,0.19751,0.68807,-0.68041,0
0.15151,0.19135,0.68874,-0.68269,0
0.14314,0.18759,0.69065,-0.68361,0
0.13498,0.18732,0.69216,-0.68381,0
0.1295,0.18813,0.69107,-0.68575,0
0.12734,0.1865,0.6877,-0.68998,0
0.12876,0.18105,0.68492,-0.69392,0
0.13225,0.17304,0.68307,-0.69713,0
0.13442,0.16528,0.6802,-0.70139,0
0.13375,0.15993,0.67859,-0.70431,0
0.13073,0.15757,0.67829,-0.70569,0
0.12712,0.1578,0.67829,-0.70631,0
0.12473,0.15923,0.67735,-0.70731,0
0.12306,0.161,0.67617,-0.70833,0
0.12136,0.16242,0.67616,-0.70831,0
0.12012,0.16267,0.67738,-0.7073,0
0.11946,0.16188,0.6791,-0.70594,0
0.11874,0.16077,0.68078,-0.70469,0
0.1178,0.15963,0.68234,-0.7036,0
0.11709,0.15876,0.684,-0.70231,0
0.11696,0.15876,0.68599,-0.70038,0
0.11808,0.15961,0.6884,-0.69763,0
0.1212,0.16032,0.69072,-0.69464,0
0.12672,0.16036,0.69196,-0.6924,0
0.13311,0.16101,0.691,-0.692,0
0.13651,0.16565,0.68692,-0.69431,0
0.13694,0.17448,0.68622,-0.69275,0
0.13522,0.18707,0.68778,-0.68825,0
0.1345,0.19982,0.69022,-0.68233,0
0.13669,0.20909,0.69158,-0.67772,0
0.13926,0.21488,0.6869,-0.68015,0
0.14114,0.21632,0.68439,-0.68183,0
0.14134,0.21659,0.68692,-0.67915,0
0.13347,0.22477,0.69132,-0.67361,0
0.11991,0.23786,0.69423,-0.66864,0
0.1224,0.23823,0.69016,-0.67227,0
0.13271,0.2306,0.68886,-0.6743,0
0.14014,0.22141,0.686,-0.67878,0
0.14349,0.21359,0.6839,-0.6827,0
0.14169,0.20124,0.68265,-0.68805,0
0.13674,0.19081,0.68057,-0.69406,0
0.13166,0.18889,0.68171,-0.69445,0
0.12862,0.18888,0.68255,-0.69419,0
0.12778,0.18574,0.68155,-0.69617,0
0.12912,0.17908,0.67882,-0.70033,0
0.13257,0.16994,0.67667,-0.70403,0
0.13434,0.16194,0.67388,-0.70825,0
0.13269,0.1576,0.67274,-0.71061,0
0.12769,0.15745,0.67323,-0.7111,0
0.12164,0.16029,0.67402,-0.71078,0
0.11705,0.16378,0.67417,-0.71061,0
0.11418,0.1668,0.67441,-0.71015,0
0.11266,0.16878,0.6754,-0.70898,0
0.11227,0.16981,0.67658,-0.70767,0
0.11221,0.17059,0.67758,-0.70654,0
0.11166,0.17166,0.67863,-0.70536,0
0.11064,0.17295,0.67987,-0.70401,0
0.11033,0.17382,0.68104,-0.7027,0
0.1118,0.17374,0.68181,-0.70175,0
0.11529,0.17243,0.68228,-0.70105,0
0.12044,0.17022,0.68334,-0.69969,0
0.1255,0.16861,0.68542,-0.69715,0
0.12766,0.17014,0.68807,-0.69377,0
0.12515,0.17675,0.68868,-0.69197,0
0.12034,0.18651,0.68645,-0.69247,0
0.1161,0.1974,0.68503,-0.69158,0
0.11577,0.20683,0.68551,-0.68841,0
0.11691,0.21647,0.68872,-0.68201,0
0.10977,0.23243,0.69418,-0.67234,0
0.10422,0.24353,0.69412,-0.66935,0
0.11504,0.24016,0.68979,-0.67326,0
0.13029,0.23406,0.68545,-0.67706,0
0.14179,0.23164,0.68071,-0.68035,0
0.14748,0.231,0.67875,-0.68131,0
0.14536,0.22485,0.68122,-0.68136,0
0.13532,0.21404,0.68575,-0.68236,0
0.12195,0.20783,0.68927,-0.68326,0
0.11413,0.20976,0.68881,-0.68448,0
0.11304,0.20997,0.68853,-0.68488,0
0.11621,0.20307,0.68798,-0.68698,0
0.12203,0.19227,0.68465,-0.69238,0
0.12969,0.1806,0.68224,-0.6965,0
0.13658,0.16924,0.68033,-0.69989,0
0.13977,0.16029,0.67913,-0.70253,0
0.13847,0.15511,0.67974,-0.70337,0
0.1338,0.15338,0.6816,-0.70285,0
0.12712,0.15402,0.68371,-0.7019,0
0.12095,0.15458,0.68506,-0.70154,0
0.11702,0.15349,0.68552,-0.70201,0
0.11467,0.15206,0.68567,-0.70255,0
0.11248,0.15233,0.68626,-0.70228,0
0.10894,0.1551,0.68775,-0.70077,0
0.10469,0.15919,0.68974,-0.69854,0
0.10148,0.16275,0.69164,-0.69631,0
0.10098,0.16403,0.69328,-0.69445,0
0.10344,0.16252,0.69505,-0.69267,0
0.10838,0.15884,0.6976,-0.69021,0
0.11308,0.15602,0.70094,-0.6867,0
0.11416,0.15712,0.70304,-0.68412,0
0.11325,0.16055,0.70253,-0.68399,0
0.11527,0.16106,0.69795,-0.68822,0
0.11917,0.16038,0.69584,-0.68985,0
0.1193,0.16382,0.69657,-0.68828,0
0.11577,0.17189,0.70159,-0.68178,0
0.10235,0.18724,0.70641,-0.67487,0
0.09354,0.19802,0.70614,-0.67335,0
0.10639,0.20007,0.69847,-0.67881,0
0.12458,0.20043,0.68898,-0.68529,0
0.14085,0.20698,0.68239,-0.68677,0
0.15091,0.22043,0.6789,-0.68391,0
0.15521,0.23324,0.67641,-0.68116,0
0.1554,0.23932,0.67443,-0.68097,0
0.15154,0.24338,0.67297,-0.68185,0
0.14981,0.24765,0.67195,-0.6817,0
0.15345,0.24832,0.67023,-0.68233,0
0.15721,0.24509,0.66827,-0.68457,0
0.15938,0.23928,0.66805,-0.68633,0
0.15877,0.23241,0.66925,-0.68766,0
0.1559,0.22504,0.67113,-0.68894,0
0.15387,0.21729,0.67151,-0.69151,0
0.15427,0.21014,0.66942,-0.69564,0
0.15698,0.2045,0.66673,-0.69929,0
0.16082,0.20112,0.66612,-0.69998,0
0.16437,0.20042,0.66662,-0.69888,0
0.16854,0.20125,0.66874,-0.69561,0
0.17405,0.20238,0.67088,-0.69186,0
0.18123,0.20205,0.67134,-0.68967,0
0.19032,0.19851,0.67195,-0.68765,0
0.19713,0.19635,0.67532,-0.68303,0
0.19681,0.20179,0.68228,-0.67456,0
0.19404,0.20992,0.68677,-0.66831,0
0.19692,0.21179,0.68314,-0.67059,0
0.20102,0.21263,0.68037,-0.67192,0
0.20075,0.2195,0.68257,-0.66755,0
0.19795,0.23021,0.68624,-0.66098,0
0.19109,0.24356,0.68911,-0.6552,0
0.18081,0.25745,0.69494,-0.64659,0
0.17373,0.26692,0.69761,-0.6418,0
0.17522,0.27081,0.69606,-0.64145,0
0.18323,0.27229,0.69257,-0.64236,0
0.1931,0.27206,0.68676,-0.64581,0
0.20116,0.26944,0.68183,-0.64965,0
0.20353,0.26485,0.6802,-0.6525,0
0.20104,0.26068,0.68055,-0.65459,0
0.1968,0.25924,0.68111,-0.65586,0
0.19235,0.26096,0.68129,-0.65631,0
0.1887,0.26304,0.68092,-0.65692,0
0.18559,0.26341,0.68065,-0.65794,0
0.18253,0.26197,0.68085,-0.65916,0
0.18133,0.2584,0.68059,-0.66117,0
0.18307,0.25459,0.67922,-0.66357,0
0.18731,0.25106,0.67615,-0.66686,0
0.19325,0.2473,0.67175,-0.67101,0
0.1992,0.24379,0.66807,-0.67422,0
0.20355,0.242,0.66662,-0.67499,0
0.20439,0.24317,0.66699,-0.67395,0
0.20055,0.24704,0.66786,-0.67284,0
0.19687,0.24956,0.671,-0.66987,0
0.19419,0.25119,0.67414,-0.66688,0
0.1932,0.25141,0.67566,-0.66555,0
0.19375,0.24963,0.67588,-0.66583,0
0.19549,0.24568,0.67641,-0.66625,0
0.19792,0.2402,0.67774,-0.66618,0
0.19953,0.23606,0.68064,-0.66423,0
0.19918,0.23559,0.68496,-0.66004,0
0.19634,0.23938,0.69025,-0.65398,0
0.19374,0.24576,0.69547,-0.64682,0
0.19646,0.25116,0.69643,-0.6429,0
0.20196,0.2572,0.69202,-0.64356,0
0.20615,0.26641,0.68481,-0.64619,0
0.21079,0.27522,0.68258,-0.64336,0
0.21466,0.2825,0.68416,-0.63721,0
0.2141,0.29026,0.68508,-0.63291,0
0.21196,0.29716,0.68604,-0.62938,0
0.21201,0.30053,0.68596,-0.62785,0
0.2127,0.30131,0.68528,-0.62798,0
0.21255,0.29926,0.68498,-0.62934,0
0.21243,0.29417,0.68436,-0.63245,0
0.21353,0.2879,0.68257,-0.63688,0
0.21635,0.28165,0.68168,-0.63967,0
0.21752,0.27639,0.68164,-0.64161,0
0.21532,0.2707,0.68296,-0.64337,0
0.21108,0.26376,0.68467,-0.64584,0
0.20574,0.25606,0.68476,-0.65055,0
0.20102,0.2483,0.68254,-0.65733,0
0.19863,0.24103,0.6817,-0.66162,0
0.19832,0.23472,0.68191,-0.66376,0
0.19859,0.229,0.67913,-0.66851,0
0.19959,0.22211,0.6755,-0.67418,0
0.20037,0.21446,0.67269,-0.67923,0
0.19903,0.20843,0.67118,-0.68297,0
0.19476,0.20618,0.6714,-0.68467,0
0.18841,0.20791,0.67245,-0.6849,0
0.18201,0.21183,0.67369,-0.68421,0
0.17755,0.21431,0.67507,-0.68324,0
0.17513,0.21379,0.6764,-0.68272,0
0.17389,0.2112,0.67773,-0.68253,0
0.17287,0.20793,0.67959,-0.68194,0
0.17136,0.20524,0.68222,-0.6805,0
0.16942,0.20348,0.68547,-0.67826,0
0.16738,0.20299,0.68888,-0.67544,0
0.1664,0.20346,0.69157,-0.67279,0
0.16709,0.20473,0.69309,-0.67067,0
0.16675,0.20926,0.69433,-0.66807,0
0.16342,0.21871,0.69659,-0.6635,0
0.16015,0.22977,0.69886,-0.65814,0
0.1592,0.23957,0.69745,-0.65637,0
0.16083,0.24742,0.69329,-0.65747,0
0.16087,0.25773,0.69315,-0.65364,0
0.15824,0.2722,0.69844,-0.64269,0
0.16106,0.2794,0.69629,-0.64123,0
0.16923,0.27762,0.68555,-0.65138,0
0.17596,0.27938,0.68264,-0.65191,0
0.17998,0.28457,0.68025,-0.65106,0
0.17952,0.29155,0.67997,-0.6484,0
0.17602,0.29447,0.6825,-0.64537,0
0.17289,0.28922,0.68424,-0.64674,0
0.16802,0.27932,0.68552,-0.65101,0
0.16251,0.2693,0.68723,-0.65481,0
0.15944,0.26262,0.68889,-0.65654,0
0.15852,0.25706,0.68897,-0.65887,0
0.15816,0.24916,0.68757,-0.66344,0
0.15748,0.23938,0.68725,-0.66752,0
0.15663,0.23015,0.68658,-0.67165,0
0.15774,0.22132,0.68399,-0.67698,0
0.16233,0.21142,0.68152,-0.68152,0
0.16804,0.20109,0.67824,-0.68652,0
0.17228,0.19195,0.67331,-0.69291,0
0.17354,0.18566,0.67032,-0.6972,0
0.17102,0.18398,0.66942,-0.69913,0
0.16686,0.18576,0.66908,-0.69998,0
0.16443,0.18781,0.66928,-0.69982,0
0.16419,0.188,0.6697,-0.69943,0
0.16494,0.18603,0.67041,-0.6991,0
0.16606,0.18248,0.67133,-0.69888,0
0.16817,0.1773,0.67209,-0.69898,0
0.17122,0.17107,0.67198,-0.6999,0
0.17381,0.16567,0.67152,-0.701,0
0.1756,0.16192,0.67097,-0.70196,0
0.1761,0.16137,0.67062,-0.7023,0
0.1758,0.16443,0.67199,-0.70035,0
0.17653,0.17047,0.67575,-0.69508,0
0.17994,0.17778,0.6762,-0.69193,0
0.1862,0.18574,0.67263,-0.69167,0
0.19388,0.19494,0.67092,-0.68867,0
0.19958,0.20649,0.67104,-0.68355,0
0.1994,0.22396,0.67615,-0.67298,0
0.19762,0.24472,0.67997,-0.66234,0
0.19977,0.25889,0.67685,-0.6595,0
0.2052,0.26422,0.66981,-0.6629,0
0.21306,0.27138,0.66115,-0.66621,0
0.22113,0.28208,0.65275,-0.66742,0
0.22632,0.29405,0.64629,-0.6668,0
0.22505,0.30881,0.64195,-0.66475,0
0.21887,0.32528,0.64019,-0.66063,0
0.21305,0.33947,0.63925,-0.6563,0
0.21175,0.34862,0.6369,-0.6542,0
0.21333,0.35532,0.63331,-0.65357,0
0.21524,0.36206,0.63046,-0.652,0
0.21676,0.36933,0.62908,-0.64874,0
0.21797,0.37674,0.62734,-0.64575,0
0.21825,0.38427,0.6252,-0.64329,0
0.21665,0.39214,0.62404,-0.64021,0
0.21282,0.39909,0.62473,-0.63651,0
0.20725,0.40453,0.62736,-0.63232,0
0.20022,0.40889,0.63177,-0.62736,0
0.19247,0.41206,0.63714,-0.62227,0
0.18448,0.41423,0.64251,-0.61771,0
0.17793,0.41382,0.64694,-0.61528,0
0.17902,0.40608,0.64859,-0.61837,0
0.19082,0.38702,0.64813,-0.62748,0
0.19956,0.36774,0.64807,-0.63636,0
0.20285,0.35228,0.64925,-0.64283,0
0.20461,0.33342,0.65251,-0.64899,0
0.18163,0.33468,0.66434,-0.64317,0
0.16009,0.33366,0.67424,-0.6391,0
0.14889,0.32896,0.67891,-0.6393,0
0.13814,0.33895,0.67749,-0.63799,0
0.13392,0.34823,0.6754,-0.63611,0
0.13302,0.34928,0.67512,-0.63602,0
0.13111,0.34075,0.67724,-0.63878,0
0.12778,0.32728,0.6826,-0.64079,0
0.11733,0.32071,0.6873,-0.6411,0
0.10821,0.32781,0.69434,-0.63144,0
0.1081,0.34015,0.69032,-0.62934,0
0.11492,0.34265,0.6785,-0.63954,0
0.13166,0.33564,0.66927,-0.64969,0
0.15032,0.3278,0.66066,-0.65839,0
0.16511,0.32313,0.65064,-0.66708,0
0.17446,0.32231,0.64797,-0.66769,0
0.17531,0.32628,0.64921,-0.66433,0
0.17547,0.3283,0.64816,-0.66432,0
0.17962,0.32433,0.64461,-0.6686,0
0.18548,0.31869,0.63879,-0.67527,0
0.1927,0.31332,0.63411,-0.68014,0
0.19972,0.30836,0.62978,-0.6844,0
0.20329,0.30594,0.62406,-0.68965,0
0.20333,0.30716,0.62049,-0.69232,0
0.20221,0.30952,0.61851,-0.69336,0
0.20278,0.31082,0.61759,-0.69344,0
0.20673,0.31171,0.61907,-0.69055,0
0.21596,0.3128,0.62245,-0.68416,0
0.22928,0.31353,0.62316,-0.67882,0
0.24424,0.31271,0.61779,-0.67889,0
0.25774,0.30946,0.6098,-0.6826,0
0.26474,0.30667,0.60501,-0.68544,0
0.26314,0.30582,0.60781,-0.68396,0
0.2344,0.33004,0.63013,-0.66262,0
0.20059,0.36616,0.65964,-0.62496,0
0.20644,0.35793,0.66256,-0.62472,0
0.23209,0.32563,0.64635,-0.64987,0
0.25087,0.31784,0.63866,-0.65433,0
0.25072,0.33288,0.64843,-0.63708,0
0.24046,0.3401,0.66363,-0.62137,0
0.23492,0.32824,0.67351,-0.61924,0
0.22704,0.31501,0.67931,-0.6227,0
0.22094,0.30463,0.68397,-0.62496,0
0.22462,0.2965,0.68645,-0.62484,0
0.22861,0.29804,0.68746,-0.62154,0
0.23066,0.299,0.68953,-0.61802,0
0.23264,0.29292,0.69023,-0.6194,0
0.23241,0.28503,0.69101,-0.62229,0
0.22958,0.27936,0.69284,-0.62388,0
0.2261,0.27425,0.69442,-0.62566,0
0.2227,0.2696,0.69605,-0.62708,0
0.21852,0.2675,0.69583,-0.6297,0
0.21512,0.26672,0.69688,-0.63004,0
0.2113,0.268,0.70134,-0.62582,0
0.20453,0.2737,0.70556,-0.62084,0
0.19646,0.28295,0.71,-0.6142,0
0.19008,0.2926,0.71329,-0.60784,0
0.18625,0.3006,0.71398,-0.6043,0
0.18406,0.30524,0.71125,-0.60587,0
0.18277,0.30663,0.71128,-0.60552,0
0.18082,0.30808,0.71547,-0.60041,0
0.17966,0.30925,0.71626,-0.59921,0
0.18133,0.30946,0.71414,-0.60113,0
0.18359,0.31021,0.71219,-0.60236,0
0.18495,0.31158,0.71023,-0.60356,0
0.18437,0.31373,0.70944,-0.60355,0
0.18175,0.31619,0.70961,-0.60287,0
0.17831,0.31814,0.7099,-0.60252,0
0.17421,0.32016,0.71051,-0.60194,0
0.16849,0.32324,0.71251,-0.59954,0
0.1609,0.32802,0.71645,-0.59432,0
0.15315,0.33431,0.72135,-0.58688,0
0.15041,0.33922,0.72285,-0.58292,0
0.15192,0.34107,0.71832,-0.58703,0
0.15741,0.33959,0.71401,-0.59168,0
0.16305,0.33754,0.71157,-0.59426,0
0.1652,0.3377,0.70955,-0.596,0
0.16425,0.33938,0.70997,-0.5948,0
0.16144,0.34164,0.71157,-0.59236,0
0.15851,0.34323,0.71244,-0.59118,0
0.15431,0.34571,0.71387,-0.58912,0
0.14811,0.34971,0.71648,-0.58517,0
0.14405,0.35206,0.71872,-0.58202,0
0.14349,0.35097,0.71851,-0.58307,0
0.14437,0.34705,0.7168,-0.58728,0
0.14544,0.34125,0.71619,-0.59116,0
0.14476,0.33556,0.71737,-0.59315,0
0.14303,0.33008,0.7188,-0.59491,0
0.14102,0.32473,0.7199,-0.597,0
0.13864,0.32021,0.72099,-0.59868,0
0.13596,0.31669,0.7223,-0.59958,0
0.13299,0.31402,0.72384,-0.5998,0
0.12988,0.31163,0.72539,-0.59985,0
0.12729,0.30793,0.72646,-0.60102,0
0.12465,0.30281,0.72758,-0.60283,0
0.12107,0.29701,0.7294,-0.60423,0
0.11645,0.2912,0.73172,-0.60516,0
0.11184,0.28539,0.73363,-0.60649,0
0.10796,0.27948,0.73466,-0.60869,0
0.10483,0.27369,0.73486,-0.61162,0
0.10164,0.2684,0.73491,-0.61444,0
0.097737,0.26369,0.73537,-0.61655,0
0.093231,0.25906,0.73616,-0.61828,0
0.088446,0.2538,0.73672,-0.62049,0
0.083191,0.24783,0.737,-0.62329,0
0.077584,0.24089,0.73713,-0.62657,0
0.072415,0.23174,0.73662,-0.63123,0
0.067411,0.22095,0.73576,-0.63663,0
0.062128,0.21005,0.73528,-0.64139,0
0.056537,0.19923,0.73483,-0.64586,0
0.050067,0.18861,0.73446,-0.64999,0
0.041807,0.17921,0.73459,-0.65308,0
0.031407,0.17169,0.73497,-0.65525,0
0.018808,0.1667,0.73524,-0.65672,0
0.0050325,0.16383,0.73514,-0.6578,0
0.0080682,-0.1615,-0.73443,0.65914,0
0.019497,-0.15893,-0.7325,0.66167,0
0.028698,-0.15778,-0.72966,0.66474,0
0.034107,-0.15776,-0.72705,0.66734,0
0.033077,-0.15619,-0.72589,0.66903,0
0.026076,-0.15077,-0.7277,0.66862,0
0.01823,-0.14359,-0.73078,0.66709,0
0.012971,-0.13722,-0.7334,0.66568,0
0.012028,-0.13291,-0.73494,0.66487,0
0.014892,-0.12932,-0.73368,0.66691,0
0.020376,-0.12748,-0.73108,0.66997,0
0.027998,-0.12943,-0.73235,0.66792,0
0.03673,-0.13452,-0.73437,0.66427,0
0.044904,-0.1399,-0.73369,0.6634,0
0.053003,-0.14748,-0.73246,0.66253,0
0.06143,-0.15801,-0.73006,0.66203,0
0.06749,-0.17036,-0.73053,0.65784,0
0.073356,-0.18395,-0.72969,0.65447,0
0.080955,-0.19868,-0.72578,0.65362,0
0.088864,-0.21357,-0.72212,0.65194,0
0.094825,-0.22597,-0.71928,0.65006,0
0.097388,-0.23524,-0.71762,0.64823,0
0.097605,-0.24588,-0.71496,0.64718,0
0.10639,-0.26261,-0.70929,0.64547,0
0.12097,-0.2733,-0.70638,0.64164,0
0.11527,-0.27107,-0.70845,0.64135,0
0.10685,-0.2656,-0.70646,0.64727,0
0.10555,-0.26667,-0.704,0.64971,0
0.10956,-0.27329,-0.70204,0.64842,0
0.12006,-0.27439,-0.70034,0.64794,0
0.1352,-0.2739,-0.69947,0.64609,0
0.15055,-0.27647,-0.69721,0.64405,0
0.1656,-0.27981,-0.6946,0.64173,0
0.18298,-0.28454,-0.69266,0.63701,0
0.20007,-0.28962,-0.69104,0.6313,0
0.21305,-0.29219,-0.68965,0.6274,0
0.22047,-0.29049,-0.68878,0.62657,0
0.22331,-0.28615,-0.6895,0.62677,0
0.22523,-0.28311,-0.69201,0.62469,0
0.22953,-0.28245,-0.69368,0.62157,0
0.23565,-0.28348,-0.69445,0.61793,0
0.24197,-0.28428,-0.6946,0.61495,0
0.24821,-0.2844,-0.69402,0.61306,0
0.25524,-0.28443,-0.69175,0.61273,0
0.26147,-0.28481,-0.68967,0.61227,0
0.26615,-0.28626,-0.68848,0.61092,0
0.27032,-0.29035,-0.68581,0.61015,0
0.27254,-0.29981,-0.68264,0.60814,0
0.26935,-0.30345,-0.68251,0.6079,0
0.25909,-0.29517,-0.68549,0.61306,0
0.2493,-0.28775,-0.68744,0.61845,0
0.24786,-0.29014,-0.68708,0.61831,0
0.25094,-0.29626,-0.68608,0.61527,0
0.25661,-0.30241,-0.6832,0.61314,0
0.26605,-0.31046,-0.67878,0.60999,0
0.27905,-0.32048,-0.67387,0.60442,0
0.2918,-0.32818,-0.66946,0.59914,0
0.30156,-0.3314,-0.66618,0.59619,0
0.30779,-0.33355,-0.665,0.59311,0
0.31047,-0.33424,-0.66476,0.59159,0
0.30945,-0.3323,-0.66532,0.59259,0
0.30573,-0.32805,-0.66685,0.59517,0
0.30094,-0.32283,-0.66922,0.5978,0
0.29569,-0.31745,-0.67206,0.60011,0
0.29064,-0.31279,-0.6747,0.60205,0
0.28637,-0.3092,-0.67679,0.60361,0
0.28297,-0.30624,-0.6785,0.6048,0
0.28038,-0.30368,-0.67981,0.60583,0
0.27878,-0.30211,-0.68061,0.60646,0
0.27798,-0.30205,-0.68101,0.6064,0
0.27816,-0.30387,-0.6806,0.60586,0
0.27895,-0.30787,-0.67934,0.60489,0
0.28046,-0.31344,-0.67715,0.60379,0
0.28303,-0.31977,-0.67443,0.60232,0
0.28631,-0.32584,-0.67173,0.60052,0
0.28991,-0.33107,-0.66942,0.59852,0
0.29305,-0.33544,-0.66752,0.59667,0
0.29485,-0.33855,-0.66629,0.59541,0
0.29476,-0.34022,-0.66589,0.59494,0
0.29302,-0.34052,-0.66631,0.59516,0
0.28983,-0.33939,-0.66752,0.596,0
0.28536,-0.337,-0.66951,0.59729,0
0.28028,-0.33378,-0.67167,0.59908,0
0.2753,-0.33047,-0.67358,0.60108,0
0.27085,-0.3275,-0.67507,0.60305,0
0.26722,-0.32525,-0.67604,0.6048,0
0.26404,-0.32333,-0.67679,0.60638,0
0.2613,-0.3216,-0.67744,0.60776,0
0.25909,-0.32021,-0.67805,0.60876,0
0.25755,-0.31927,-0.67853,0.60937,0
0.25687,-0.31902,-0.67879,0.6095,0
0.25705,-0.31946,-0.67877,0.60921,0
0.25786,-0.32043,-0.67849,0.60868,0
0.25897,-0.32169,-0.67799,0.60809,0
0.26017,-0.3232,-0.67738,0.60747,0
0.26126,-0.32485,-0.67675,0.60681,0
0.26228,-0.32649,-0.67609,0.60623,0
0.26332,-0.32798,-0.67543,0.60571,0
0.26427,-0.3291,-0.67488,0.60531,0
0.26478,-0.3296,-0.67458,0.60515,0
0.26466,-0.3295,-0.67458,0.60525,0
0.26398,-0.32895,-0.67479,0.60561,0
0.26286,-0.32803,-0.67514,0.60621,0
0.26143,-0.32678,-0.67557,0.60702,0
0.25984,-0.32533,-0.676,0.608,0
0.25829,-0.32393,-0.67642,0.60894,0
0.25706,-0.3229,-0.67676,0.60963,0
0.2563,-0.3223,-0.67695,0.61005,0
0.25609,-0.3221,-0.67694,0.61026,0
0.25644,-0.32227,-0.67676,0.61022,0
0.2571,-0.32269,-0.67653,0.60998,0
0.25789,-0.32327,-0.67631,0.60958,0
0.25884,-0.32405,-0.67603,0.60908,0
0.2599,-0.3249,-0.67562,0.60863,0
0.26085,-0.32557,-0.67519,0.60834,0
0.26152,-0.32588,-0.67483,0.60829,0
0.26192,-0.32585,-0.67461,0.60837,0
0.26212,-0.32567,-0.67454,0.60846,0
0.26195,-0.32528,-0.67467,0.6086,0
0.26145,-0.32461,-0.67491,0.60891,0
0.26101,-0.3239,-0.67507,0.60929,0
0.26059,-0.32317,-0.67519,0.60973,0
0.26,-0.32233,-0.6754,0.61019,0
0.25928,-0.32152,-0.67576,0.61053,0
0.25844,-0.32072,-0.67618,0.61084,0
0.2575,-0.31988,-0.67665,0.61116,0
0.25681,-0.31922,-0.67702,0.61139,0
0.25637,-0.31876,-0.67729,0.61151,0
0.25614,-0.31847,-0.67745,0.61158,0
0.25607,-0.31826,-0.67756,0.61159,0
0.25608,-0.31804,-0.67771,0.61154,0
0.25614,-0.31779,-0.67782,0.61152,0
0.25632,-0.31752,-0.67786,0.61154,0
0.25661,-0.3172,-0.67785,0.6116,0
0.25694,-0.3168,-0.67784,0.61168,0
0.25726,-0.31636,-0.67785,0.61176,0
0.25744,-0.31582,-0.67795,0.61185,0
0.25739,-0.31511,-0.67814,0.61203,0
0.2571,-0.31431,-0.67843,0.61224,0
0.25662,-0.31349,-0.67883,0.61243,0
0.256,-0.31275,-0.6793,0.61254,0
0.25525,-0.31209,-0.67977,0.61266,0
0.25445,-0.31143,-0.68019,0.61287,0
0.25367,-0.31081,-0.68051,0.61316,0
0.25289,-0.31012,-0.68082,0.61348,0
0.25216,-0.30941,-0.68117,0.61375,0
0.25155,-0.30887,-0.68151,0.61389,0
0.25103,-0.30844,-0.68183,0.61396,0
0.25059,-0.30811,-0.68212,0.61399,0
0.25027,-0.30784,-0.68238,0.61397,0
0.25007,-0.30751,-0.68255,0.61402,0
0.24998,-0.30712,-0.68267,0.61412,0
0.24992,-0.3067,-0.68283,0.61418,0
0.24981,-0.30625,-0.68306,0.6142,0
0.24973,-0.30581,-0.68327,0.61422,0
0.24967,-0.30543,-0.68345,0.61423,0
0.24954,-0.30501,-0.68364,0.61427,0
0.2493,-0.30458,-0.68388,0.61432,0
0.24902,-0.30424,-0.68414,0.61432,0
0.24879,-0.304,-0.68437,0.61427,0
0.24867,-0.3039,-0.68456,0.61416,0
0.24866,-0.3039,-0.68468,0.61403,0
0.24877,-0.30397,-0.68471,0.61391,0
0.2489,-0.30403,-0.68468,0.61386,0
0.24897,-0.30403,-0.6847,0.61381,0
0.24902,-0.30409,-0.68477,0.61369,0
0.24909,-0.30421,-0.68482,0.61353,0
0.24925,-0.30438,-0.68486,0.61335,0
0.24948,-0.3046,-0.68491,0.6131,0
0.24964,-0.30477,-0.68501,0.61283,0
0.24961,-0.30484,-0.68521,0.61258,0
0.2494,-0.30483,-0.6855,0.61235,0
0.2491,-0.30484,-0.68584,0.61209,0
0.2487,-0.30485,-0.68621,0.61183,0
0.24821,-0.30482,-0.68663,0.61157,0
0.24773,-0.30476,-0.68709,0.61128,0
0.24727,-0.30469,-0.68757,0.61096,0
0.2469,-0.30453,-0.68794,0.61078,0
0.24666,-0.3042,-0.68812,0.61083,0
0.24651,-0.30379,-0.68824,0.61096,0
0.24642,-0.3034,-0.68843,0.61097,0
0.24641,-0.30324,-0.68862,0.61084,0
0.2466,-0.30338,-0.68871,0.6106,0
0.24696,-0.30375,-0.68873,0.61024,0
0.24738,-0.30418,-0.68872,0.60987,0
0.24788,-0.30458,-0.68875,0.60944,0
0.24844,-0.30499,-0.68882,0.60892,0
0.24904,-0.30541,-0.6889,0.60837,3
0.24957,-0.30581,-0.68899,0.60786,0
0.25008,-0.30622,-0.68908,0.60734,0
0.25062,-0.30664,-0.68909,0.60689,0
0.2512,-0.30701,-0.68904,0.60652,0
0.25181,-0.30737,-0.68898,0.60615,0
0.25244,-0.3077,-0.68894,0.60577,0
0.25306,-0.30804,-0.68892,0.60536,0
0.25373,-0.30841,-0.68895,0.60486,0
0.25451,-0.30878,-0.68892,0.60437,0
0.25534,-0.30909,-0.68885,0.60395,0
0.25608,-0.30925,-0.68878,0.60363,0
0.25667,-0.30932,-0.68883,0.60329,0
0.25714,-0.30933,-0.68894,0.60295,0
0.25769,-0.30944,-0.68904,0.60255,0
0.25838,-0.30968,-0.68913,0.60202,0
0.25908,-0.30994,-0.68924,0.60146,0
0.25981,-0.31028,-0.68934,0.60086,0
0.26059,-0.31064,-0.68938,0.6003,0
0.26138,-0.31096,-0.68942,0.59973,0
0.26216,-0.31125,-0.68953,0.59912,0
0.26289,-0.31147,-0.68969,0.59851,0
0.26362,-0.31159,-0.68984,0.59794,0
0.26444,-0.31161,-0.68998,0.59741,0
0.26534,-0.31152,-0.69007,0.59695,0
0.26624,-0.31136,-0.69018,0.59651,0
0.26707,-0.31123,-0.69036,0.596,0
0.2679,-0.31113,-0.69053,0.59547,0
0.26886,-0.31101,-0.69059,0.59504,0
0.27021,-0.31092,-0.69039,0.59471,0
0.27204,-0.31092,-0.68989,0.59445,0
0.27424,-0.31102,-0.68917,0.59422,0
0.27653,-0.31128,-0.68854,0.59376,0
0.27854,-0.31152,-0.68816,0.59314,0
0.28026,-0.31146,-0.68779,0.59278,0
0.28158,-0.31097,-0.6875,0.59275,0
0.28235,-0.30992,-0.68742,0.59303,0
0.28293,-0.30872,-0.68743,0.59337,0
0.28363,-0.3078,-0.68737,0.59357,0
0.28453,-0.30721,-0.68718,0.59368,0
0.28561,-0.30683,-0.68693,0.59363,0
0.28678,-0.30652,-0.68675,0.59345,0
0.28803,-0.3062,-0.68664,0.59313,0
0.28914,-0.30594,-0.68674,0.59261,0
0.28987,-0.30567,-0.68709,0.59199,0
0.28996,-0.30521,-0.68762,0.59157,0
0.28948,-0.30446,-0.68824,0.59146,0
0.28906,-0.30367,-0.68883,0.59139,0
0.28903,-0.30307,-0.68932,0.59114,0
0.28925,-0.30264,-0.68972,0.59079,0
0.28945,-0.30242,-0.69007,0.59039,0
0.28931,-0.30223,-0.69049,0.59008,0
0.28868,-0.30186,-0.69098,0.59,0
0.28762,-0.30143,-0.69154,0.59008,0
0.28668,-0.30134,-0.69205,0.58998,0
0.28637,-0.30185,-0.69241,0.58945,0
0.2868,-0.30289,-0.69257,0.58852,0
0.28785,-0.30443,-0.69255,0.58723,0
0.28927,-0.30632,-0.69231,0.58583,0
0.29099,-0.30844,-0.69188,0.58438,0
0.29304,-0.31073,-0.69125,0.58288,0
0.29536,-0.3131,-0.6905,0.58133,0
0.29799,-0.31552,-0.68967,0.57966,0
0.30093,-0.31802,-0.68878,0.57783,0
0.30395,-0.32051,-0.68785,0.57598,0
0.30679,-0.32282,-0.68688,0.57434,0
0.30936,-0.32487,-0.6859,0.57297,0
0.31152,-0.32642,-0.68504,0.57195,0
0.31351,-0.32763,-0.68427,0.57109,0
0.3154,-0.3286,-0.68361,0.57028,0
0.31718,-0.32943,-0.68302,0.56953,0
0.31887,-0.33028,-0.68238,0.56885,0
0.32051,-0.33122,-0.68173,0.56817,0
0.32222,-0.33247,-0.6811,0.56722,0
0.32424,-0.33409,-0.68033,0.56604,0
0.32667,-0.33585,-0.6794,0.56473,0
0.32962,-0.33781,-0.67827,0.56318,0
0.33291,-0.33994,-0.677,0.5615,0
0.33618,-0.34214,-0.67563,0.55987,0
0.33932,-0.34436,-0.67424,0.55829,0
0.34233,-0.34648,-0.67291,0.55674,0
0.34516,-0.34843,-0.67166,0.55528,0
0.34785,-0.35021,-0.67049,0.5539,0
0.3505,-0.35195,-0.66931,0.55254,0
0.35333,-0.35388,-0.668,0.5511,0
0.35634,-0.35604,-0.66653,0.54955,0
0.35957,-0.35835,-0.66495,0.54784,0
0.36304,-0.36075,-0.66334,0.54593,0
0.36657,-0.36304,-0.6618,0.54391,0
0.37,-0.36503,-0.6604,0.54196,0
0.37317,-0.36662,-0.65917,0.54021,0
0.37611,-0.36785,-0.6581,0.53864,0
0.37899,-0.36901,-0.657,0.53717,0
0.38183,-0.37024,-0.65584,0.53572,0
0.38456,-0.37161,-0.65467,0.53426,0
0.38715,-0.37322,-0.65359,0.53259,0
0.3898,-0.37526,-0.65244,0.53062,0
0.39267,-0.37762,-0.65104,0.52855,0
0.39564,-0.37996,-0.64954,0.52649,0
0.39877,-0.38211,-0.64809,0.52436,0
0.40219,-0.38423,-0.64661,0.52202,0
0.40595,-0.38643,-0.645,0.51947,0
0.40991,-0.38872,-0.64323,0.51685,0
0.41382,-0.39105,-0.64131,0.51434,0
0.41745,-0.39334,-0.63938,0.51207,0
0.42041,-0.39556,-0.63768,0.51005,0
0.42244,-0.39763,-0.63642,0.50833,0
0.42346,-0.39966,-0.63571,0.50678,0
0.42347,-0.40183,-0.63561,0.50518,0
0.42317,-0.40421,-0.6358,0.50329,0
0.42292,-0.40671,-0.63599,0.50124,0
0.42271,-0.40918,-0.636,0.4994,0
0.42242,-0.41156,-0.63568,0.49809,0
0.42215,-0.41398,-0.63499,0.49719,0
0.42219,-0.41681,-0.63373,0.4964,0
0.42292,-0.42059,-0.63144,0.49551,0
0.42434,-0.42522,-0.62818,0.49448,0
0.42646,-0.43061,-0.62396,0.49334,0
0.42911,-0.43677,-0.61883,0.49208,0
0.43222,-0.4439,-0.6127,0.49064,0
0.43586,-0.45213,-0.60544,0.48893,0
0.44048,-0.46083,-0.59644,0.48772,0
0.44627,-0.46958,-0.58552,0.48735,0
0.45089,-0.48008,-0.57504,0.48534,0
0.45444,-0.4909,-0.5648,0.48322,0
0.45691,-0.50101,-0.55471,0.4822,0
0.45814,-0.51016,-0.54499,0.48252,0
0.45857,-0.51839,-0.53564,0.48381,0
0.4584,-0.52593,-0.52676,0.48559,0
0.45757,-0.53307,-0.51883,0.48711,0
0.45746,-0.53967,-0.5109,0.48833,0
0.4594,-0.54598,-0.50175,0.48899,0
0.46197,-0.55371,-0.49236,0.48741,0
0.46569,-0.56268,-0.48201,0.48394,0
0.46987,-0.57284,-0.47091,0.47888,0
0.47321,-0.58433,-0.45996,0.47231,0
0.47621,-0.59493,-0.44925,0.46632,0
0.48014,-0.60252,-0.4385,0.46277,0
0.48352,-0.60896,-0.42878,0.45992,0
0.48678,-0.61499,-0.41954,0.45697,0
0.49011,-0.62092,-0.41056,0.45354,0
0.49328,-0.62646,-0.40207,0.45007,0
0.49601,-0.631,-0.39458,0.44735,0
0.49812,-0.63419,-0.38844,0.44586,0
0.49957,-0.63632,-0.38352,0.44547,0
0.50028,-0.63779,-0.37966,0.44586,0
0.50039,-0.63893,-0.37662,0.44669,0
0.50017,-0.64016,-0.37408,0.44731,0
0.49976,-0.64211,-0.37178,0.4469,0
0.49952,-0.64481,-0.36951,0.44515,0
