0.21326,-0.23941,-0.74641,0.58316,0
0.21243,-0.2399,-0.74667,0.58293,0
0.21198,-0.24003,-0.74684,0.58283,0
0.21174,-0.24002,-0.74694,0.58279,0
0.21164,-0.23998,-0.747,0.58276,0
0.21157,-0.23993,-0.74704,0.58275,0
0.21152,-0.23986,-0.74708,0.58274,0
0.2115,-0.23982,-0.74712,0.58273,0
0.2115,-0.23978,-0.74714,0.58272,0
0.21153,-0.23976,-0.74713,0.58272,0
0.21159,-0.23977,-0.74711,0.58273,0
0.21165,-0.23975,-0.74708,0.58275,0
0.21166,-0.23968,-0.74707,0.58279,0
0.21164,-0.23957,-0.74708,0.58283,0
0.21161,-0.23943,-0.74711,0.58286,0
0.21158,-0.23931,-0.74712,0.5829,0
0.21156,-0.23924,-0.74714,0.58292,0
0.21154,-0.23922,-0.74715,0.58292,0
0.21151,-0.2392,-0.74716,0.58292,0
0.21143,-0.23914,-0.74721,0.58292,0
0.21135,-0.23901,-0.74726,0.58293,0
0.21128,-0.23884,-0.74732,0.58295,0
0.21123,-0.23866,-0.74738,0.58297,0
0.2112,-0.23848,-0.74743,0.58299,0
0.21118,-0.23835,-0.74747,0.583,0
0.21115,-0.23824,-0.7475,0.58301,0
0.21113,-0.23812,-0.74755,0.58301,0
0.21112,-0.23802,-0.74758,0.58301,0
0.21114,-0.23792,-0.74759,0.58303,0
0.21117,-0.23781,-0.74761,0.58304,0
0.21121,-0.23771,-0.74762,0.58306,0
0.21124,-0.2376,-0.74762,0.58309,0
0.21124,-0.23751,-0.74763,0.5831,0
0.21118,-0.23743,-0.74766,0.58312,0
0.21109,-0.23731,-0.74771,0.58315,0
0.21101,-0.23722,-0.74774,0.58317,0
0.21097,-0.23715,-0.74776,0.58318,0
0.21092,-0.23708,-0.74779,0.5832,0
0.21089,-0.23702,-0.74781,0.58321,0
0.21083,-0.23693,-0.74785,0.58321,0
0.21074,-0.2368,-0.74791,0.58322,0
0.21067,-0.23669,-0.74795,0.58324,0
0.21064,-0.23667,-0.74795,0.58325,0
0.21066,-0.23671,-0.74792,0.58327,0
0.21067,-0.23679,-0.74788,0.58328,0
0.21067,-0.23687,-0.74785,0.58329,0
0.21062,-0.23691,-0.74783,0.58331,0
0.21053,-0.2369,-0.74783,0.58335,0
0.21042,-0.23685,-0.74784,0.5834,0
0.21032,-0.23681,-0.74785,0.58345,0
0.21028,-0.23689,-0.74783,0.58346,0
0.21024,-0.23701,-0.74782,0.58343,0
0.21017,-0.23709,-0.74781,0.58343,0
0.21006,-0.23712,-0.74783,0.58344,0
0.20991,-0.23709,-0.74787,0.58345,0
0.20976,-0.23704,-0.74792,0.58346,0
0.20965,-0.23703,-0.74795,0.58347,0
0.20957,-0.23703,-0.74796,0.58348,0
0.20952,-0.23708,-0.74795,0.5835,0
0.20953,-0.23714,-0.74792,0.58351,0
0.20954,-0.23722,-0.74788,0.58353,0
0.20955,-0.23728,-0.74785,0.58353,0
0.20955,-0.23734,-0.74782,0.58354,0
0.20954,-0.2374,-0.7478,0.58355,0
0.20951,-0.23741,-0.74779,0.58357,0
0.20947,-0.23739,-0.74779,0.58359,0
0.20942,-0.23739,-0.7478,0.5836,0
0.20942,-0.23744,-0.74779,0.58359,0
0.20945,-0.23756,-0.74774,0.5836,0
0.20951,-0.23773,-0.74765,0.58361,0
0.20955,-0.23788,-0.74758,0.58363,0
0.20954,-0.23797,-0.74753,0.58367,0
0.20943,-0.23797,-0.74753,0.5837,0
0.20928,-0.23793,-0.74757,0.58372,0
0.20913,-0.2379,-0.74762,0.58373,0
0.20898,-0.23789,-0.74766,0.58373,0
0.20887,-0.23792,-0.74769,0.58373,0
0.20875,-0.23795,-0.7477,0.58373,0
0.20864,-0.23796,-0.74772,0.58374,0
0.20851,-0.23796,-0.74775,0.58375,0
0.20842,-0.23792,-0.74777,0.58378,0
0.20836,-0.23788,-0.74776,0.58383,0
0.20834,-0.23787,-0.74772,0.58388,0
0.20835,-0.23789,-0.74767,0.58394,0
0.2083,-0.23788,-0.74764,0.584,0
0.20821,-0.23784,-0.74764,0.58405,0
0.20811,-0.2378,-0.74765,0.58409,0
0.20802,-0.23779,-0.74766,0.58412,0
0.20797,-0.23779,-0.74764,0.58415,0
0.20794,-0.2378,-0.74763,0.58418,0
0.20789,-0.23777,-0.74762,0.58422,0
0.20779,-0.23768,-0.74765,0.58425,0
0.20767,-0.23755,-0.7477,0.58429,0
0.20754,-0.23742,-0.74774,0.58433,0
0.20745,-0.23735,-0.74777,0.58435,0
0.20739,-0.23733,-0.74777,0.58438,0
0.20734,-0.23731,-0.74776,0.58442,0
0.20727,-0.23724,-0.74776,0.58447,0
0.20719,-0.23712,-0.74778,0.58453,0
0.20709,-0.23698,-0.74781,0.58459,0
0.20694,-0.23686,-0.74785,0.58463,0
0.2068,-0.23677,-0.74789,0.58466,0
0.20669,-0.23673,-0.74792,0.58469,0
0.20658,-0.23674,-0.74793,0.58471,0
0.2065,-0.23674,-0.74793,0.58473,0
0.20644,-0.23673,-0.74792,0.58477,0
0.20638,-0.23671,-0.74792,0.5848,0
0.20631,-0.23668,-0.74793,0.58482,0
0.20621,-0.23662,-0.74795,0.58487,0
0.2061,-0.23654,-0.74796,0.58491,0
0.206,-0.23651,-0.74797,0.58496,0
0.20593,-0.23654,-0.74795,0.58498,0
0.20586,-0.23663,-0.74792,0.58502,0
0.20578,-0.23675,-0.74789,0.58503,0
0.20571,-0.23688,-0.74786,0.58504,0
0.20565,-0.237,-0.74783,0.58506,0
0.20558,-0.23709,-0.74781,0.58507,0
0.20545,-0.23708,-0.74782,0.5851,0
0.20528,-0.237,-0.74787,0.58514,0
0.20516,-0.23695,-0.74791,0.58515,0
0.20502,-0.23696,-0.74794,0.58515,0
0.20492,-0.23701,-0.74795,0.58515,0
0.20482,-0.23709,-0.74795,0.58515,0
0.20474,-0.23719,-0.74794,0.58516,0
0.20467,-0.23732,-0.74792,0.58516,0
0.20461,-0.23748,-0.7479,0.58514,0
0.20453,-0.23762,-0.74789,0.58512,0
0.20441,-0.2377,-0.7479,0.58511,0
0.2043,-0.23771,-0.74791,0.58514,0
0.20421,-0.2377,-0.7479,0.58519,0
0.20416,-0.23769,-0.74787,0.58524,0
0.20416,-0.23777,-0.74782,0.58528,0
0.20417,-0.23794,-0.74774,0.5853,0
0.20417,-0.23814,-0.74767,0.58532,0
0.20415,-0.2383,-0.7476,0.58535,0
0.20411,-0.23843,-0.74754,0.58538,0
0.20406,-0.2385,-0.74749,0.58543,0
0.20401,-0.23856,-0.74744,0.58549,0
0.20395,-0.23862,-0.74741,0.58553,0
0.20388,-0.23865,-0.74739,0.58557,0
0.20382,-0.23867,-0.74737,0.58561,0
0.20377,-0.23867,-0.74735,0.58565,0
0.20371,-0.23866,-0.74734,0.58569,0
0.20365,-0.23862,-0.74733,0.58573,0
0.20358,-0.23861,-0.74732,0.58578,0
0.20354,-0.23862,-0.74728,0.58583,0
0.20349,-0.23867,-0.74725,0.58587,0
0.20344,-0.23871,-0.74721,0.58592,0
0.20339,-0.23872,-0.74718,0.58597,0
0.20333,-0.23873,-0.74716,0.58602,0
0.20327,-0.23874,-0.74714,0.58606,0
0.2032,-0.23872,-0.74714,0.58609,0
0.20314,-0.23871,-0.74712,0.58614,0
0.20307,-0.23868,-0.74711,0.58619,0
0.20299,-0.23864,-0.7471,0.58625,0
0.20292,-0.23859,-0.74708,0.58632,0
0.20285,-0.23854,-0.74707,0.58637,0
0.20278,-0.23847,-0.74707,0.58643,0
0.2027,-0.23838,-0.74708,0.58648,0
0.20262,-0.23828,-0.74709,0.58654,0
0.20254,-0.23823,-0.74709,0.58659,0
0.20248,-0.23822,-0.74708,0.58662,0
0.20245,-0.23825,-0.74705,0.58666,0
0.20243,-0.23828,-0.747,0.58671,0
0.20241,-0.23829,-0.74696,0.58676,0
0.20239,-0.23828,-0.74694,0.58681,0
0.20235,-0.23823,-0.74692,0.58686,0
0.20229,-0.23816,-0.74692,0.58691,0
0.20221,-0.23809,-0.74693,0.58695,0
0.20214,-0.23805,-0.74694,0.58699,0
0.20208,-0.23802,-0.74694,0.58701,0
0.20204,-0.23801,-0.74693,0.58705,0
0.20205,-0.23802,-0.74688,0.5871,0
0.2021,-0.23808,-0.74682,0.58714,0
0.20216,-0.23817,-0.74674,0.58718,0
0.20222,-0.23827,-0.74665,0.58723,0
0.20222,-0.23834,-0.7466,0.58727,0
0.2022,-0.23841,-0.74657,0.58729,0
0.2021,-0.23844,-0.74658,0.58729,0
0.20194,-0.23841,-0.74664,0.58729,0
0.20181,-0.23835,-0.74668,0.58731,0
0.20168,-0.23829,-0.74671,0.58733,0
0.20158,-0.23823,-0.74672,0.58738,0
0.2015,-0.23821,-0.74671,0.58744,0
0.20145,-0.23824,-0.74668,0.58748,0
0.20146,-0.23831,-0.74663,0.5875,0
0.20145,-0.23839,-0.7466,0.58752,0
0.20141,-0.23839,-0.7466,0.58754,0
0.20139,-0.23833,-0.74658,0.58758,0
0.2014,-0.23828,-0.74656,0.58762,0
0.20138,-0.2382,-0.74654,0.5877,0
0.20136,-0.23811,-0.74651,0.58778,0
0.20132,-0.23803,-0.74649,0.58784,0
0.20125,-0.23792,-0.74649,0.58791,0
0.20118,-0.23784,-0.74648,0.58799,0
0.20112,-0.23781,-0.74645,0.58805,0
0.20108,-0.23786,-0.7464,0.58811,0
0.20107,-0.23796,-0.74632,0.58818,0
0.20104,-0.2381,-0.74623,0.58824,0
0.20098,-0.23825,-0.74616,0.58829,0
0.20081,-0.23835,-0.74614,0.58834,0
0.2006,-0.23844,-0.74614,0.58837,0
0.20041,-0.23857,-0.74614,0.58839,0
0.20023,-0.23873,-0.74612,0.58841,0
0.20013,-0.23895,-0.74606,0.58842,0
0.20006,-0.23923,-0.74599,0.58843,0
0.2,-0.23951,-0.7459,0.58845,0
0.19995,-0.23974,-0.74581,0.58849,0
0.1999,-0.23994,-0.74572,0.58853,0
0.19985,-0.24009,-0.74564,0.58859,0
0.1998,-0.24017,-0.74558,0.58865,0
0.19975,-0.24022,-0.74554,0.5887,0
0.19971,-0.24026,-0.74549,0.58876,0
0.19969,-0.2403,-0.74544,0.58882,0
0.19969,-0.24034,-0.74538,0.58887,0
0.19969,-0.24036,-0.74533,0.58892,0
0.19968,-0.24035,-0.74529,0.58898,0
0.19967,-0.24032,-0.74527,0.58903,0
0.19966,-0.24028,-0.74523,0.58909,0
0.19964,-0.24026,-0.74521,0.58914,0
0.19964,-0.24025,-0.74517,0.58919,0
0.19963,-0.24024,-0.74513,0.58924,0
0.1996,-0.24022,-0.74512,0.58928,0
0.19955,-0.24019,-0.74511,0.58932,0
0.19951,-0.24019,-0.74507,0.58939,0
0.1995,-0.24024,-0.745,0.58946,0
0.19953,-0.24036,-0.74489,0.58953,0
0.1996,-0.24053,-0.74477,0.5896,0
0.19966,-0.24071,-0.74465,0.58965,0
0.19968,-0.24082,-0.74456,0.58971,0
0.19962,-0.24084,-0.74453,0.58977,0
0.19955,-0.2408,-0.74451,0.58983,0
0.19949,-0.24077,-0.74449,0.58989,0
0.19946,-0.24079,-0.74445,0.58993,0
0.19946,-0.24085,-0.7444,0.58998,0
0.19947,-0.24092,-0.74434,0.59003,0
0.1995,-0.241,-0.74426,0.59008,0
0.19951,-0.24106,-0.74418,0.59015,0
0.1995,-0.24108,-0.74412,0.59022,0
0.19944,-0.24104,-0.7441,0.59028,0
0.19935,-0.24096,-0.74411,0.59034,0
0.19926,-0.24087,-0.74412,0.59039,0
0.19919,-0.24079,-0.74412,0.59045,0
0.19914,-0.24072,-0.74411,0.5905,0
0.19912,-0.24069,-0.74408,0.59056,0
0.19913,-0.24069,-0.74402,0.59064,0
0.19917,-0.24074,-0.74393,0.59071,0
0.1992,-0.24084,-0.74385,0.59077,0
0.1992,-0.24093,-0.74379,0.59081,0
0.19912,-0.24095,-0.74376,0.59085,0
0.199,-0.24092,-0.74375,0.59092,0
0.19891,-0.24096,-0.74372,0.59098,0
0.19889,-0.24107,-0.74366,0.59102,0
0.19892,-0.24125,-0.74357,0.59105,0
0.19893,-0.24144,-0.74349,0.59106,0
0.19892,-0.24153,-0.74344,0.59109,0
0.19887,-0.24156,-0.74342,0.59112,0
0.19878,-0.24152,-0.74342,0.59118,0
0.19872,-0.24149,-0.74339,0.59124,0
0.19871,-0.24153,-0.74334,0.59129,0
0.19875,-0.24165,-0.74326,0.59133,0
0.19884,-0.24184,-0.74314,0.59137,0
0.19895,-0.24208,-0.74301,0.5914,0
0.19898,-0.24223,-0.74293,0.59143,0
0.19891,-0.24225,-0.74291,0.59147,0
0.19878,-0.24218,-0.74292,0.59152,0
0.19866,-0.2421,-0.74295,0.59157,0
0.19858,-0.24207,-0.74295,0.5916,0
0.19857,-0.24211,-0.74292,0.59162,0
0.19861,-0.24221,-0.74287,0.59164,0
0.19868,-0.24233,-0.7428,0.59166,0
0.19875,-0.24247,-0.74272,0.59167,0
0.1988,-0.24259,-0.74266,0.59168,0
0.19876,-0.24263,-0.74265,0.59169,0
0.19862,-0.24255,-0.74268,0.59172,0
0.19844,-0.24239,-0.74275,0.59176,0
0.19827,-0.24224,-0.74283,0.59179,0
0.19817,-0.24217,-0.74286,0.59181,0
0.19813,-0.2422,-0.74285,0.59182,0
0.19816,-0.24231,-0.7428,0.59183,0
0.19822,-0.24243,-0.74272,0.59187,0
0.19827,-0.24252,-0.74263,0.59192,0
0.19831,-0.24258,-0.74255,0.59198,0
0.19832,-0.24261,-0.74249,0.59205,0
0.19833,-0.24264,-0.74243,0.5921,0
0.19837,-0.24268,-0.74238,0.59214,0
0.1984,-0.24272,-0.74234,0.59217,0
0.19841,-0.24271,-0.74232,0.59219,0
0.19835,-0.24263,-0.74233,0.59223,0
0.19826,-0.24248,-0.74236,0.59228,0
0.19817,-0.24231,-0.7424,0.59233,0
0.19813,-0.24222,-0.74241,0.59237,0
0.19816,-0.24221,-0.74237,0.59241,0
0.19825,-0.24228,-0.74231,0.59243,0
0.19834,-0.24237,-0.74224,0.59245,0
0.19838,-0.24239,-0.7422,0.59248,0
0.19832,-0.24229,-0.74221,0.59253,0
0.19821,-0.24211,-0.74225,0.59259,0
0.19812,-0.24193,-0.74228,0.59266,0
0.19811,-0.24183,-0.74227,0.59271,0
0.19818,-0.24182,-0.74221,0.59277,0
0.19827,-0.24183,-0.74214,0.59282,0
0.19833,-0.24183,-0.74209,0.59286,0
0.19833,-0.24177,-0.74206,0.59293,0
0.19832,-0.24168,-0.74204,0.593,0
0.19827,-0.24157,-0.74204,0.59306,0
0.19822,-0.24146,-0.74204,0.59312,0
0.19819,-0.2414,-0.74202,0.59317,0
0.19822,-0.24142,-0.74199,0.59319,0
0.19826,-0.24148,-0.74194,0.59321,0
0.19827,-0.24149,-0.74193,0.59323,0
0.19823,-0.24144,-0.74193,0.59325,0
0.19816,-0.24133,-0.74194,0.59331,0
0.19809,-0.24123,-0.74195,0.59337,0
0.19807,-0.24118,-0.74193,0.59342,0
0.1981,-0.2412,-0.74188,0.59346,0
0.19815,-0.24129,-0.74181,0.59349,0
0.19817,-0.24136,-0.74176,0.59352,0
0.19813,-0.24136,-0.74174,0.59356,0
0.19807,-0.24129,-0.74174,0.59361,0
0.19802,-0.24123,-0.74173,0.59366,0
0.19803,-0.24122,-0.74169,0.59371,0
0.1981,-0.24129,-0.74163,0.59374,0
0.1982,-0.24139,-0.74154,0.59377,0
0.19829,-0.24149,-0.74146,0.5938,0
0.19835,-0.24152,-0.74139,0.59386,0
0.19838,-0.24151,-0.74134,0.59392,0
0.19838,-0.24146,-0.74131,0.59397,0
0.19837,-0.24141,-0.7413,0.59401,0
0.19834,-0.24135,-0.7413,0.59404,0
0.19831,-0.24128,-0.74131,0.59406,0
0.19832,-0.24124,-0.74131,0.59408,0
0.19837,-0.24123,-0.74128,0.59411,0
0.1984,-0.24121,-0.74125,0.59414,0
0.19842,-0.24116,-0.74122,0.59419,0
0.19842,-0.24108,-0.74121,0.59423,0
0.1984,-0.241,-0.74122,0.59427,0
0.19837,-0.24091,-0.74124,0.59429,0
0.19836,-0.24082,-0.74125,0.59431,0
0.19836,-0.24075,-0.74126,0.59433,0
0.19837,-0.24069,-0.74126,0.59435,0
0.19838,-0.24063,-0.74126,0.59437,0
0.19838,-0.24057,-0.74126,0.5944,0
0.19836,-0.24051,-0.74126,0.59442,0
0.19833,-0.24047,-0.74127,0.59444,0
0.19833,-0.24048,-0.74125,0.59446,0
0.19836,-0.24053,-0.74121,0.59448,0
0.19838,-0.24056,-0.74118,0.5945,0
0.19837,-0.24051,-0.74118,0.59452,0
0.19834,-0.24041,-0.7412,0.59454,0
0.19831,-0.2403,-0.74124,0.59456,0
0.1983,-0.24021,-0.74127,0.59456,0
0.19829,-0.24014,-0.74129,0.59457,0
0.19827,-0.24006,-0.7413,0.59459,0
0.19822,-0.23998,-0.74132,0.59461,0
0.19817,-0.23988,-0.74134,0.59464,0
0.19815,-0.23982,-0.74135,0.59467,0
0.19815,-0.2398,-0.74133,0.59469,0
0.19816,-0.2398,-0.74132,0.59471,0
0.19812,-0.23979,-0.74133,0.59471,0
0.19807,-0.23978,-0.74135,0.5947,0
0.19801,-0.23978,-0.74139,0.59468,0
0.19792,-0.23977,-0.74143,0.59466,0
0.19787,-0.23975,-0.74145,0.59466,0
0.19783,-0.23973,-0.74146,0.59467,0
0.19782,-0.23971,-0.74146,0.59468,0
0.19782,-0.2397,-0.74145,0.5947,0
0.19782,-0.23967,-0.74145,0.59471,0
0.1978,-0.23961,-0.74147,0.59472,0
0.19775,-0.23952,-0.7415,0.59474,0
0.19769,-0.23942,-0.74153,0.59475,0
0.19767,-0.23938,-0.74154,0.59476,0
0.19768,-0.23936,-0.74155,0.59476,0
0.19768,-0.23933,-0.74154,0.59479,0
0.19771,-0.23929,-0.7415,0.59483,0
0.19773,-0.23925,-0.74148,0.59487,0
0.19774,-0.23919,-0.74148,0.59489,0
0.19773,-0.23914,-0.74148,0.59492,0
0.19774,-0.23912,-0.74146,0.59494,0
0.19777,-0.23912,-0.74144,0.59496,0
0.19781,-0.23914,-0.74141,0.59498,0
0.19782,-0.23914,-0.74139,0.59499,0
0.19779,-0.23907,-0.74141,0.59501,0
0.1977,-0.23894,-0.74146,0.59503,0
0.19762,-0.23881,-0.74152,0.59504,0
0.19756,-0.23873,-0.74156,0.59503,0
0.19754,-0.23871,-0.7416,0.595,0
0.19758,-0.23876,-0.74159,0.59498,0
0.19762,-0.23879,-0.74158,0.59497,0
0.19765,-0.23879,-0.74156,0.59498,0
0.19767,-0.23876,-0.74153,0.59502,0
0.1977,-0.23872,-0.74151,0.59505,0
0.19776,-0.23871,-0.7415,0.59506,0
0.19782,-0.23873,-0.74148,0.59504,0
0.19782,-0.23871,-0.7415,0.59503,0
0.19775,-0.23863,-0.74155,0.59503,0
0.19765,-0.23849,-0.74162,0.59502,0
0.19753,-0.23834,-0.7417,0.59503,1
0.19744,-0.23821,-0.74176,0.59503,0
0.19741,-0.23811,-0.74179,0.59505,0
0.19744,-0.23805,-0.74179,0.59507,0
0.19749,-0.23802,-0.74176,0.59509,0
0.19755,-0.23801,-0.74173,0.59511,0
0.19758,-0.23801,-0.74172,0.59512,0
0.19757,-0.238,-0.74171,0.59514,0
0.19751,-0.23795,-0.74173,0.59516,0
0.19744,-0.23788,-0.74174,0.59519,0
0.19739,-0.23783,-0.74175,0.59521,0
0.19737,-0.23784,-0.74174,0.59523,0
0.19738,-0.23789,-0.74172,0.59523,0
0.19739,-0.23796,-0.7417,0.59522,0
0.19739,-0.238,-0.7417,0.59521,0
0.19736,-0.23798,-0.74173,0.59519,0
0.19727,-0.23789,-0.74179,0.59518,0
0.19715,-0.23773,-0.74188,0.59517,0
0.19705,-0.23754,-0.74195,0.59519,0
0.19701,-0.2374,-0.74199,0.59521,0
0.19702,-0.23732,-0.74199,0.59524,0
0.19706,-0.23728,-0.74196,0.59528,0
0.19706,-0.23725,-0.74195,0.59531,0
0.19704,-0.23721,-0.74196,0.59532,0
0.19697,-0.23711,-0.74201,0.59532,0
0.19687,-0.23696,-0.74208,0.59532,0
0.19679,-0.23681,-0.74214,0.59533,0
0.19673,-0.23669,-0.74219,0.59534,0
0.19672,-0.23661,-0.74221,0.59535,0
0.19674,-0.23659,-0.74219,0.59537,0
0.19676,-0.23658,-0.74218,0.59538,0
0.19675,-0.23655,-0.7422,0.59538,0
0.1967,-0.23647,-0.74222,0.59539,0
0.19666,-0.23638,-0.74225,0.59541,0
0.1966,-0.23631,-0.74227,0.59543,0
0.19657,-0.23626,-0.74228,0.59545,0
0.19659,-0.23626,-0.74228,0.59544,0
0.19661,-0.23629,-0.74227,0.59543,0
0.19665,-0.23632,-0.74225,0.59544,0
0.19666,-0.2363,-0.74224,0.59545,0
0.19665,-0.23623,-0.74224,0.59548,0
0.19663,-0.23617,-0.74224,0.59551,0
0.19662,-0.23612,-0.74224,0.59553,0
0.19662,-0.2361,-0.74223,0.59555,0
0.19665,-0.23612,-0.74221,0.59557,0
0.19669,-0.23617,-0.74218,0.59558,0
0.1967,-0.23618,-0.74216,0.59558,0
0.19667,-0.23613,-0.74218,0.5956,0
0.1966,-0.23601,-0.74222,0.59561,0
0.19651,-0.23586,-0.74229,0.59562,0
0.19644,-0.23576,-0.74234,0.59562,0
0.1964,-0.23574,-0.74237,0.59561,0
0.19635,-0.23575,-0.74239,0.59559,0
0.19628,-0.23574,-0.74242,0.59558,0
0.1962,-0.23568,-0.74245,0.59559,0
0.19611,-0.23557,-0.74249,0.5956,0
0.19605,-0.23547,-0.74253,0.59562,0
0.19605,-0.23542,-0.74254,0.59563,0
0.1961,-0.23543,-0.74251,0.59565,0
0.19614,-0.23545,-0.74247,0.59567,0
0.19616,-0.23545,-0.74244,0.59571,0
0.19614,-0.2354,-0.74244,0.59574,0
0.19609,-0.2353,-0.74245,0.59578,0
0.19603,-0.2352,-0.74247,0.59581,0
0.19602,-0.23515,-0.74247,0.59584,0
0.19604,-0.23515,-0.74245,0.59586,0
0.19607,-0.23518,-0.74241,0.59588,0
0.19611,-0.23522,-0.74236,0.59591,0
0.19613,-0.23525,-0.74232,0.59595,0
0.19613,-0.23524,-0.74228,0.596,0
0.19614,-0.23521,-0.74224,0.59605,0
0.19617,-0.23518,-0.74221,0.5961,0
0.1962,-0.23515,-0.74218,0.59614,0
0.19624,-0.23516,-0.74214,0.59617,0
0.19625,-0.23522,-0.74212,0.59617,0
0.19623,-0.23529,-0.74211,0.59616,0
0.19618,-0.23534,-0.74211,0.59615,0
0.19609,-0.23532,-0.74215,0.59615,0
0.19602,-0.23526,-0.74217,0.59617,0
0.19597,-0.2352,-0.74218,0.5962,0
0.19598,-0.23517,-0.74215,0.59623,0
0.19602,-0.2352,-0.74211,0.59626,0
0.19609,-0.23529,-0.74206,0.59627,0
0.19614,-0.23538,-0.74201,0.59628,0
0.1961,-0.23537,-0.74202,0.59629,0
0.19601,-0.23528,-0.74205,0.59631,0
0.19593,-0.23518,-0.74208,0.59634,0
0.1959,-0.23513,-0.74208,0.59637,0
0.19595,-0.23514,-0.74205,0.59639,0
0.19604,-0.2352,-0.74199,0.59641,0
0.19613,-0.23527,-0.74192,0.59643,0
0.19621,-0.23533,-0.74186,0.59646,0
0.19625,-0.23534,-0.74181,0.5965,0
0.19622,-0.23528,-0.7418,0.59655,0
0.19616,-0.23518,-0.74182,0.59659,0
0.19612,-0.2351,-0.74183,0.59662,0
0.19611,-0.23507,-0.74184,0.59663,0
0.1961,-0.23508,-0.74183,0.59663,0
0.19611,-0.23512,-0.74182,0.59663,0
0.1961,-0.23519,-0.74179,0.59664,0
0.19608,-0.23525,-0.74176,0.59666,0
0.19606,-0.23527,-0.74173,0.59669,0
0.19604,-0.23527,-0.74171,0.59673,0
0.19605,-0.23526,-0.74167,0.59678,0
0.19609,-0.23527,-0.74161,0.59684,0
0.19613,-0.23531,-0.74154,0.59689,0
0.19619,-0.23541,-0.74146,0.59693,0
0.19624,-0.23555,-0.74139,0.59695,0
0.19628,-0.23567,-0.74132,0.59697,0
0.1963,-0.23575,-0.74127,0.597,0
0.19629,-0.23578,-0.74124,0.59703,0
0.19628,-0.23577,-0.74121,0.59707,0
0.19627,-0.23571,-0.74121,0.5971,0
0.19627,-0.23566,-0.74121,0.59712,0
0.19626,-0.23563,-0.7412,0.59715,0
0.19624,-0.23562,-0.74119,0.59716,0
0.19624,-0.23563,-0.74118,0.59717,0
0.19625,-0.23563,-0.74117,0.59719,0
0.19628,-0.2356,-0.74114,0.59722,0
0.19628,-0.23554,-0.74114,0.59726,0
0.19626,-0.23544,-0.74114,0.5973,0
0.19621,-0.23536,-0.74116,0.59732,0
0.19615,-0.23533,-0.74117,0.59734,0
0.1961,-0.23537,-0.74117,0.59734,0
0.19607,-0.23547,-0.74115,0.59733,0
0.19608,-0.23556,-0.74112,0.59733,0
0.19611,-0.2356,-0.74108,0.59736,0
0.19615,-0.2356,-0.74104,0.59739,0
0.19619,-0.23557,-0.74101,0.59743,0
0.1962,-0.23551,-0.741,0.59746,0
0.19619,-0.23547,-0.741,0.59748,0
0.19619,-0.23543,-0.741,0.59749,0
0.19619,-0.23539,-0.74101,0.5975,0
0.19619,-0.23533,-0.74102,0.59751,0
0.19619,-0.23526,-0.74103,0.59753,0
0.1962,-0.23517,-0.74103,0.59756,0
0.19622,-0.23509,-0.74102,0.59759,0
0.19622,-0.23497,-0.74102,0.59764,0
0.19628,-0.23487,-0.74099,0.5977,0
0.19636,-0.23481,-0.74094,0.59775,0
0.19643,-0.23474,-0.7409,0.59781,0
0.19644,-0.23465,-0.74089,0.59786,0
0.1964,-0.23455,-0.74088,0.59792,0
0.19635,-0.23446,-0.74089,0.59796,0
0.19631,-0.23442,-0.7409,0.59798,0
0.19629,-0.2344,-0.74089,0.598,0
0.19628,-0.23439,-0.74088,0.59802,0
0.19629,-0.23442,-0.74086,0.59803,0
0.19627,-0.23444,-0.74085,0.59805,0
0.19624,-0.23442,-0.74085,0.59807,0
0.19622,-0.23439,-0.74084,0.59809,0
0.19629,-0.23444,-0.74079,0.59812,0
0.1964,-0.23453,-0.74071,0.59814,0
0.19653,-0.23464,-0.74062,0.59816,0
0.19663,-0.23472,-0.74055,0.59819,0
0.19666,-0.23469,-0.74052,0.59822,0
0.19663,-0.23456,-0.74053,0.59827,0
0.19661,-0.23442,-0.74053,0.59834,0
0.19662,-0.23428,-0.74052,0.5984,0
0.19666,-0.23416,-0.7405,0.59845,0
0.19669,-0.23399,-0.7405,0.59851,0
0.19671,-0.23375,-0.7405,0.59861,0
0.19677,-0.23354,-0.74048,0.59869,0
0.19686,-0.23336,-0.74044,0.59878,0
0.19695,-0.23322,-0.7404,0.59886,0
0.19703,-0.23314,-0.74035,0.59892,0
0.1971,-0.23309,-0.74031,0.59897,0
0.19714,-0.23307,-0.74027,0.59901,0
0.19713,-0.23303,-0.74025,0.59905,0
0.19711,-0.23299,-0.74024,0.59909,0
0.19709,-0.23296,-0.74023,0.59912,0
0.19709,-0.23294,-0.74021,0.59915,0
0.19713,-0.23297,-0.74016,0.59919,0
0.19719,-0.23305,-0.7401,0.59921,0
0.19726,-0.23316,-0.74003,0.59923,0
0.19733,-0.23327,-0.73996,0.59925,0
0.19739,-0.23335,-0.7399,0.59928,0
0.19741,-0.23337,-0.73986,0.5993,0
0.19742,-0.23334,-0.73985,0.59933,0
0.19739,-0.23327,-0.73986,0.59936,0
0.19736,-0.23318,-0.73987,0.59939,0
0.19733,-0.23311,-0.73989,0.5994,0
0.19729,-0.23306,-0.73991,0.59941,0
0.19722,-0.23299,-0.73994,0.59942,0
0.19713,-0.23292,-0.73998,0.59943,0
0.19706,-0.23288,-0.73999,0.59945,0
0.19701,-0.23288,-0.74,0.59947,0
0.19697,-0.2329,-0.73999,0.59948,0
0.1969,-0.23292,-0.73999,0.59949,0
0.19685,-0.23295,-0.73998,0.59951,0
0.19685,-0.23306,-0.73993,0.59953,0
0.19687,-0.23327,-0.73986,0.59953,0
0.19689,-0.2335,-0.73978,0.59953,0
0.1969,-0.23372,-0.7397,0.59954,0
0.19684,-0.2339,-0.73967,0.59953,0
0.19673,-0.23404,-0.73966,0.59952,0
0.1966,-0.23414,-0.73968,0.5995,0
0.19652,-0.23423,-0.73968,0.59949,0
0.1965,-0.23435,-0.73966,0.59948,0
0.1965,-0.23448,-0.73962,0.59947,0
0.1965,-0.23459,-0.73959,0.59947,0
0.19647,-0.23469,-0.73956,0.59947,0
0.19641,-0.23476,-0.73956,0.59947,0
0.19632,-0.2348,-0.73958,0.59945,0
0.19624,-0.23482,-0.73961,0.59944,0
0.19619,-0.23485,-0.73963,0.59942,0
0.19615,-0.2349,-0.73964,0.5994,0
0.19612,-0.23497,-0.73965,0.59937,0
0.1961,-0.23505,-0.73964,0.59936,0
0.19606,-0.2351,-0.73964,0.59935,0
0.19602,-0.23514,-0.73963,0.59936,0
0.19601,-0.2352,-0.73961,0.59936,0
0.19603,-0.23531,-0.73956,0.59937,0
0.19601,-0.23542,-0.73954,0.59936,0
0.19594,-0.23549,-0.73954,0.59936,0
0.19582,-0.23553,-0.73957,0.59934,0
0.1957,-0.23554,-0.73962,0.59932,0
0.19563,-0.23554,-0.73963,0.59933,0
0.19562,-0.23558,-0.73962,0.59933,0
0.19567,-0.23565,-0.73959,0.59933,0
0.19571,-0.23574,-0.73954,0.59934,0
0.19576,-0.23583,-0.7395,0.59934,0
0.19578,-0.2359,-0.73946,0.59934,0
0.1958,-0.23596,-0.73944,0.59935,0
0.19579,-0.236,-0.73942,0.59935,0
0.19576,-0.23604,-0.73941,0.59936,0
0.19571,-0.23607,-0.73942,0.59935,0
0.19566,-0.23612,-0.73943,0.59934,0
0.19563,-0.23619,-0.73943,0.59933,0
0.19564,-0.23627,-0.73941,0.59931,0
0.19567,-0.23637,-0.73937,0.59931,0
0.1957,-0.23644,-0.73933,0.59932,0
0.1957,-0.23647,-0.73932,0.59932,0
0.19566,-0.23647,-0.73933,0.59933,0
0.1956,-0.23644,-0.73935,0.59934,0
0.19553,-0.2364,-0.73937,0.59934,0
0.19548,-0.2364,-0.73939,0.59933,0
0.19551,-0.23643,-0.73937,0.59934,0
0.19558,-0.2365,-0.73932,0.59934,0
0.19566,-0.23656,-0.73927,0.59936,0
0.19573,-0.23657,-0.73924,0.59938,0
0.19575,-0.23652,-0.73922,0.59941,0
0.19577,-0.23646,-0.73921,0.59944,0
0.1958,-0.23642,-0.7392,0.59946,0
0.19585,-0.23643,-0.73917,0.59948,0
0.19593,-0.23649,-0.73913,0.59948,0
0.19602,-0.23656,-0.73909,0.59947,0
0.19606,-0.23656,-0.73908,0.59946,0
0.19606,-0.23648,-0.73909,0.59948,0
0.19607,-0.23638,-0.7391,0.59951,0
0.19612,-0.23631,-0.73909,0.59953,0
0.1962,-0.23632,-0.73906,0.59954,0
0.1963,-0.23634,-0.73904,0.59953,0
0.19635,-0.23635,-0.73904,0.59951,0
0.19635,-0.23629,-0.73906,0.59951,0
0.19633,-0.23619,-0.73909,0.59951,0
0.19633,-0.23608,-0.73911,0.59953,0
0.19635,-0.23597,-0.73913,0.59954,0
0.19639,-0.23587,-0.73914,0.59956,0
0.19643,-0.23581,-0.73915,0.59956,0
0.19648,-0.23576,-0.73916,0.59954,0
0.19654,-0.23573,-0.73917,0.59953,0
0.19656,-0.23566,-0.73918,0.59953,0
0.19656,-0.23554,-0.73921,0.59954,0
0.19654,-0.2354,-0.73925,0.59956,0
0.19653,-0.23529,-0.73927,0.59958,0
0.19655,-0.23524,-0.73927,0.59959,0
0.19661,-0.23524,-0.73925,0.5996,0
0.19668,-0.23526,-0.73922,0.5996,0
0.19674,-0.23527,-0.73919,0.59962,0
0.19679,-0.23525,-0.73916,0.59964,0
0.19682,-0.2352,-0.73913,0.59969,0
0.19685,-0.23517,-0.7391,0.59973,0
0.19688,-0.23514,-0.73908,0.59976,0
0.19693,-0.23514,-0.73904,0.59979,0
0.19697,-0.23516,-0.73901,0.5998,0
0.19698,-0.23514,-0.739,0.59982,0
0.19699,-0.23512,-0.73899,0.59984,0
0.197,-0.23509,-0.73899,0.59985,0
0.19699,-0.23504,-0.739,0.59986,0
0.19697,-0.235,-0.739,0.59988,0
0.19699,-0.23498,-0.73899,0.59989,0
0.19703,-0.23499,-0.73896,0.59991,0
0.19707,-0.23502,-0.73893,0.59993,0
0.1971,-0.23506,-0.73889,0.59995,0
0.19711,-0.23509,-0.73886,0.59997,0
0.1971,-0.23512,-0.73885,0.59997,0
0.19708,-0.23514,-0.73885,0.59997,0
0.19705,-0.23517,-0.73886,0.59996,0
0.19702,-0.23518,-0.73887,0.59996,0
0.19702,-0.23518,-0.73885,0.59998,0
0.19707,-0.23521,-0.73881,0.6,0
0.19712,-0.23525,-0.73876,0.60002,0
0.19715,-0.23528,-0.73872,0.60005,0
0.19718,-0.2353,-0.7387,0.60007,0
0.19719,-0.23532,-0.73868,0.60008,0
0.1972,-0.23535,-0.73866,0.60008,0
0.1972,-0.23539,-0.73865,0.60009,0
0.1972,-0.23543,-0.73864,0.60008,0
0.1972,-0.23548,-0.73862,0.60008,0
0.19724,-0.23556,-0.73859,0.60008,0
0.19734,-0.23567,-0.73852,0.60009,0
0.19745,-0.23579,-0.73845,0.60009,0
0.19756,-0.2359,-0.73839,0.60008,0
0.19763,-0.23598,-0.73836,0.60007,0
0.19763,-0.23601,-0.73835,0.60006,0
0.19759,-0.23602,-0.73836,0.60007,0
0.19754,-0.23601,-0.73837,0.60007,0
0.19752,-0.23603,-0.73836,0.60008,0
0.19755,-0.23608,-0.73833,0.6001,0
0.19759,-0.23615,-0.73828,0.60011,0
0.19762,-0.2362,-0.73825,0.60012,0
0.19763,-0.23621,-0.73824,0.60013,0
0.19761,-0.23618,-0.73824,0.60014,0
0.19759,-0.23615,-0.73825,0.60014,0
0.19759,-0.23612,-0.73826,0.60015,0
0.1976,-0.23609,-0.73827,0.60014,0
0.19762,-0.23608,-0.73828,0.60013,0
0.19762,-0.23607,-0.73829,0.60012,0
0.1976,-0.23604,-0.73832,0.6001,0
0.19755,-0.23598,-0.73837,0.60009,0
0.19752,-0.23592,-0.73841,0.60007,0
0.1975,-0.23587,-0.73844,0.60005,0
0.19747,-0.23582,-0.73849,0.60002,0
0.19745,-0.23578,-0.73853,0.6,0
0.19744,-0.23576,-0.73855,0.59998,0
0.19743,-0.23575,-0.73857,0.59997,0
0.19745,-0.23576,-0.73857,0.59996,0
0.19746,-0.2358,-0.73856,0.59994,0
0.19748,-0.23585,-0.73855,0.59993,0
0.19749,-0.23593,-0.73854,0.59991,0
0.19747,-0.236,-0.73855,0.59988,0
0.19743,-0.23604,-0.73857,0.59985,0
0.19736,-0.23607,-0.7386,0.59982,0
0.19733,-0.23613,-0.73862,0.59979,0
0.19734,-0.23626,-0.7386,0.59975,0
0.19738,-0.23644,-0.73857,0.59971,0
0.19743,-0.23664,-0.73853,0.59967,0
0.19746,-0.23681,-0.73849,0.59963,0
0.19746,-0.23692,-0.73847,0.59961,0
0.19744,-0.23697,-0.73847,0.5996,0
0.19742,-0.237,-0.73849,0.59958,0
0.19741,-0.23704,-0.7385,0.59955,0
0.19743,-0.23711,-0.73851,0.5995,0
0.19746,-0.2372,-0.73852,0.59945,0
0.19748,-0.23728,-0.73853,0.59939,0
0.19749,-0.23733,-0.73854,0.59935,0
0.19749,-0.23734,-0.73857,0.59932,0
0.19749,-0.23732,-0.7386,0.59928,0
0.19753,-0.2373,-0.73863,0.59925,0
0.19757,-0.2373,-0.73866,0.5992,0
0.19761,-0.2373,-0.73869,0.59915,0
0.19768,-0.23731,-0.73872,0.59909,0
0.19777,-0.23732,-0.73872,0.59905,0
0.19792,-0.23735,-0.73869,0.59902,0
0.19814,-0.23742,-0.73864,0.59898,0
0.19832,-0.23745,-0.73862,0.59894,0
0.19848,-0.23739,-0.73862,0.59891,0
0.19865,-0.23728,-0.73863,0.59888,0
0.19882,-0.23712,-0.73865,0.59886,0
0.19903,-0.23695,-0.73865,0.59887,0
0.1993,-0.23678,-0.73862,0.59887,0
0.19958,-0.23655,-0.73862,0.59888,0
0.19985,-0.23623,-0.73863,0.5989,0
0.20014,-0.23586,-0.73865,0.59892,0
0.20044,-0.23542,-0.73868,0.59896,0
0.20074,-0.23491,-0.73872,0.59902,0
0.201,-0.23428,-0.73878,0.5991,0
0.20121,-0.23355,-0.73886,0.59921,0
0.20138,-0.23275,-0.73896,0.59935,0
0.20156,-0.23195,-0.73903,0.5995,0
0.20183,-0.23123,-0.73905,0.59967,0
0.20219,-0.23061,-0.739,0.59985,0
0.20259,-0.23001,-0.73893,0.60002,0
0.20299,-0.22943,-0.73887,0.6002,0
0.20338,-0.22884,-0.73881,0.60036,0
0.20373,-0.22825,-0.73876,0.60053,0
0.20407,-0.22771,-0.73868,0.60072,0
0.20451,-0.22733,-0.73849,0.60094,0
0.20521,-0.2273,-0.73812,0.60117,0
0.20615,-0.2277,-0.73763,0.60129,0
0.20704,-0.2282,-0.73717,0.60137,0
0.20777,-0.2285,-0.73674,0.60152,0
0.2084,-0.22859,-0.73637,0.60173,0
0.20896,-0.22856,-0.736,0.602,0
0.20959,-0.22849,-0.73559,0.60231,0
0.21051,-0.22859,-0.73502,0.60264,0
0.21173,-0.22893,-0.73432,0.60295,0
0.21303,-0.22935,-0.73357,0.60323,0
0.21426,-0.22964,-0.73287,0.60353,0
0.21527,-0.22954,-0.73233,0.60387,0
0.21613,-0.2291,-0.73197,0.60417,0
0.21727,-0.22874,-0.73152,0.60444,0
0.21905,-0.22883,-0.73071,0.60474,0
0.22127,-0.22902,-0.72966,0.60514,0
0.22442,-0.22953,-0.72819,0.60555,0
0.22858,-0.23066,-0.72634,0.60579,0
0.23351,-0.23219,-0.72419,0.6059,0
0.2385,-0.23311,-0.72214,0.60604,0
0.24326,-0.23275,-0.72042,0.60634,0
0.24785,-0.23111,-0.71903,0.60676,0
0.25251,-0.22802,-0.71796,0.60727,0
0.2574,-0.22414,-0.71704,0.60775,0
0.26278,-0.21987,-0.71624,0.60795,0
0.26902,-0.21573,-0.71526,0.60786,0
0.27636,-0.21234,-0.71383,0.60744,0
0.2844,-0.20952,-0.71217,0.60666,0
0.29252,-0.20489,-0.71054,0.60629,0
0.30162,-0.19998,-0.70811,0.60632,0
0.30992,-0.19452,-0.7061,0.60624,0
0.31704,-0.18704,-0.70468,0.60657,0
0.32417,-0.17877,-0.70332,0.60688,0
0.331,-0.17048,-0.70202,0.60709,0
0.33672,-0.1619,-0.70111,0.60733,0
0.34087,-0.15259,-0.70098,0.60758,0
0.34395,-0.14335,-0.70146,0.60754,0
0.34637,-0.13495,-0.70231,0.60711,0
0.34798,-0.12728,-0.70361,0.60634,0
0.34935,-0.12111,-0.70495,0.60525,0
0.35065,-0.11725,-0.70584,0.60422,0
0.35126,-0.11568,-0.70648,0.60343,0
0.35118,-0.11661,-0.70687,0.60284,0
0.3505,-0.11947,-0.70703,0.60248,0
0.34928,-0.12401,-0.7071,0.60219,0
0.34749,-0.13051,-0.70707,0.60189,0
0.34492,-0.13885,-0.70687,0.60174,0
0.3414,-0.14874,-0.70651,0.6018,0
0.33703,-0.15994,-0.70598,0.60202,0
0.33189,-0.17227,-0.7052,0.60238,0
0.32596,-0.18548,-0.70424,0.60283,0
0.3192,-0.1992,-0.70318,0.6033,0
0.31165,-0.21311,-0.70211,0.60374,0
0.30332,-0.22707,-0.70104,0.60414,0
0.2942,-0.241,-0.70001,0.60444,0
0.28434,-0.25482,-0.69899,0.60467,0
0.27376,-0.26835,-0.69798,0.60488,0
0.26239,-0.28132,-0.69705,0.60509,0
0.25032,-0.29362,-0.69622,0.60531,0
0.23767,-0.30525,-0.69546,0.60553,0
0.22454,-0.31613,-0.69469,0.60585,0
0.21111,-0.32627,-0.69377,0.60635,0
0.19762,-0.33579,-0.69264,0.60699,0
0.18435,-0.34493,-0.69127,0.60761,0
0.17146,-0.35375,-0.68966,0.60814,0
0.15905,-0.36221,-0.68778,0.60866,0
0.14723,-0.37029,-0.68566,0.60917,0
0.13587,-0.37781,-0.68343,0.6097,0
0.12504,-0.38458,-0.68138,0.61007,0
0.11493,-0.39077,-0.6797,0.61,0
0.10589,-0.39663,-0.67849,0.60919,0
0.097882,-0.40181,-0.67782,0.60788,0
0.090907,-0.4048,-0.67799,0.6068,0
0.085121,-0.40531,-0.67884,0.60634,0
0.081176,-0.40314,-0.68038,0.60661,0
0.079656,-0.39873,-0.6825,0.60733,0
0.080622,-0.39258,-0.68516,0.60823,0
0.0836,-0.38573,-0.68813,0.60885,0
0.089438,-0.38575,-0.68962,0.60632,0
0.094387,-0.39579,-0.68586,0.60335,0
0.083706,-0.39044,-0.68635,0.60785,0
0.073388,-0.38084,-0.69123,0.60973,0
0.077845,-0.37732,-0.69315,0.60919,0
0.087544,-0.37924,-0.69279,0.60709,0
0.094729,-0.3797,-0.69394,0.60441,0
0.094741,-0.37541,-0.69775,0.60269,0
0.08982,-0.36359,-0.70314,0.60443,0
0.088832,-0.35226,-0.70821,0.60536,0
0.094534,-0.34843,-0.71028,0.60428,0
0.096876,-0.34389,-0.71138,0.60523,0
0.099578,-0.34013,-0.71299,0.60501,0
0.10488,-0.33901,-0.71408,0.60346,0
0.11071,-0.33912,-0.71482,0.60148,0
0.11564,-0.33842,-0.71585,0.59971,0
0.11922,-0.33635,-0.71741,0.59831,0
0.12096,-0.33254,-0.7196,0.59746,0
0.12141,-0.32742,-0.72226,0.59699,0
0.12182,-0.32194,-0.72502,0.59654,0
0.12297,-0.3169,-0.72764,0.59582,0
0.12537,-0.31318,-0.72985,0.59457,0
0.12922,-0.31133,-0.73143,0.59278,0
0.13375,-0.31057,-0.73256,0.59077,0
0.13829,-0.3099,-0.7336,0.58878,0
0.14243,-0.30867,-0.73479,0.58695,0
0.14564,-0.30624,-0.73632,0.58553,0
0.14806,-0.30282,-0.73808,0.58447,0
0.15027,-0.29909,-0.73984,0.5836,0
0.15266,-0.29556,-0.74131,0.58292,0
0.15533,-0.2925,-0.74239,0.58239,0
0.15843,-0.29025,-0.74308,0.5818,0
0.16193,-0.28881,-0.74348,0.58103,0
0.16538,-0.28773,-0.74376,0.58025,0
0.16841,-0.28658,-0.74405,0.57957,0
0.17084,-0.28513,-0.74448,0.57902,0
0.17264,-0.28329,-0.74505,0.57866,0
0.17411,-0.28134,-0.74561,0.57845,0
0.17562,-0.27975,-0.746,0.57825,0
0.17731,-0.27869,-0.74619,0.57801,0
0.17912,-0.27814,-0.7462,0.5777,0
0.18102,-0.27797,-0.74609,0.57733,0
0.18289,-0.27801,-0.74595,0.5769,0
0.18456,-0.27799,-0.74592,0.57643,0
0.18585,-0.27764,-0.74604,0.57602,0
0.18684,-0.27701,-0.7463,0.57567,0
0.1877,-0.27628,-0.74661,0.57533,0
0.18865,-0.27574,-0.74688,0.57494,0
0.1898,-0.27548,-0.74705,0.57446,0
0.19114,-0.27545,-0.74715,0.57391,0
0.19258,-0.27553,-0.74723,0.57328,0
0.19403,-0.27554,-0.74735,0.57262,0
0.19539,-0.27537,-0.74755,0.57198,0
0.19677,-0.27506,-0.74777,0.57137,0
0.19825,-0.27474,-0.74798,0.57074,0
0.19972,-0.27433,-0.7482,0.57014,0
0.20119,-0.27377,-0.7484,0.56963,0
0.20253,-0.27293,-0.74864,0.56923,0
0.20368,-0.27175,-0.74895,0.56897,0
0.2046,-0.27032,-0.74927,0.5689,0
0.2054,-0.26873,-0.74952,0.56904,0
0.20678,-0.26761,-0.74941,0.56923,0
0.2091,-0.26738,-0.74885,0.56921,0
0.21184,-0.26763,-0.74818,0.56897,0
0.21479,-0.26802,-0.74745,0.56864,0
0.21763,-0.26831,-0.74676,0.56833,0
0.22008,-0.26818,-0.74626,0.5681,0
0.22221,-0.26754,-0.7459,0.56805,0
0.22419,-0.26675,-0.74556,0.56808,0
0.22622,-0.26604,-0.74518,0.56812,0
0.22841,-0.26552,-0.74464,0.56819,0
0.23059,-0.26508,-0.74405,0.56828,0
0.23263,-0.26455,-0.74351,0.56841,0
0.23458,-0.26394,-0.74299,0.56857,0
0.2365,-0.2634,-0.7425,0.56867,0
0.23846,-0.263,-0.74197,0.56872,0
0.24042,-0.26276,-0.74143,0.56872,0
0.24224,-0.26249,-0.74094,0.56871,0
0.24381,-0.26205,-0.74057,0.56872,0
0.24503,-0.26132,-0.74041,0.56875,0
0.24631,-0.26059,-0.7402,0.56879,0
0.24781,-0.26022,-0.73982,0.5688,0
0.24945,-0.26023,-0.73933,0.56872,0
0.25117,-0.26042,-0.73876,0.56861,0
0.25291,-0.26068,-0.73817,0.56849,0
0.25462,-0.26096,-0.73759,0.56835,0
0.25623,-0.26114,-0.73703,0.56828,0
0.25763,-0.26108,-0.73656,0.56828,0
0.25885,-0.26079,-0.73622,0.5683,0
0.26,-0.26033,-0.73594,0.56834,0
0.26114,-0.2598,-0.73569,0.5684,0
0.26223,-0.2592,-0.73547,0.56845,0
0.26326,-0.25852,-0.7353,0.5685,0
0.26417,-0.25776,-0.73519,0.56857,0
0.26488,-0.25689,-0.73518,0.56864,0
0.26544,-0.25601,-0.73527,0.56867,0
0.26593,-0.25522,-0.73539,0.56864,0
0.26658,-0.25469,-0.73533,0.56865,0
0.26736,-0.25445,-0.73514,0.56863,0
0.26812,-0.25436,-0.73497,0.56853,0
0.26893,-0.25434,-0.73476,0.56843,0
0.26964,-0.25426,-0.73458,0.56836,0
0.27008,-0.25395,-0.73455,0.56833,0
0.27032,-0.25347,-0.73462,0.56834,0
0.27052,-0.25307,-0.73471,0.56832,0
0.27069,-0.25286,-0.73479,0.56822,0
0.27085,-0.25284,-0.73484,0.56808,0
0.27084,-0.25284,-0.73495,0.56794,0
0.27051,-0.25273,-0.73521,0.56782,0
0.26999,-0.25267,-0.73551,0.56771,0
0.2694,-0.25288,-0.73576,0.56756,0
0.26874,-0.25339,-0.73593,0.56743,2
0.26807,-0.25415,-0.73598,0.56734,0
0.2674,-0.25519,-0.73594,0.56725,0
0.26654,-0.25636,-0.73594,0.56712,0
0.26536,-0.25744,-0.73609,0.567,0
0.26383,-0.25838,-0.73633,0.56697,0
0.26194,-0.25917,-0.73663,0.5671,0
0.25967,-0.25967,-0.7369,0.56756,0
0.25718,-0.25997,-0.73707,0.56833,0
0.25447,-0.26016,-0.73735,0.5691,0
0.25166,-0.26052,-0.73782,0.56958,0
0.24919,-0.26138,-0.73817,0.56981,0
0.24723,-0.26289,-0.73831,0.56979,0
0.24545,-0.26471,-0.73839,0.56961,0
0.24342,-0.2662,-0.73859,0.56954,0
0.24062,-0.26688,-0.73925,0.56956,0
0.23725,-0.26704,-0.74031,0.56951,0
0.23432,-0.26752,-0.74121,0.56933,0
0.23226,-0.26889,-0.7417,0.56888,0
0.23069,-0.2708,-0.74201,0.56821,0
0.22931,-0.27289,-0.74235,0.56734,0
0.22782,-0.27477,-0.74273,0.56653,0
0.22605,-0.27621,-0.74313,0.56601,0
0.22379,-0.27701,-0.74367,0.56581,0
0.22141,-0.27754,-0.74426,0.56571,0
0.21937,-0.27825,-0.74466,0.56563,0
0.21756,-0.27908,-0.74499,0.56548,0
0.21601,-0.28,-0.74533,0.56518,0
0.21469,-0.28086,-0.74568,0.56479,0
0.21331,-0.28133,-0.74609,0.56454,0
0.21146,-0.28095,-0.74668,0.56465,0
0.20924,-0.2797,-0.74745,0.56508,0
0.20742,-0.27854,-0.74809,0.56547,0
0.20636,-0.27816,-0.74839,0.56565,0
0.20581,-0.27839,-0.7484,0.56572,0
0.20548,-0.27884,-0.74829,0.56577,0
0.20504,-0.27918,-0.74821,0.56586,0
0.20426,-0.27914,-0.74829,0.56606,0
0.20313,-0.27877,-0.74851,0.56635,0
0.20198,-0.27849,-0.74875,0.5666,0
0.20107,-0.27866,-0.74882,0.56673,0
0.20051,-0.27943,-0.7487,0.56671,0
0.20007,-0.28051,-0.74851,0.56659,0
0.19943,-0.28151,-0.74839,0.56648,0
0.19849,-0.28231,-0.74837,0.56643,0
0.19731,-0.28294,-0.74845,0.56643,0
0.19601,-0.2835,-0.74855,0.56647,0
0.19485,-0.28423,-0.74856,0.56649,0
0.19407,-0.28538,-0.74842,0.56636,0
0.1935,-0.28689,-0.74822,0.56605,0
0.19282,-0.28837,-0.74812,0.56567,0
0.19183,-0.28957,-0.74816,0.56534,0
0.19038,-0.29029,-0.74838,0.56517,0
0.1885,-0.2905,-0.74881,0.56512,0
0.1864,-0.29044,-0.74931,0.56519,0
0.18438,-0.29043,-0.74969,0.56535,0
0.18274,-0.29087,-0.74985,0.56544,0
0.18155,-0.29187,-0.7498,0.56538,0
0.18053,-0.29318,-0.74968,0.56518,0
0.17942,-0.2945,-0.74963,0.56492,0
0.17807,-0.29563,-0.74969,0.56468,0
0.17636,-0.2964,-0.74985,0.56459,0
0.1743,-0.2967,-0.75004,0.56483,0
0.17203,-0.29664,-0.75016,0.5654,0
0.16958,-0.29635,-0.75019,0.56625,0
0.16713,-0.29601,-0.75008,0.56729,0
0.16477,-0.29578,-0.74986,0.5684,0
0.16249,-0.29567,-0.74951,0.56957,0
0.16016,-0.29554,-0.74907,0.57088,0
0.15768,-0.29521,-0.7486,0.57235,0
0.15509,-0.29465,-0.74811,0.57399,0
0.1523,-0.29378,-0.74755,0.5759,0
0.1496,-0.2929,-0.74688,0.57792,0
0.14694,-0.29208,-0.74616,0.57995,0
0.1443,-0.29129,-0.74539,0.582,0
0.14182,-0.29068,-0.74455,0.58399,0
0.13942,-0.29018,-0.74363,0.58598,0
0.13719,-0.28992,-0.74264,0.58789,0
0.1353,-0.28998,-0.74153,0.5897,0
0.13373,-0.29021,-0.74034,0.59143,0
0.13256,-0.29052,-0.73907,0.59313,0
0.13211,-0.29084,-0.73763,0.59486,0
0.13238,-0.29118,-0.73603,0.59661,0
0.1334,-0.29146,-0.73438,0.59828,0
0.13505,-0.29153,-0.73276,0.59986,0
0.13708,-0.29107,-0.73131,0.6014,0
0.13974,-0.2902,-0.7299,0.60291,0
0.14344,-0.28905,-0.72852,0.60427,0
0.14783,-0.28736,-0.72722,0.60557,0
0.15163,-0.28448,-0.72628,0.60712,0
0.15407,-0.28002,-0.72574,0.60923,0
0.15495,-0.27424,-0.72556,0.61184,0
0.15483,-0.26794,-0.7256,0.61461,0
0.15423,-0.26187,-0.72559,0.61738,0
0.15353,-0.25664,-0.72523,0.62017,0
0.15269,-0.25237,-0.72462,0.62283,0
0.15166,-0.24876,-0.72399,0.62526,0
0.15046,-0.24544,-0.72335,0.62761,0
0.1495,-0.2428,-0.72219,0.63019,0
0.14785,-0.23956,-0.7206,0.63363,0
0.14471,-0.23486,-0.7196,0.63724,0
0.1412,-0.22977,-0.71875,0.64084,0
0.13723,-0.22412,-0.71768,0.64489,0
0.13259,-0.21782,-0.71671,0.64907,0
0.12792,-0.21175,-0.71586,0.65295,0
0.12357,-0.20615,-0.71514,0.65636,0
0.12034,-0.20186,-0.71457,0.65891,0
0.11885,-0.19969,-0.71396,0.66049,0
0.11911,-0.19969,-0.7132,0.66127,0
0.12066,-0.20115,-0.71237,0.66145,0
0.12275,-0.20288,-0.7116,0.66136,0
0.12477,-0.20392,-0.71096,0.66136,0
0.12633,-0.20384,-0.71048,0.6616,0
0.12751,-0.20258,-0.71013,0.66213,0
0.12839,-0.20005,-0.70978,0.66311,0
0.12858,-0.19569,-0.70941,0.66476,0
0.1274,-0.18839,-0.7093,0.66721,0
0.12448,-0.17726,-0.70964,0.67044,0
0.12049,-0.16266,-0.71034,0.67413,0
0.11631,-0.14558,-0.71121,0.67784,0
0.11236,-0.12698,-0.7121,0.6813,0
0.10933,-0.10813,-0.71284,0.68426,0
0.10777,-0.090009,-0.71325,0.6867,0
0.10723,-0.072526,-0.7132,0.68891,0
0.10827,-0.05697,-0.71276,0.69065,0
0.11304,-0.047232,-0.71179,0.69163,0
0.12044,-0.043558,-0.71007,0.69239,0
0.1251,-0.037661,-0.70882,0.69318,0
0.12743,-0.024963,-0.7088,0.69336,0
0.13314,-0.012312,-0.70807,0.69337,0
0.14201,-0.0054765,-0.70628,0.69352,0
0.14652,-0.00038503,-0.70547,0.69342,0
0.14621,0.0080591,-0.70561,0.69331,0
0.14461,0.017088,-0.70601,0.69307,0
0.14387,0.022703,-0.70595,0.69313,0
0.1431,0.024916,-0.70538,0.69379,0
0.14311,0.023488,-0.7047,0.69453,0
0.14276,0.019724,-0.70422,0.6952,0
0.14274,0.014422,-0.70422,0.69534,0
0.14359,0.0074517,-0.70483,0.69466,0
0.14512,-0.00045817,-0.70593,0.69325,0
0.14787,-0.010761,-0.70741,0.69108,0
0.15036,-0.023533,-0.70923,0.68836,0
0.15182,-0.037379,-0.7112,0.68538,0
0.15016,-0.049225,-0.71296,0.68316,0
0.14604,-0.058908,-0.71397,0.68224,0
0.14161,-0.066595,-0.71438,0.68203,0
0.13736,-0.072281,-0.71456,0.68214,0
0.13206,-0.075221,-0.71458,0.68285,0
0.12665,-0.078337,-0.71472,0.68337,0
0.1233,-0.085182,-0.7143,0.6836,0
0.12233,-0.095958,-0.71301,0.6837,0
0.1221,-0.10994,-0.71106,0.68366,0
0.12118,-0.12445,-0.70878,0.6837,0
0.11739,-0.13581,-0.7069,0.68416,0
0.10994,-0.14176,-0.706,0.68511,0
0.09901,-0.14036,-0.70625,0.68681,0
0.08666,-0.1326,-0.70698,0.68926,0
0.075109,-0.12135,-0.70772,0.69193,0
0.065996,-0.10936,-0.70819,0.69438,0
0.059716,-0.096697,-0.70823,0.69677,0
0.056887,-0.082145,-0.70783,0.69928,0
0.061291,-0.069584,-0.70715,0.70096,0
0.075296,-0.065101,-0.70625,0.70093,0
0.092495,-0.065128,-0.70491,0.70022,0
0.10311,-0.060299,-0.70366,0.70042,0
0.10777,-0.049422,-0.70362,0.70062,0
0.11052,-0.034259,-0.7044,0.70031,0
0.11536,-0.021111,-0.70467,0.69978,0
0.12159,-0.01423,-0.70408,0.69949,0
0.12598,-0.0094923,-0.70374,0.69913,0
0.12849,-0.0039913,-0.70364,0.69884,0
0.12979,0.0015134,-0.70333,0.69891,0
0.13093,0.0053303,-0.70247,0.69955,0
0.13395,0.005815,-0.70207,0.69937,0
0.13504,0.0071556,-0.70345,0.69776,0
0.13221,0.010039,-0.70524,0.69646,0
0.13119,0.0072086,-0.70603,0.69588,0
0.1321,-1.6304e-05,-0.7068,0.69497,0
0.13288,-0.008104,-0.70765,0.6939,0
0.13457,-0.018346,-0.70844,0.69258,0
0.13482,-0.02982,-0.70932,0.69123,0
0.13224,-0.040825,-0.71063,0.68982,0
0.12676,-0.049973,-0.71207,0.68876,0
0.12027,-0.05712,-0.71319,0.68821,0
0.11438,-0.063074,-0.71431,0.68753,0
0.10919,-0.068159,-0.71554,0.68661,0
0.10504,-0.072934,-0.71666,0.6856,0
0.10223,-0.077786,-0.71746,0.68465,0
0.10064,-0.082512,-0.71789,0.68388,0
0.10008,-0.086702,-0.71806,0.68327,0
0.1005,-0.090349,-0.71792,0.68288,0
0.10155,-0.093654,-0.71771,0.6825,0
0.10358,-0.096806,-0.71682,0.68269,0
0.10686,-0.1003,-0.71552,0.68304,0
0.10761,-0.099955,-0.71428,0.68428,0
0.10551,-0.093296,-0.71334,0.68652,0
0.10459,-0.084897,-0.71303,0.68807,0
0.10753,-0.080191,-0.7122,0.68904,0
0.11173,-0.074483,-0.71085,0.69041,0
0.11675,-0.066664,-0.70955,0.69171,0
0.12296,-0.060273,-0.70771,0.69311,0
0.12918,-0.055489,-0.70493,0.6952,0
0.13399,-0.049435,-0.7023,0.69741,0
0.13816,-0.041488,-0.70033,0.69909,0
0.1413,-0.031404,-0.70074,0.69858,0
0.14346,-0.019861,-0.70343,0.69585,0
0.14465,-0.008902,-0.70669,0.69252,0
0.14673,-0.0027929,-0.70895,0.68982,0
0.14981,-0.0023553,-0.7101,0.68798,0
0.15426,-0.0053375,-0.70886,0.68825,0
0.15998,-0.0092484,-0.70602,0.68983,0
0.16445,-0.011048,-0.70739,0.68734,0
0.16082,-0.003923,-0.71066,0.68489,0
0.15859,-0.002968,-0.71048,0.68561,0
0.1588,-0.0072542,-0.71002,0.686,0
0.15836,-0.012404,-0.70998,0.68607,0
0.16006,-0.021302,-0.70975,0.6857,0
0.16306,-0.032412,-0.70904,0.68529,0
0.1638,-0.04486,-0.70878,0.68469,0
0.16043,-0.056393,-0.70917,0.68422,0
0.15329,-0.065022,-0.71,0.68423,0
0.1443,-0.070698,-0.71134,0.68423,0
0.13588,-0.074445,-0.71295,0.68388,0
0.1291,-0.07737,-0.71444,0.68331,0
0.12434,-0.080631,-0.71564,0.68257,0
0.12205,-0.084937,-0.71643,0.68163,0
0.1223,-0.090366,-0.71665,0.68065,0
0.12434,-0.096416,-0.71646,0.67965,0
0.12797,-0.10368,-0.71572,0.6787,0
0.13231,-0.11174,-0.71448,0.67788,0
0.1346,-0.11679,-0.71339,0.67773,0
0.13378,-0.11636,-0.71286,0.67852,0
0.13056,-0.11056,-0.71315,0.67982,0
0.12617,-0.10134,-0.71392,0.68127,0
0.12156,-0.090625,-0.7147,0.6828,0
0.11767,-0.079078,-0.71537,0.68421,0
0.11843,-0.070162,-0.71543,0.68499,0
0.12629,-0.069073,-0.71369,0.68551,0
0.13546,-0.070646,-0.71131,0.68608,0
0.14074,-0.066374,-0.71072,0.68605,0
0.14638,-0.060266,-0.71064,0.68551,0
0.15297,-0.056012,-0.71062,0.68446,0
0.15796,-0.053877,-0.71177,0.68229,0
0.15851,-0.050041,-0.71476,0.67933,0
0.15707,-0.042438,-0.71646,0.67839,0
0.15947,-0.035081,-0.71444,0.68038,0
0.16187,-0.031059,-0.71576,0.67862,0
0.161,-0.026878,-0.71834,0.67627,0
0.16061,-0.023204,-0.71738,0.67752,0
0.16054,-0.020306,-0.71731,0.6777,0
0.16002,-0.019471,-0.71746,0.67769,0
0.16245,-0.023123,-0.71643,0.67809,0
0.169,-0.031724,-0.71397,0.67873,0
0.17377,-0.042688,-0.71157,0.67945,0
0.1754,-0.054882,-0.71062,0.67915,0
0.17301,-0.063599,-0.71032,0.67931,0
0.16717,-0.069327,-0.7105,0.68002,0
0.1586,-0.072285,-0.71206,0.68014,0
0.14831,-0.072318,-0.71417,0.68025,0
0.13883,-0.071442,-0.71621,0.68019,0
0.13108,-0.071297,-0.71812,0.67973,0
0.12632,-0.073682,-0.71968,0.67873,0
0.12517,-0.079138,-0.72028,0.67769,0
0.12691,-0.087383,-0.72007,0.67658,0
0.12946,-0.098752,-0.71918,0.67548,0
0.12998,-0.10916,-0.71796,0.67507,0
0.12556,-0.11331,-0.71763,0.67557,0
0.11801,-0.1112,-0.71842,0.67645,0
0.10979,-0.1049,-0.71967,0.6775,0
0.10216,-0.097433,-0.72075,0.67867,0
0.095662,-0.090452,-0.72136,0.67993,0
0.090555,-0.083536,-0.72167,0.68119,0
0.085792,-0.071563,-0.72172,0.68311,0
0.089254,-0.062925,-0.72098,0.68429,0
0.1008,-0.062437,-0.71885,0.68498,0
0.1124,-0.062463,-0.71685,0.68527,0
0.12196,-0.063006,-0.71543,0.68507,0
0.12736,-0.06159,-0.7149,0.68477,0
0.13104,-0.058164,-0.71457,0.68471,0
0.13537,-0.054556,-0.71457,0.68417,0
0.13644,-0.047094,-0.71466,0.68442,0
0.13812,-0.039164,-0.71463,0.68461,0
0.13888,-0.029194,-0.71759,0.68186,0
0.14396,-0.024402,-0.7189,0.67961,0
0.16037,-0.032563,-0.7192,0.67526,0
0.17666,-0.039662,-0.71958,0.67039,0
0.18583,-0.0409,-0.72063,0.6667,0
0.19065,-0.04329,-0.72158,0.66416,0
0.19476,-0.048879,-0.72152,0.66264,0
0.19808,-0.054144,-0.72113,0.66167,0
0.19872,-0.057169,-0.72125,0.66109,0
0.19563,-0.058792,-0.72233,0.66068,0
0.1896,-0.060668,-0.7231,0.66143,0
0.18293,-0.063617,-0.72231,0.6639,0
0.17683,-0.067859,-0.72038,0.66722,0
0.1708,-0.073678,-0.71757,0.67119,0
0.1636,-0.079618,-0.71482,0.67523,0
0.15475,-0.084173,-0.71271,0.67898,0
0.14398,-0.085287,-0.71152,0.68245,0
0.13105,-0.080947,-0.71159,0.6855,0
0.11722,-0.071619,-0.71271,0.68788,0
0.1051,-0.05983,-0.71397,0.68966,0
0.09724,-0.049037,-0.71466,0.69094,0
0.094755,-0.04114,-0.71452,0.69194,0
0.09581,-0.030775,-0.71476,0.69209,0
0.10351,-0.020255,-0.71471,0.69143,0
0.12248,-0.021324,-0.71156,0.69153,0
0.14067,-0.026583,-0.70863,0.6909,0
0.14436,-0.020959,-0.70854,0.69043,0
0.14159,-0.0053478,-0.70942,0.6904,0
0.14277,0.0085415,-0.70856,0.691,0
0.14951,0.012837,-0.70835,0.68973,0
0.15363,0.017431,-0.71093,0.68606,0
0.15493,0.026937,-0.71456,0.68167,0
0.15925,0.033563,-0.71701,0.67779,0
0.16385,0.034362,-0.71773,0.6759,0
0.16941,0.031488,-0.71713,0.6753,0
0.17455,0.028516,-0.71665,0.67463,0
0.1758,0.027641,-0.718,0.67291,0
0.17436,0.028149,-0.72063,0.67044,0
0.17286,0.028055,-0.72266,0.66865,0
0.17148,0.026335,-0.72345,0.66823,0
0.17001,0.022374,-0.72362,0.66856,0
0.16851,0.016803,-0.72355,0.66917,0
0.16724,0.010384,-0.72318,0.67002,0
0.16618,0.0034907,-0.72266,0.67092,0
0.16375,-0.002873,-0.72261,0.67158,0
0.15603,-0.0041338,-0.72343,0.67252,0
0.14921,-0.0076996,-0.7237,0.67375,0
0.14515,-0.014493,-0.72365,0.67458,0
0.14138,-0.019698,-0.72274,0.67622,0
0.13906,-0.025677,-0.72146,0.67786,0
0.13629,-0.032152,-0.72057,0.67909,0
0.13161,-0.03607,-0.71992,0.68051,0
0.12739,-0.038599,-0.71834,0.68284,0
0.12363,-0.041246,-0.71639,0.68542,0
0.11747,-0.040484,-0.71539,0.68759,0
0.10949,-0.035499,-0.71554,0.68902,0
0.10111,-0.025666,-0.71705,0.68917,0
0.098654,-0.017318,-0.7169,0.68995,0
0.10554,-0.020252,-0.71348,0.69238,0
0.10917,-0.021895,-0.71254,0.69274,0
0.109,-0.018409,-0.71301,0.69238,0
0.11188,-0.014832,-0.7129,0.69212,0
0.11677,-0.014725,-0.7129,0.69132,0
0.12041,-0.015765,-0.71318,0.69038,0
0.12231,-0.014322,-0.71347,0.68978,0
0.12456,-0.011258,-0.71357,0.68933,0
0.12714,-0.0079747,-0.71319,0.68929,0
0.12854,-0.0041071,-0.71285,0.68943,0
0.12886,0.00017223,-0.71289,0.68934,0
0.12906,0.0041528,-0.71309,0.68908,0
0.13003,0.0068939,-0.7131,0.68886,0
0.13213,0.007475,-0.71261,0.68896,0
0.1339,0.0061607,-0.71158,0.6897,0
0.13487,0.0036898,-0.71038,0.69076,0
0.13492,0.0013505,-0.70942,0.69175,0
0.13342,7.4957e-05,-0.70896,0.69252,0
0.13053,-0.00090121,-0.7089,0.69313,0
0.12715,-0.0025826,-0.70888,0.69377,0
0.12434,-0.0060209,-0.70867,0.69447,0
0.12232,-0.012077,-0.70852,0.6949,0
0.11954,-0.019637,-0.70906,0.69466,0
0.11308,-0.025471,-0.71055,0.69404,0
0.10456,-0.03018,-0.71202,0.69367,0
0.09715,-0.035219,-0.71293,0.69358,0
0.091422,-0.039849,-0.71344,0.69358,0
0.087519,-0.044461,-0.71382,0.69341,0
0.084877,-0.048885,-0.71435,0.6929,0
0.083136,-0.05268,-0.71509,0.69207,0
0.082599,-0.056397,-0.71602,0.69088,0
0.082843,-0.060325,-0.71699,0.68951,0
0.082916,-0.06339,-0.71782,0.68836,0
0.082102,-0.063983,-0.71874,0.68744,0
0.081257,-0.062457,-0.71946,0.68694,0
0.080048,-0.058383,-0.72015,0.6867,0
0.079889,-0.054178,-0.72123,0.68594,0
0.084627,-0.056894,-0.72174,0.68461,0
0.090918,-0.064362,-0.72106,0.68386,0
0.092227,-0.063787,-0.72168,0.68309,0
0.094903,-0.06108,-0.72218,0.68243,0
0.10267,-0.060032,-0.72154,0.68208,0
0.1137,-0.064204,-0.72022,0.68135,0
0.12308,-0.070246,-0.71929,0.68011,0
0.1258,-0.068721,-0.72056,0.67841,0
0.12753,-0.062032,-0.7245,0.67453,0
0.13433,-0.057257,-0.72714,0.67078,0
0.13921,-0.052618,-0.72735,0.66993,0
0.1407,-0.050469,-0.72663,0.67057,0
0.14569,-0.053139,-0.72631,0.66965,0
0.15097,-0.05423,-0.72738,0.66722,0
0.15304,-0.051532,-0.72963,0.6645,0
0.15276,-0.046749,-0.73146,0.6629,0
0.15269,-0.043378,-0.73164,0.66295,0
0.15346,-0.04353,-0.73085,0.66364,0
0.15354,-0.04618,-0.72994,0.66444,0
0.15412,-0.050473,-0.72854,0.66553,0
0.15491,-0.056249,-0.72654,0.66707,0
0.15601,-0.063515,-0.72435,0.66854,0
0.15783,-0.072561,-0.72238,0.66933,0
0.15824,-0.080967,-0.72098,0.66976,0
0.15288,-0.084775,-0.7205,0.67106,0
0.14302,-0.084836,-0.72003,0.67372,0
0.13356,-0.083451,-0.7193,0.67661,0
0.1256,-0.0809,-0.71862,0.67916,0
0.11878,-0.077157,-0.71804,0.68144,0
0.11264,-0.07271,-0.71771,0.68332,0
0.10703,-0.067443,-0.71758,0.68489,0
0.10355,-0.06209,-0.71696,0.68658,0
0.10577,-0.061025,-0.71496,0.68842,0
0.11351,-0.066121,-0.7116,0.69019,0
0.1218,-0.072124,-0.70736,0.69253,0
0.12733,-0.074547,-0.70269,0.69603,0
0.12971,-0.074017,-0.69912,0.69924,0
0.12839,-0.073075,-0.69712,0.70157,0
0.12077,-0.063581,-0.69795,0.70302,0
0.11279,-0.044413,-0.70037,0.70341,0
0.11325,-0.027987,-0.70101,0.70354,0
0.11729,-0.019797,-0.70023,0.70393,0
0.11924,-0.016939,-0.70035,0.70357,0
0.12077,-0.015383,-0.70168,0.70201,0
0.12447,-0.012814,-0.7026,0.70049,0
0.13055,-0.0083656,-0.70244,0.69962,0
0.13995,-0.00493,-0.70202,0.69825,0
0.14769,-0.0041559,-0.7039,0.69476,0
0.14875,-0.0016776,-0.70883,0.68952,0
0.15273,0.00058233,-0.7138,0.68349,0
0.16297,-0.00060786,-0.71799,0.67671,0
0.17487,-0.0054233,-0.72246,0.66891,0
0.18634,-0.013444,-0.72739,0.6603,0
0.19755,-0.022302,-0.73079,0.65301,0
0.20782,-0.031412,-0.73224,0.6478,0
0.21399,-0.041206,-0.73389,0.64336,0
0.21344,-0.050671,-0.73716,0.63912,0
0.20664,-0.05878,-0.74205,0.63499,0
0.20002,-0.068957,-0.7453,0.63227,0
0.19532,-0.084678,-0.74586,0.63117,0
0.19098,-0.10589,-0.74396,0.63153,0
0.18439,-0.12838,-0.74062,0.63325,0
0.17289,-0.14774,-0.73787,0.63548,0
0.15762,-0.16392,-0.73509,0.63869,0
0.14185,-0.17775,-0.73122,0.64312,0
0.12632,-0.18696,-0.72708,0.64841,0
0.11031,-0.18864,-0.72491,0.65327,0
0.095119,-0.18298,-0.72442,0.65778,0
0.083651,-0.16775,-0.72466,0.66312,0
0.079732,-0.14752,-0.72556,0.66742,0
0.087262,-0.12534,-0.72826,0.66807,0
0.11321,-0.1234,-0.72996,0.66266,0
0.13339,-0.13076,-0.73553,0.65124,0
0.12783,-0.11764,-0.74403,0.64517,0
0.12831,-0.090864,-0.74289,0.65069,0
0.15711,-0.099605,-0.74152,0.64463,0
0.16597,-0.10106,-0.74679,0.63604,0
0.16887,-0.088868,-0.7511,0.63201,0
0.17247,-0.073295,-0.75593,0.62726,0
0.17407,-0.059039,-0.76147,0.62159,0
0.17998,-0.050358,-0.765,0.61632,0
0.19187,-0.049551,-0.76728,0.60993,0
0.21172,-0.062105,-0.77048,0.59806,0
0.23366,-0.076548,-0.76634,0.59352,0
0.2541,-0.087545,-0.75975,0.59208,0
0.27461,-0.10134,-0.75353,0.58865,0
0.28384,-0.10455,-0.7496,0.58873,0
0.283,-0.096252,-0.75004,0.58999,0
0.27695,-0.089857,-0.75062,0.59312,0
0.26428,-0.090053,-0.74913,0.60071,0
0.24547,-0.092929,-0.74909,0.60826,0
0.22585,-0.10219,-0.74801,0.61565,0
0.20694,-0.11929,-0.74497,0.62287,0
0.1897,-0.14438,-0.73956,0.62946,0
0.17487,-0.17604,-0.73137,0.63524,0
0.16148,-0.20891,-0.72208,0.63944,0
0.14936,-0.23885,-0.71294,0.64215,0
0.13581,-0.26384,-0.70437,0.64483,0
0.11597,-0.2798,-0.69819,0.64869,0
0.089852,-0.28182,-0.69605,0.65423,0
0.062574,-0.27148,-0.69677,0.66098,0
0.040567,-0.25661,-0.69843,0.66685,0
0.02675,-0.24413,-0.70093,0.66961,0
0.020786,-0.23594,-0.70398,0.66956,0
0.020413,-0.23181,-0.70681,0.66803,0
0.021297,-0.22631,-0.71131,0.66511,0
0.030391,-0.22175,-0.71577,0.66149,0
0.06411,-0.23394,-0.71443,0.65631,0
0.096343,-0.23447,-0.71338,0.65332,0
0.10276,-0.21119,-0.71741,0.65587,0
0.10372,-0.19425,-0.72083,0.6572,0
0.10429,-0.1655,-0.72876,0.65623,0
0.099326,-0.12312,-0.73711,0.657,0
0.10132,-0.09306,-0.73911,0.65938,0
0.1137,-0.092885,-0.73929,0.65719,0
0.12611,-0.101,-0.74047,0.65238,0
0.1319,-0.10232,-0.74064,0.65083,0
0.13533,-0.098641,-0.74178,0.6494,0
0.13696,-0.091962,-0.74433,0.64711,0
0.14079,-0.086421,-0.74663,0.6444,0
0.14421,-0.081143,-0.74832,0.64237,0
0.14432,-0.074456,-0.7501,0.64108,0
0.1421,-0.066731,-0.75214,0.64003,0
0.14018,-0.060896,-0.75365,0.63926,0
0.13991,-0.059009,-0.75488,0.63804,0
0.14199,-0.061157,-0.75554,0.6366,0
0.14544,-0.064746,-0.75616,0.63472,0
0.14813,-0.066496,-0.75753,0.63229,0
0.14986,-0.065828,-0.75943,0.62966,0
0.15109,-0.064276,-0.76154,0.62697,0
0.15185,-0.062753,-0.76369,0.62433,0
0.15281,-0.062208,-0.76554,0.62188,0
0.15449,-0.063812,-0.76766,0.61867,0
0.156,-0.06563,-0.76937,0.61597,0
0.15832,-0.067881,-0.77046,0.61378,0
0.16056,-0.070082,-0.77139,0.61177,0
0.16249,-0.071736,-0.77207,0.61022,0
0.16387,-0.07262,-0.77282,0.60879,0
0.16418,-0.072417,-0.77389,0.60736,0
0.16374,-0.071591,-0.77525,0.60585,0
0.16302,-0.070661,-0.77699,0.60391,0
0.16235,-0.069955,-0.77892,0.60169,0
0.16245,-0.070193,-0.7806,0.59945,0
0.16386,-0.071701,-0.7819,0.59719,0
0.16628,-0.07325,-0.7829,0.59502,0
0.16968,-0.074203,-0.78349,0.59316,0
0.17146,-0.07438,-0.7838,0.59222,0
0.17149,-0.07412,-0.78427,0.59162,0
0.17266,-0.074166,-0.78472,0.59067,0
0.17453,-0.073604,-0.78537,0.58934,0
0.17555,-0.071847,-0.78646,0.5878,0
0.17537,-0.069016,-0.78807,0.58602,0
0.1748,-0.065792,-0.7898,0.58424,0
0.17502,-0.063339,-0.7912,0.58254,0
0.17616,-0.061456,-0.79234,0.58085,0
0.17855,-0.059622,-0.79295,0.57948,0
0.18114,-0.058017,-0.79298,0.57879,0
0.1833,-0.057223,-0.79277,0.57848,0
0.1857,-0.056946,-0.79269,0.57785,0
0.18802,-0.056025,-0.7929,0.5769,0
0.18965,-0.053599,-0.79327,0.57609,0
0.19076,-0.050119,-0.79369,0.57547,0
0.19185,-0.04652,-0.79413,0.5748,0
0.19307,-0.043195,-0.79439,0.57428,0
0.19458,-0.040353,-0.7943,0.5741,0
0.19648,-0.038076,-0.79398,0.57406,0
0.19864,-0.036354,-0.79355,0.57402,0
0.20087,-0.035114,-0.79321,0.5738,0
0.2028,-0.033933,-0.79318,0.57323,0
0.20418,-0.032442,-0.79337,0.57255,0
0.20527,-0.030858,-0.79352,0.57204,0
0.20641,-0.029603,-0.79339,0.57189,0
0.20752,-0.028556,-0.79307,0.57198,0
0.20859,-0.027665,-0.79271,0.57214,0
0.20984,-0.027333,-0.79223,0.57236,0
0.21125,-0.02779,-0.79162,0.57266,0
0.21271,-0.02905,-0.79093,0.57301,0
0.21382,-0.030671,-0.79018,0.57354,0
0.21436,-0.032335,-0.78932,0.57444,0
0.21476,-0.034862,-0.78817,0.57573,0
0.21512,-0.039167,-0.78672,0.57728,0
0.21486,-0.04489,-0.78533,0.57886,0
0.21342,-0.051474,-0.78408,0.58054,0
0.21114,-0.059206,-0.78279,0.58237,0
0.20828,-0.068457,-0.78137,0.58428,0
0.2052,-0.079394,-0.77999,0.58584,0
0.20138,-0.09127,-0.77898,0.58678,0
0.19594,-0.10325,-0.77808,0.58782,0
0.1919,-0.11686,-0.77648,0.58873,0
0.19021,-0.13174,-0.77461,0.58859,0
0.18978,-0.14617,-0.77318,0.5872,0
0.19186,-0.15899,-0.77204,0.58469,0
0.19779,-0.17136,-0.77028,0.58154,0
0.20455,-0.1833,-0.76878,0.57753,0
0.2088,-0.19157,-0.76841,0.5738,0
0.21641,-0.19851,-0.7663,0.57145,0
0.22863,-0.2102,-0.76268,0.56733,0
0.23831,-0.22094,-0.75958,0.56341,0
0.24519,-0.22902,-0.75757,0.55993,0
0.25051,-0.23531,-0.7566,0.55626,0
0.25433,-0.23917,-0.75675,0.55268,0
0.25809,-0.24155,-0.75747,0.54889,0
0.26285,-0.24321,-0.75814,0.54496,0
0.27096,-0.24644,-0.75794,0.53979,0
0.28331,-0.25495,-0.75532,0.53313,0
0.29153,-0.25884,-0.75483,0.52749,0
0.2964,-0.25566,-0.7577,0.52219,0
0.30394,-0.25092,-0.75996,0.51683,0
0.31605,-0.2512,-0.75846,0.51161,0
0.32032,-0.24831,-0.75907,0.50947,0
0.31589,-0.23823,-0.76396,0.50974,0
0.31029,-0.226,-0.77064,0.50868,0
0.30998,-0.2159,-0.77547,0.50592,0
0.3078,-0.20781,-0.77842,0.5061,0
0.301,-0.19818,-0.78177,0.50887,0
0.30328,-0.19784,-0.78134,0.50831,0
0.31391,-0.20824,-0.7771,0.5042,0
0.31923,-0.21912,-0.77355,0.50169,0
0.31812,-0.2269,-0.77172,0.50177,0
0.31443,-0.23344,-0.77017,0.50346,0
0.313,-0.24197,-0.76698,0.50519,0
0.31473,-0.25404,-0.7619,0.50588,0
0.31724,-0.26839,-0.75616,0.50551,0
0.3204,-0.28393,-0.74986,0.50442,0
0.32493,-0.30043,-0.74281,0.50238,0
0.3293,-0.31671,-0.73605,0.49949,0
0.33262,-0.33136,-0.73014,0.49644,0
0.33635,-0.34476,-0.72438,0.49323,0
0.34185,-0.35796,-0.71785,0.48959,0
0.34888,-0.37105,-0.71042,0.4857,0
0.35658,-0.38351,-0.70251,0.48193,0
0.36342,-0.39446,-0.69506,0.47877,0
0.36709,-0.40247,-0.68982,0.47687,0
0.36568,-0.40672,-0.68831,0.47654,0
0.35614,-0.40604,-0.69335,0.47704,0
0.34221,-0.3997,-0.70349,0.47773,0
0.33553,-0.39062,-0.70988,0.48052,0
0.33199,-0.38329,-0.71267,0.48474,0
0.32766,-0.38374,-0.71406,0.48527,0
0.33093,-0.38926,-0.71099,0.48317,0
0.33443,-0.39392,-0.70808,0.48126,0
0.33659,-0.39787,-0.70597,0.4796,0
0.33974,-0.40267,-0.70321,0.47742,0
0.34343,-0.40833,-0.69978,0.475,0
0.34623,-0.4137,-0.69637,0.47334,0
0.34742,-0.41797,-0.69337,0.47312,0
0.34748,-0.42119,-0.69083,0.47393,0
0.34726,-0.42415,-0.68888,0.47429,0
0.34638,-0.42664,-0.68767,0.47445,0
0.34469,-0.42842,-0.6872,0.47477,0
0.34254,-0.42975,-0.68725,0.47504,0
0.33998,-0.43042,-0.68782,0.47545,0
0.33718,-0.43027,-0.68885,0.47609,0
0.33464,-0.42972,-0.69001,0.4767,0
0.33264,-0.42923,-0.69094,0.4772,0
0.33135,-0.42905,-0.69143,0.47754,0
0.3309,-0.42923,-0.6915,0.4776,0
0.33119,-0.42987,-0.6912,0.47725,0
0.33198,-0.43086,-0.69066,0.47658,0
0.33309,-0.43202,-0.68995,0.47579,0
0.33424,-0.43305,-0.68925,0.47506,0
0.3354,-0.43385,-0.68865,0.47438,0
0.3365,-0.43448,-0.68814,0.47377,0
0.33752,-0.43497,-0.68768,0.47327,0
0.33845,-0.43534,-0.68719,0.47298,0
0.33952,-0.43587,-0.68655,0.47264,0
0.34069,-0.43659,-0.6858,0.47223,0
0.34177,-0.43729,-0.68503,0.47192,0
0.34258,-0.43777,-0.68445,0.47173,0
0.34289,-0.43769,-0.68428,0.47182,0
0.34257,-0.43673,-0.68463,0.47243,0
0.34172,-0.43505,-0.68545,0.47342,0
0.34062,-0.433,-0.6866,0.47442,0
0.33942,-0.43087,-0.68791,0.47531,0
0.33824,-0.42884,-0.6892,0.47612,0
0.33713,-0.42702,-0.69038,0.47684,0
0.33606,-0.42545,-0.69141,0.47751,0
0.33505,-0.42409,-0.69222,0.47824,0
0.33408,-0.42282,-0.69283,0.47917,0
0.33336,-0.42184,-0.69314,0.48007,0
0.33311,-0.42141,-0.69311,0.48069,0
0.33302,-0.4213,-0.69288,0.48116,0
0.33288,-0.42123,-0.69262,0.4817,0
0.33283,-0.42126,-0.69237,0.48206,0
0.33278,-0.42141,-0.6922,0.48222,0
0.33263,-0.42153,-0.69212,0.48234,0
0.3324,-0.42161,-0.69214,0.4824,0
0.33212,-0.42167,-0.69221,0.48243,0
0.33188,-0.42176,-0.69226,0.48245,0
0.33168,-0.42188,-0.69228,0.48244,0
0.33152,-0.42198,-0.6923,0.48245,0
0.33136,-0.42202,-0.69232,0.48249,0
0.33111,-0.42188,-0.69239,0.48267,0
0.33079,-0.42158,-0.69253,0.48296,0
0.33045,-0.42125,-0.69272,0.48321,0
0.33006,-0.42094,-0.69296,0.48341,0
0.32969,-0.42065,-0.6932,0.48356,0
0.3294,-0.42045,-0.69341,0.48363,0
0.32916,-0.42031,-0.69356,0.48371,0
0.32885,-0.41996,-0.69367,0.48406,0
0.32854,-0.41943,-0.69378,0.48458,0
0.32835,-0.41907,-0.69388,0.48486,0
0.32824,-0.41892,-0.69394,0.485,0
0.32819,-0.41885,-0.69395,0.48507,0
0.32824,-0.41892,-0.69392,0.48502,0
0.32834,-0.41911,-0.69387,0.48486,0
0.32843,-0.41931,-0.69384,0.48467,0
0.32847,-0.41948,-0.69385,0.48448,0
0.32847,-0.41954,-0.69392,0.48432,0
0.32835,-0.41945,-0.6941,0.48422,0
0.32818,-0.41928,-0.69437,0.4841,0
0.32797,-0.4191,-0.6947,0.48393,0
0.32782,-0.41899,-0.69497,0.48374,0
0.32768,-0.41884,-0.69523,0.48359,0
0.32749,-0.41852,-0.69553,0.48356,0
0.32737,-0.41817,-0.6958,0.48355,0
0.32724,-0.41777,-0.6961,0.48356,0
0.32715,-0.41741,-0.69637,0.48354,0
0.32719,-0.41722,-0.69653,0.48345,0
0.32723,-0.41714,-0.69665,0.48332,0
0.32729,-0.41716,-0.69672,0.48316,0
0.32736,-0.41724,-0.69676,0.48298,0
0.32747,-0.41742,-0.69676,0.48275,0
0.32757,-0.41763,-0.69675,0.48251,0
0.32763,-0.41784,-0.69677,0.48227,0
0.32757,-0.41797,-0.69687,0.48205,0
0.32737,-0.41795,-0.69706,0.48192,0
0.32699,-0.41763,-0.69736,0.48202,0
0.32667,-0.4172,-0.69767,0.48217,0
0.32647,-0.41682,-0.69796,0.48221,0
0.32634,-0.41642,-0.69825,0.48223,0
0.32623,-0.41593,-0.69857,0.48226,0
0.32615,-0.41539,-0.69892,0.48228,0
0.32609,-0.41482,-0.69928,0.48228,0
0.32602,-0.41423,-0.69965,0.48229,0
0.32598,-0.41368,-0.7,0.4823,0
0.32597,-0.41317,-0.70032,0.48227,0
0.32599,-0.41272,-0.70061,0.48222,0
0.32606,-0.41238,-0.70085,0.48212,0
0.32614,-0.41211,-0.70105,0.482,0
0.32618,-0.41188,-0.70125,0.48188,0
0.3262,-0.41172,-0.70143,0.48174,0
0.32619,-0.41164,-0.70161,0.48155,0
0.32623,-0.41161,-0.70175,0.48135,0
0.32632,-0.41161,-0.70186,0.48113,0
0.32642,-0.41163,-0.70196,0.48089,0
0.32655,-0.41167,-0.70205,0.48065,0
0.32665,-0.41167,-0.70214,0.48044,0
0.32673,-0.41162,-0.70226,0.48026,0
0.32683,-0.41155,-0.70237,0.48008,0
0.32699,-0.41152,-0.70248,0.47985,0
0.32722,-0.41154,-0.70254,0.47958,0
0.32748,-0.41161,-0.70258,0.47928,0
0.32769,-0.41167,-0.70266,0.47897,0
0.32781,-0.4117,-0.70278,0.47868,0
0.32788,-0.41172,-0.70293,0.4784,0
0.32796,-0.41177,-0.70307,0.4781,0
0.3281,-0.41191,-0.70316,0.47775,0
0.32839,-0.41219,-0.70315,0.47732,0
0.32879,-0.41257,-0.70306,0.47686,0
0.32919,-0.41292,-0.70298,0.4764,0
0.32946,-0.41314,-0.70301,0.47597,0
0.32956,-0.4132,-0.70317,0.47561,0
0.32954,-0.41309,-0.70344,0.47532,0
0.32946,-0.41292,-0.70377,0.47503,3
0.32944,-0.4128,-0.70407,0.47472,0
0.32957,-0.41281,-0.70427,0.47432,0
0.32985,-0.41298,-0.70438,0.47381,0
0.33019,-0.41327,-0.70445,0.47321,0
0.33047,-0.41361,-0.70455,0.47258,0
0.33064,-0.41387,-0.70469,0.47201,0
0.33076,-0.41405,-0.70487,0.4715,0
0.33088,-0.41419,-0.70505,0.47103,0
0.33103,-0.41439,-0.70518,0.47054,0
0.3313,-0.41474,-0.70522,0.47,0
0.33168,-0.4152,-0.70515,0.46942,0
0.33208,-0.41572,-0.70506,0.46881,0
0.33241,-0.41617,-0.70502,0.46826,0
0.33259,-0.41648,-0.70505,0.46779,0
0.33259,-0.41664,-0.70522,0.4674,0
0.33248,-0.41669,-0.70546,0.46706,0
0.33244,-0.41676,-0.70567,0.46671,0
0.3325,-0.4169,-0.70581,0.46633,0
0.33266,-0.41709,-0.7059,0.46591,0
0.33287,-0.41728,-0.70599,0.46546,0
0.3331,-0.41748,-0.70608,0.46498,0
0.33324,-0.41756,-0.70625,0.46455,0
0.33323,-0.41748,-0.70654,0.46419,0
0.33316,-0.41731,-0.70688,0.46387,0
0.3331,-0.41713,-0.70724,0.46352,0
0.33313,-0.41698,-0.70758,0.46313,0
0.33329,-0.41693,-0.70785,0.46264,0
0.33353,-0.41694,-0.70808,0.4621,0
0.33378,-0.41691,-0.70833,0.46157,0
0.33403,-0.41683,-0.70861,0.46103,0
0.33423,-0.41667,-0.70895,0.46051,0
0.33434,-0.41637,-0.70939,0.46003,0
0.33435,-0.41594,-0.70991,0.45959,0
0.3343,-0.41541,-0.71051,0.45919,0
0.33428,-0.41487,-0.7111,0.45878,0
0.33429,-0.41436,-0.71168,0.45833,0
0.33415,-0.41376,-0.71238,0.45788,0
0.33389,-0.41303,-0.71315,0.45753,0
0.33369,-0.41227,-0.71387,0.45724,0
0.33385,-0.41176,-0.71434,0.45686,0
0.33442,-0.41166,-0.71454,0.45621,0
0.3352,-0.41196,-0.71461,0.45526,0
0.33597,-0.4125,-0.71469,0.45408,0
0.33652,-0.41303,-0.71487,0.4529,0
0.33667,-0.41325,-0.71531,0.45189,0
0.33632,-0.413,-0.71611,0.45111,0
0.33565,-0.41236,-0.71717,0.45052,0
0.33498,-0.41163,-0.71825,0.44995,0
0.33466,-0.41111,-0.71914,0.44925,0
0.33495,-0.41111,-0.71965,0.44823,0
0.33575,-0.41175,-0.71981,0.44677,0
0.33642,-0.41248,-0.72005,0.4452,0
0.33684,-0.41287,-0.7205,0.44381,0
0.33717,-0.41293,-0.72104,0.44261,0
0.3374,-0.41276,-0.72167,0.44157,0
0.33758,-0.41241,-0.72236,0.44064,0
0.33782,-0.412,-0.72304,0.43972,0
0.33821,-0.4117,-0.72363,0.43873,0
0.33884,-0.41163,-0.72407,0.43758,0
0.33964,-0.41177,-0.72438,0.4363,0
0.34039,-0.41189,-0.72476,0.43496,0
0.34096,-0.41174,-0.72534,0.43371,0
0.34137,-0.41131,-0.72609,0.43254,0
0.3418,-0.4108,-0.72684,0.43142,0
0.34232,-0.41031,-0.72749,0.43037,0
0.34297,-0.40988,-0.728,0.42941,0
0.34378,-0.40953,-0.72836,0.42848,0
0.34471,-0.4093,-0.72864,0.42748,0
0.34564,-0.40912,-0.7289,0.42645,0
0.34649,-0.40891,-0.7292,0.42544,0
0.34725,-0.40869,-0.72952,0.42449,0
0.34805,-0.40855,-0.72974,0.42359,0
0.349,-0.40862,-0.72976,0.4227,0
0.35008,-0.40894,-0.72961,0.42175,0
0.35121,-0.40941,-0.72938,0.42075,0
0.35221,-0.40985,-0.72923,0.41977,0
0.35302,-0.41011,-0.7292,0.41887,0
0.35371,-0.41025,-0.72924,0.41809,0
0.35442,-0.41047,-0.72922,0.41731,0
0.35521,-0.41087,-0.72908,0.41649,0
0.35596,-0.41134,-0.72893,0.41563,0
0.3566,-0.41173,-0.72889,0.41478,0
0.35712,-0.41201,-0.72891,0.414,0
0.35763,-0.41229,-0.72891,0.41329,0
0.35827,-0.41269,-0.72877,0.41257,0
0.359,-0.41323,-0.72851,0.41185,0
0.35984,-0.41399,-0.72814,0.41102,0
0.36084,-0.41498,-0.72764,0.41004,0
0.36187,-0.41608,-0.72706,0.40904,0
0.36276,-0.41705,-0.72657,0.40814,0
0.36353,-0.41783,-0.72613,0.40743,0
0.36429,-0.41854,-0.7257,0.40679,0
0.36506,-0.4192,-0.72528,0.40617,0
0.36579,-0.41981,-0.72492,0.40553,0
0.3665,-0.42044,-0.72459,0.40481,0
0.36723,-0.4211,-0.72426,0.40406,0
0.36801,-0.42184,-0.72385,0.40331,0
0.36889,-0.42268,-0.72333,0.40257,0
0.3698,-0.42355,-0.72275,0.40184,0
0.37075,-0.42445,-0.72217,0.40107,0
0.37174,-0.42538,-0.72158,0.40021,0
0.37278,-0.42637,-0.72099,0.39928,0
0.37392,-0.42741,-0.72034,0.39826,0
0.37526,-0.4285,-0.71961,0.39716,0
0.37678,-0.42963,-0.7188,0.39595,0
0.37829,-0.43064,-0.7181,0.39468,0
0.37972,-0.4314,-0.7176,0.39338,0
0.38122,-0.43196,-0.7172,0.39206,0
0.38293,-0.43247,-0.71674,0.39065,0
0.38492,-0.43312,-0.71615,0.38907,0
0.38733,-0.43406,-0.71528,0.38722,0
0.39021,-0.43529,-0.71412,0.38509,0
0.39338,-0.4366,-0.71283,0.38276,0
0.39675,-0.43781,-0.71155,0.38029,0
0.40022,-0.43883,-0.71035,0.37769,0
0.40368,-0.43956,-0.70936,0.37501,0
0.40704,-0.43988,-0.70866,0.37234,0
0.41033,-0.4397,-0.70822,0.36976,0
0.4136,-0.43907,-0.70797,0.36734,0
0.41683,-0.43808,-0.70786,0.36508,0
0.42011,-0.437,-0.70779,0.36273,0
0.42366,-0.43604,-0.70766,0.35999,0
0.42764,-0.4351,-0.70744,0.35684,0
0.43176,-0.43382,-0.70735,0.3536,0
0.43536,-0.43199,-0.70785,0.35043,0
0.439,-0.43001,-0.70854,0.34691,0
0.44334,-0.42825,-0.70898,0.34265,0
0.4484,-0.42673,-0.70907,0.33772,0
0.45434,-0.42524,-0.70874,0.33231,0
0.46124,-0.42395,-0.70787,0.32625,0
0.46868,-0.42269,-0.7068,0.31954,0
0.47666,-0.42142,-0.70536,0.31253,0
0.48475,-0.42006,-0.70385,0.30521,0
0.49249,-0.41836,-0.7028,0.29747,0
0.49996,-0.41614,-0.70219,0.28948,0
0.50743,-0.41388,-0.70161,0.281,0
0.51511,-0.41191,-0.70064,0.27221,0
0.52287,-0.41024,-0.69922,0.26344,0
0.52999,-0.40913,-0.69769,0.25485,0
0.53686,-0.40888,-0.69567,0.24625,0
0.54299,-0.40949,-0.69354,0.23766,0
0.54791,-0.41136,-0.69147,0.22903,0
0.55312,-0.41527,-0.68787,0.2201,0
0.55997,-0.42225,-0.68104,0.21053,0
0.56865,-0.43167,-0.6705,0.20178,0
0.57775,-0.4419,-0.65825,0.19399,0
0.5858,-0.45301,-0.6455,0.18693,0
0.59245,-0.46517,-0.63246,0.18059,0
0.59782,-0.47799,-0.61922,0.17525,0
0.60129,-0.49133,-0.60633,0.17151,0
0.60324,-0.5053,-0.59341,0.16924,0
0.60431,-0.51978,-0.58001,0.16799,0
0.6045,-0.53456,-0.56628,0.16779,0
0.60363,-0.54935,-0.55264,0.16865,0
0.60152,-0.56397,-0.53945,0.17061,0
0.59833,-0.57838,-0.52666,0.17352,0
0.59422,-0.5926,-0.51408,0.17734,0
0.58936,-0.60667,-0.50152,0.18191,0
0.58387,-0.62059,-0.48886,0.18703,0
0.57779,-0.63436,-0.47609,0.19259,0
0.5712,-0.64793,-0.46319,0.19844,0
