0.17998,-0.1906,-0.73771,0.62214,0
0.17903,-0.19148,-0.73791,0.62191,0
0.17862,-0.19191,-0.73798,0.62182,0
0.17846,-0.19212,-0.73797,0.62181,0
0.17841,-0.19223,-0.73792,0.62184,0
0.17846,-0.19228,-0.73786,0.62188,0
0.17851,-0.19229,-0.73781,0.62193,0
0.17855,-0.1923,-0.73776,0.62197,0
0.17859,-0.19231,-0.73772,0.62201,0
0.17863,-0.19231,-0.73769,0.62203,0
0.17865,-0.19233,-0.73766,0.62205,0
0.17866,-0.19236,-0.73765,0.62206,0
0.17863,-0.19237,-0.73766,0.62204,0
0.17858,-0.19235,-0.7377,0.62202,0
0.17853,-0.19226,-0.73776,0.62199,0
0.17847,-0.19214,-0.73784,0.62195,0
0.17843,-0.19203,-0.73789,0.62194,0
0.17842,-0.19193,-0.73792,0.62194,0
0.17846,-0.19187,-0.73791,0.62196,0
0.17851,-0.19183,-0.73788,0.62199,0
0.17856,-0.19181,-0.73784,0.62203,0
0.17859,-0.1918,-0.73779,0.62208,0
0.17862,-0.1918,-0.73775,0.62212,0
0.17865,-0.19182,-0.73769,0.62217,0
0.17868,-0.19182,-0.73764,0.62222,0
0.17871,-0.19181,-0.73761,0.62226,0
0.17873,-0.19178,-0.73759,0.62228,0
0.17875,-0.19173,-0.73759,0.6223,0
0.17877,-0.19167,-0.73757,0.62233,0
0.1788,-0.19161,-0.73754,0.62238,0
0.17887,-0.19157,-0.73748,0.62243,0
0.17893,-0.19152,-0.73745,0.62248,0
0.17895,-0.1915,-0.73741,0.62252,0
0.17898,-0.19148,-0.73738,0.62255,0
0.17899,-0.19146,-0.73737,0.62257,0
0.17896,-0.19145,-0.73737,0.62258,0
0.17897,-0.19144,-0.73735,0.6226,0
0.17901,-0.19142,-0.73733,0.62262,0
0.17906,-0.19142,-0.7373,0.62264,0
0.17914,-0.1914,-0.73726,0.62267,0
0.1792,-0.19138,-0.73723,0.6227,0
0.17922,-0.19136,-0.73721,0.62272,0
0.17924,-0.19133,-0.7372,0.62274,0
0.17925,-0.1913,-0.7372,0.62275,0
0.17924,-0.19129,-0.7372,0.62276,0
0.17921,-0.19131,-0.73721,0.62274,0
0.17917,-0.19134,-0.73723,0.62272,0
0.17914,-0.19138,-0.73724,0.62271,0
0.17912,-0.19141,-0.73725,0.62269,0
0.1791,-0.19144,-0.73725,0.62269,0
0.17912,-0.19147,-0.7372,0.62272,0
0.17919,-0.1915,-0.73713,0.62279,0
0.17925,-0.19153,-0.73707,0.62283,0
0.17927,-0.19156,-0.73704,0.62285,0
0.1793,-0.19158,-0.737,0.62288,0
0.1793,-0.19163,-0.73698,0.62289,0
0.17929,-0.19171,-0.73697,0.62288,0
0.17927,-0.19179,-0.73695,0.62288,0
0.17928,-0.19187,-0.73692,0.6229,0
0.1793,-0.19194,-0.73688,0.62292,0
0.17933,-0.19198,-0.73684,0.62294,0
0.17936,-0.19202,-0.7368,0.62296,0
0.1794,-0.19205,-0.73675,0.623,0
0.17945,-0.19208,-0.73669,0.62304,0
0.17949,-0.19211,-0.73665,0.62308,0
0.17953,-0.19215,-0.73661,0.6231,0
0.17958,-0.19219,-0.73657,0.62312,0
0.17962,-0.19223,-0.73654,0.62313,0
0.17964,-0.19226,-0.73652,0.62314,0
0.17965,-0.19229,-0.73652,0.62313,0
0.17965,-0.19234,-0.73652,0.62312,0
0.17966,-0.1924,-0.73651,0.62311,0
0.17967,-0.19244,-0.73649,0.6231,0
0.1797,-0.19247,-0.73648,0.6231,0
0.17972,-0.19248,-0.73647,0.62311,0
0.17972,-0.19248,-0.73647,0.6231,0
0.17969,-0.19249,-0.7365,0.62308,0
0.17962,-0.19252,-0.73654,0.62305,0
0.17953,-0.19255,-0.73659,0.62301,0
0.17945,-0.19256,-0.73664,0.62297,0
0.17937,-0.19256,-0.73669,0.62293,0
0.1793,-0.19255,-0.73673,0.6229,0
0.17922,-0.19254,-0.73679,0.62286,0
0.17917,-0.1925,-0.73683,0.62284,0
0.17916,-0.19246,-0.73684,0.62283,0
0.17916,-0.19243,-0.73685,0.62284,0
0.17917,-0.19241,-0.73684,0.62285,0
0.17915,-0.19237,-0.73685,0.62286,0
0.17913,-0.19233,-0.73688,0.62285,0
0.17909,-0.19228,-0.7369,0.62284,0
0.17906,-0.19222,-0.73695,0.62282,0
0.17899,-0.19222,-0.73698,0.6228,0
0.17893,-0.19225,-0.73699,0.62279,0
0.17886,-0.1923,-0.73701,0.62278,0
0.17877,-0.19239,-0.73702,0.62276,0
0.1787,-0.19246,-0.73703,0.62275,0
0.17865,-0.1925,-0.73703,0.62274,0
0.17862,-0.19252,-0.73704,0.62274,0
0.17858,-0.19253,-0.73704,0.62275,0
0.17853,-0.19251,-0.73705,0.62275,0
0.17848,-0.19246,-0.73708,0.62275,0
0.17839,-0.19239,-0.73713,0.62274,0
0.17827,-0.1923,-0.73721,0.6227,0
0.17814,-0.1922,-0.7373,0.62267,0
0.17802,-0.1921,-0.73738,0.62264,0
0.17792,-0.19201,-0.73744,0.62262,0
0.17784,-0.19193,-0.73749,0.62261,0
0.17776,-0.19186,-0.73754,0.62259,0
0.17769,-0.19181,-0.73758,0.62258,0
0.17763,-0.19179,-0.73761,0.62257,0
0.17757,-0.19178,-0.73762,0.62257,0
0.17753,-0.19176,-0.73763,0.62259,0
0.1775,-0.19172,-0.73763,0.62261,0
0.17747,-0.1917,-0.73764,0.62261,0
0.17742,-0.19168,-0.73766,0.6226,0
0.17736,-0.19166,-0.73769,0.62259,0
0.17732,-0.19165,-0.73772,0.62257,0
0.17727,-0.19164,-0.73776,0.62254,0
0.17721,-0.19162,-0.7378,0.62251,0
0.17711,-0.19162,-0.73786,0.62248,0
0.17701,-0.19161,-0.73792,0.62243,0
0.17692,-0.1916,-0.73799,0.62239,0
0.17682,-0.19158,-0.73804,0.62235,0
0.17678,-0.19156,-0.73808,0.62233,0
0.17676,-0.19154,-0.7381,0.62232,0
0.17677,-0.19154,-0.73809,0.62233,0
0.1768,-0.19156,-0.73807,0.62233,0
0.17679,-0.19163,-0.73808,0.62231,0
0.17673,-0.19172,-0.73811,0.62226,0
0.17667,-0.19182,-0.73814,0.62221,0
0.1766,-0.1919,-0.73816,0.62217,0
0.17654,-0.19197,-0.73818,0.62216,0
0.17649,-0.19203,-0.73817,0.62215,0
0.17647,-0.1921,-0.73816,0.62216,0
0.17645,-0.19217,-0.73815,0.62215,0
0.17642,-0.19222,-0.73816,0.62213,0
0.17638,-0.19226,-0.73819,0.6221,0
0.17634,-0.19228,-0.73822,0.62207,0
0.17631,-0.19228,-0.73824,0.62205,0
0.17628,-0.19226,-0.73825,0.62205,0
0.17628,-0.19224,-0.73825,0.62205,0
0.17628,-0.19221,-0.73825,0.62207,0
0.17627,-0.19218,-0.73826,0.62207,0
0.17624,-0.19218,-0.73828,0.62206,0
0.17619,-0.1922,-0.73829,0.62205,0
0.17614,-0.19223,-0.7383,0.62204,0
0.17611,-0.19227,-0.73828,0.62206,0
0.1761,-0.19227,-0.73827,0.62208,0
0.17608,-0.19225,-0.73826,0.6221,0
0.17605,-0.19221,-0.73828,0.6221,0
0.176,-0.19217,-0.7383,0.6221,0
0.17596,-0.19216,-0.73833,0.62208,0
0.17591,-0.19217,-0.73834,0.62208,0
0.17588,-0.1922,-0.73833,0.62208,0
0.17585,-0.19223,-0.73832,0.6221,0
0.17582,-0.19225,-0.7383,0.62213,0
0.17579,-0.19223,-0.73829,0.62215,0
0.17575,-0.19219,-0.73829,0.62217,0
0.17574,-0.19213,-0.73829,0.6222,0
0.17573,-0.1921,-0.73827,0.62223,0
0.17572,-0.19209,-0.73824,0.62228,0
0.17573,-0.19212,-0.73818,0.62234,0
0.17574,-0.19215,-0.73813,0.62238,0
0.17572,-0.19217,-0.73811,0.62241,0
0.17567,-0.19218,-0.73811,0.62241,0
0.17561,-0.19219,-0.73813,0.6224,0
0.17555,-0.19218,-0.73815,0.6224,0
0.17552,-0.19218,-0.73815,0.62241,0
0.17551,-0.19218,-0.73814,0.62243,0
0.17551,-0.1922,-0.73811,0.62246,0
0.17552,-0.19221,-0.73808,0.62249,0
0.17553,-0.19222,-0.73804,0.62252,0
0.17553,-0.19223,-0.73801,0.62255,0
0.17552,-0.19226,-0.73798,0.62259,0
0.17552,-0.19229,-0.73795,0.62262,0
0.1755,-0.19234,-0.73792,0.62264,0
0.17548,-0.1924,-0.73791,0.62264,0
0.17545,-0.19247,-0.73792,0.62261,0
0.17541,-0.19253,-0.73793,0.62259,0
0.17541,-0.19255,-0.73794,0.62258,0
0.1754,-0.19256,-0.73795,0.62257,0
0.17538,-0.19253,-0.73797,0.62256,0
0.17533,-0.19249,-0.73802,0.62252,0
0.17526,-0.19246,-0.73808,0.62248,0
0.17516,-0.19245,-0.73814,0.62244,0
0.17509,-0.19246,-0.73817,0.62242,0
0.17502,-0.19248,-0.73819,0.62241,0
0.17497,-0.19253,-0.73818,0.62242,0
0.17494,-0.19259,-0.73816,0.62243,0
0.1749,-0.19266,-0.73815,0.62243,0
0.17485,-0.19273,-0.73814,0.62244,0
0.17479,-0.19278,-0.73816,0.62241,0
0.17472,-0.19281,-0.73817,0.62241,0
0.17465,-0.19279,-0.73818,0.62243,0
0.17462,-0.19274,-0.73819,0.62245,0
0.17457,-0.19267,-0.73819,0.62248,0
0.17454,-0.19261,-0.73818,0.62251,0
0.17452,-0.19258,-0.73819,0.62253,0
0.17446,-0.19258,-0.73821,0.62252,0
0.17436,-0.19261,-0.73824,0.6225,0
0.17425,-0.19264,-0.73829,0.62245,0
0.17414,-0.19268,-0.73835,0.62241,0
0.17404,-0.1927,-0.73839,0.62238,0
0.17397,-0.19272,-0.73841,0.62237,0
0.17391,-0.19275,-0.73844,0.62235,0
0.17383,-0.19279,-0.73847,0.62231,0
0.17374,-0.19286,-0.73851,0.62227,0
0.17366,-0.19298,-0.73856,0.62219,0
0.17358,-0.19311,-0.7386,0.62213,0
0.17353,-0.19326,-0.7386,0.6221,0
0.17348,-0.19338,-0.73861,0.62207,0
0.17344,-0.19348,-0.7386,0.62206,0
0.17339,-0.19353,-0.73859,0.62206,0
0.17333,-0.19357,-0.73859,0.62206,0
0.17331,-0.1936,-0.73858,0.62208,0
0.1733,-0.19362,-0.73854,0.62212,0
0.17331,-0.19365,-0.7385,0.62216,0
0.17335,-0.19367,-0.73843,0.62223,0
0.17337,-0.19369,-0.73837,0.62229,0
0.17337,-0.19371,-0.73832,0.62234,0
0.17336,-0.19374,-0.73828,0.62237,0
0.17334,-0.19377,-0.73825,0.62241,0
0.17332,-0.19376,-0.73822,0.62246,0
0.17329,-0.19372,-0.73821,0.62249,0
0.17326,-0.19367,-0.73821,0.62251,0
0.17323,-0.19361,-0.73823,0.62252,0
0.17318,-0.19357,-0.73825,0.62252,0
0.17311,-0.19356,-0.73827,0.62251,0
0.17302,-0.1936,-0.73831,0.62249,0
0.17293,-0.19364,-0.73833,0.62247,0
0.17291,-0.19365,-0.73831,0.62249,0
0.17292,-0.19365,-0.73828,0.62253,0
0.17293,-0.19363,-0.73824,0.62258,0
0.17297,-0.19361,-0.73819,0.62263,0
0.17298,-0.19361,-0.73815,0.62268,0
0.17299,-0.19363,-0.7381,0.62272,0
0.173,-0.19365,-0.73806,0.62276,0
0.17301,-0.19368,-0.73802,0.62281,0
0.17304,-0.1937,-0.73795,0.62287,0
0.17308,-0.1937,-0.73789,0.62293,0
0.1731,-0.19369,-0.73783,0.623,0
0.1731,-0.19367,-0.7378,0.62304,0
0.17306,-0.1937,-0.73779,0.62305,0
0.17301,-0.19374,-0.73778,0.62307,0
0.17296,-0.19379,-0.73775,0.6231,0
0.17293,-0.19383,-0.73771,0.62315,0
0.17292,-0.19385,-0.73767,0.62319,0
0.17292,-0.19385,-0.73763,0.62324,0
0.17292,-0.19383,-0.7376,0.62327,0
0.17289,-0.1938,-0.7376,0.6233,0
0.17284,-0.1938,-0.73761,0.6233,0
0.17278,-0.19381,-0.73763,0.62329,0
0.17272,-0.19383,-0.73764,0.62328,0
0.17269,-0.19386,-0.73763,0.6233,0
0.17265,-0.1939,-0.73763,0.6233,0
0.17259,-0.19395,-0.73763,0.6233,0
0.17252,-0.19397,-0.73763,0.6233,0
0.17245,-0.19398,-0.73763,0.62333,0
0.17235,-0.19399,-0.73765,0.62332,0
0.17223,-0.19401,-0.73769,0.62331,0
0.17211,-0.19405,-0.73772,0.6233,0
0.172,-0.1941,-0.73774,0.62329,0
0.17192,-0.19417,-0.73774,0.62328,0
0.17186,-0.19427,-0.73773,0.62327,0
0.1718,-0.19439,-0.73772,0.62327,0
0.17174,-0.19448,-0.7377,0.62328,0
0.17167,-0.19452,-0.73769,0.6233,0
0.17161,-0.19453,-0.73768,0.62333,0
0.17152,-0.1945,-0.73769,0.62334,0
0.17141,-0.19447,-0.73773,0.62334,0
0.17131,-0.19446,-0.73777,0.62332,0
0.17124,-0.19449,-0.73779,0.62331,0
0.17119,-0.19454,-0.7378,0.62329,0
0.17114,-0.19461,-0.73782,0.62327,0
0.17108,-0.19468,-0.73783,0.62324,0
0.17101,-0.19471,-0.73784,0.62324,0
0.17096,-0.1947,-0.73785,0.62326,0
0.17094,-0.19464,-0.73784,0.62328,0
0.17093,-0.19459,-0.73784,0.62331,0
0.17091,-0.19457,-0.73783,0.62333,0
0.1709,-0.19456,-0.73781,0.62336,0
0.17091,-0.19458,-0.73778,0.62339,0
0.17092,-0.1946,-0.73774,0.62343,0
0.17093,-0.19463,-0.73769,0.62347,0
0.17093,-0.19466,-0.73764,0.62352,0
0.17092,-0.19468,-0.7376,0.62357,0
0.17091,-0.19471,-0.73756,0.62361,0
0.1709,-0.19474,-0.73752,0.62364,0
0.17089,-0.19475,-0.73749,0.62367,0
0.1709,-0.19476,-0.73747,0.6237,0
0.17092,-0.19475,-0.73743,0.62375,0
0.17095,-0.19472,-0.73738,0.62381,0
0.17098,-0.19469,-0.73733,0.62387,0
0.171,-0.19467,-0.73728,0.62392,0
0.17101,-0.19466,-0.73724,0.62397,0
0.17103,-0.19465,-0.7372,0.62401,0
0.17103,-0.19464,-0.73718,0.62405,0
0.17102,-0.19462,-0.73716,0.62408,0
0.17103,-0.19458,-0.73714,0.62411,0
0.17104,-0.19452,-0.73712,0.62414,0
0.17104,-0.19445,-0.73711,0.62419,0
0.17104,-0.19438,-0.73708,0.62424,0
0.17105,-0.19434,-0.73704,0.6243,0
0.17109,-0.19432,-0.73698,0.62436,0
0.17114,-0.19432,-0.73691,0.62443,0
0.1712,-0.19434,-0.73685,0.62448,0
0.17124,-0.19434,-0.7368,0.62453,0
0.17125,-0.19433,-0.73678,0.62455,0
0.17123,-0.19431,-0.73678,0.62457,0
0.17121,-0.19429,-0.73678,0.62457,0
0.17121,-0.19429,-0.73678,0.62458,0
0.1712,-0.1943,-0.73677,0.62459,0
0.1712,-0.1943,-0.73676,0.6246,0
0.1712,-0.19429,-0.73676,0.6246,0
0.17121,-0.19427,-0.73675,0.62462,0
0.17122,-0.19423,-0.73673,0.62465,0
0.17123,-0.19419,-0.73672,0.62467,0
0.17123,-0.19415,-0.73671,0.6247,0
0.17122,-0.19412,-0.73671,0.62471,0
0.1712,-0.19408,-0.73672,0.62471,0
0.17117,-0.19403,-0.73674,0.62471,0
0.17115,-0.19398,-0.73675,0.62472,0
0.17113,-0.19392,-0.73677,0.62473,0
0.17111,-0.19387,-0.73678,0.62474,0
0.17109,-0.19383,-0.73678,0.62475,0
0.17108,-0.19381,-0.73679,0.62475,0
0.17107,-0.19379,-0.7368,0.62475,0
0.17108,-0.19377,-0.7368,0.62475,0
0.17109,-0.19375,-0.7368,0.62475,0
0.17109,-0.19371,-0.7368,0.62476,0
0.17106,-0.19367,-0.73681,0.62477,0
0.17102,-0.19363,-0.73682,0.62478,0
0.17098,-0.19358,-0.73684,0.62479,0
0.17097,-0.19355,-0.73684,0.6248,0
0.17097,-0.19354,-0.73683,0.62481,0
0.17099,-0.19354,-0.7368,0.62485,0
0.17104,-0.19353,-0.73675,0.62489,0
0.17109,-0.19351,-0.73671,0.62494,0
0.17113,-0.19347,-0.73667,0.62498,0
0.17118,-0.1934,-0.73664,0.62502,0
0.17119,-0.19331,-0.73664,0.62505,0
0.17118,-0.19326,-0.73665,0.62506,0
0.17115,-0.19324,-0.73667,0.62505,0
0.1711,-0.19322,-0.7367,0.62503,0
0.17105,-0.19321,-0.73673,0.62501,0
0.17103,-0.19319,-0.73674,0.62501,0
0.17103,-0.19317,-0.73674,0.62502,0
0.17106,-0.19316,-0.73672,0.62503,0
0.1711,-0.19316,-0.73668,0.62507,0
0.17113,-0.19315,-0.73665,0.62511,0
0.17114,-0.19312,-0.73663,0.62514,0
0.17115,-0.19309,-0.73661,0.62516,0
0.17117,-0.19306,-0.7366,0.62518,0
0.17119,-0.19304,-0.73659,0.62519,0
0.17121,-0.19303,-0.73658,0.62521,0
0.17126,-0.19302,-0.73654,0.62525,0
0.17131,-0.19301,-0.73648,0.6253,0
0.17136,-0.19299,-0.73642,0.62536,0
0.17142,-0.19297,-0.73636,0.62542,0
0.17146,-0.19296,-0.73632,0.62547,0
0.17147,-0.19294,-0.7363,0.62549,0
0.17149,-0.19291,-0.73629,0.6255,0
0.17152,-0.19287,-0.7363,0.6255,0
0.17154,-0.19282,-0.73631,0.6255,0
0.17156,-0.19277,-0.73633,0.62548,0
0.17157,-0.19272,-0.73634,0.62548,0
0.17157,-0.19267,-0.73634,0.62549,0
0.17157,-0.19263,-0.73635,0.62549,0
0.17157,-0.1926,-0.73636,0.6255,0
0.17158,-0.1926,-0.73634,0.62551,0
0.1716,-0.1926,-0.73632,0.62554,0
0.17162,-0.19262,-0.73629,0.62556,0
0.17164,-0.19264,-0.73625,0.62559,0
0.17166,-0.19266,-0.73622,0.62562,0
0.17166,-0.19267,-0.7362,0.62564,0
0.17167,-0.19268,-0.73619,0.62565,0
0.17167,-0.19269,-0.73617,0.62566,0
0.17166,-0.19269,-0.73615,0.62569,0
0.17164,-0.1927,-0.73613,0.62571,0
0.17162,-0.1927,-0.73612,0.62573,0
0.1716,-0.1927,-0.73611,0.62575,0
0.17158,-0.19271,-0.7361,0.62576,0
0.17155,-0.19272,-0.7361,0.62577,0
0.17154,-0.1927,-0.7361,0.62578,0
0.17154,-0.19266,-0.7361,0.62579,0
0.17153,-0.19263,-0.7361,0.6258,0
0.17152,-0.1926,-0.7361,0.62582,0
0.17149,-0.1926,-0.7361,0.62582,0
0.17146,-0.19261,-0.73612,0.62581,0
0.17144,-0.19259,-0.73614,0.62579,0
0.17143,-0.19255,-0.73616,0.62578,0
0.17142,-0.19248,-0.7362,0.62576,0
0.1714,-0.19243,-0.73623,0.62575,0
0.1714,-0.19241,-0.73623,0.62575,0
0.17141,-0.19241,-0.73622,0.62576,0
0.17143,-0.19245,-0.73619,0.62578,0
0.17147,-0.19249,-0.73615,0.6258,0
0.17151,-0.19249,-0.73611,0.62584,0
0.17155,-0.19247,-0.73609,0.62586,0
0.17159,-0.19244,-0.73608,0.62587,0
0.17161,-0.1924,-0.73606,0.6259,0
0.17162,-0.19236,-0.73605,0.62592,1
0.17162,-0.1923,-0.73606,0.62593,0
0.1716,-0.19224,-0.73608,0.62592,0
0.17159,-0.19218,-0.73611,0.62591,0
0.1716,-0.19211,-0.73613,0.62591,0
0.17164,-0.19204,-0.73612,0.62593,0
0.17167,-0.19197,-0.73612,0.62595,0
0.17169,-0.19191,-0.73612,0.62596,0
0.1717,-0.19187,-0.73611,0.62597,0
0.17171,-0.19185,-0.7361,0.62599,0
0.17171,-0.19185,-0.73609,0.62601,0
0.17171,-0.19187,-0.73608,0.62601,0
0.17171,-0.19188,-0.73609,0.62599,0
0.17169,-0.19187,-0.73612,0.62597,0
0.17167,-0.19185,-0.73615,0.62595,0
0.17164,-0.19181,-0.73617,0.62594,0
0.17162,-0.19178,-0.73618,0.62594,0
0.17162,-0.19175,-0.73618,0.62595,0
0.17162,-0.19174,-0.73617,0.62596,0
0.17164,-0.19173,-0.73615,0.62599,0
0.17168,-0.19172,-0.73611,0.62602,0
0.1717,-0.19172,-0.73608,0.62606,0
0.17172,-0.19173,-0.73604,0.62609,0
0.17173,-0.19174,-0.73601,0.62613,0
0.17175,-0.19175,-0.73598,0.62616,0
0.17177,-0.19176,-0.73595,0.62618,0
0.17179,-0.19178,-0.73591,0.62621,0
0.1718,-0.19178,-0.7359,0.62622,0
0.17179,-0.19177,-0.73591,0.62622,0
0.17176,-0.19174,-0.73593,0.62622,0
0.17172,-0.1917,-0.73596,0.6262,0
0.17171,-0.19166,-0.73597,0.6262,0
0.1717,-0.19164,-0.73598,0.62621,0
0.1717,-0.19163,-0.73597,0.62622,0
0.17171,-0.19164,-0.73595,0.62623,0
0.17171,-0.19166,-0.73595,0.62622,0
0.17169,-0.19168,-0.73597,0.6262,0
0.17166,-0.19169,-0.73599,0.62618,0
0.17165,-0.19168,-0.73601,0.62617,0
0.17166,-0.19165,-0.73601,0.62618,0
0.17167,-0.1916,-0.736,0.6262,0
0.17168,-0.19155,-0.736,0.62621,0
0.17168,-0.19151,-0.73601,0.62621,0
0.17169,-0.19148,-0.73601,0.62622,0
0.17171,-0.19149,-0.73599,0.62623,0
0.17176,-0.19152,-0.73594,0.62626,0
0.17182,-0.19157,-0.73587,0.62631,0
0.17187,-0.19161,-0.73581,0.62636,0
0.1719,-0.19163,-0.73578,0.62638,0
0.17191,-0.19162,-0.73577,0.62639,0
0.17189,-0.19159,-0.73579,0.62639,0
0.17186,-0.19156,-0.73582,0.62637,0
0.17181,-0.19152,-0.73586,0.62634,0
0.17177,-0.19148,-0.73591,0.62631,0
0.17174,-0.19144,-0.73594,0.62629,0
0.17172,-0.19141,-0.73596,0.62628,0
0.17172,-0.1914,-0.73597,0.62629,0
0.17172,-0.19139,-0.73596,0.62629,0
0.17174,-0.19138,-0.73595,0.62631,0
0.17174,-0.19135,-0.73595,0.62631,0
0.17172,-0.19131,-0.73597,0.62631,0
0.17168,-0.19125,-0.736,0.6263,0
0.17162,-0.19119,-0.73604,0.62629,0
0.1716,-0.19111,-0.73607,0.62628,0
0.1716,-0.19104,-0.73609,0.62628,0
0.17161,-0.19098,-0.7361,0.62628,0
0.17163,-0.19092,-0.73611,0.62628,0
0.17161,-0.19087,-0.73613,0.62628,0
0.17159,-0.19081,-0.73615,0.62628,0
0.17155,-0.19076,-0.73618,0.62628,0
0.1715,-0.19071,-0.7362,0.62627,0
0.17146,-0.19069,-0.73623,0.62626,0
0.17142,-0.19069,-0.73626,0.62624,0
0.17137,-0.1907,-0.73628,0.62622,0
0.17133,-0.19072,-0.7363,0.62621,0
0.1713,-0.19072,-0.73632,0.62619,0
0.17129,-0.1907,-0.73633,0.62619,0
0.1713,-0.19067,-0.73632,0.6262,0
0.17129,-0.19065,-0.73631,0.62622,0
0.1713,-0.19066,-0.7363,0.62624,0
0.17131,-0.19066,-0.73629,0.62625,0
0.17132,-0.19066,-0.73628,0.62625,0
0.17131,-0.19065,-0.73628,0.62626,0
0.1713,-0.19061,-0.73629,0.62626,0
0.17129,-0.19053,-0.7363,0.62627,0
0.17127,-0.19043,-0.73633,0.62627,0
0.17125,-0.19035,-0.73636,0.62627,0
0.17125,-0.1903,-0.73638,0.62626,0
0.17128,-0.19028,-0.73637,0.62627,0
0.17131,-0.19028,-0.73634,0.62629,0
0.17134,-0.1903,-0.7363,0.62633,0
0.17137,-0.19032,-0.73626,0.62636,0
0.17139,-0.19036,-0.73621,0.6264,0
0.17143,-0.1904,-0.73615,0.62646,0
0.17147,-0.19045,-0.73608,0.6265,0
0.1715,-0.1905,-0.73604,0.62653,0
0.17152,-0.19055,-0.736,0.62656,0
0.17154,-0.19059,-0.73596,0.62658,0
0.17156,-0.19061,-0.73593,0.62662,0
0.1716,-0.1906,-0.73589,0.62666,0
0.17164,-0.19057,-0.73586,0.62669,0
0.17166,-0.19053,-0.73584,0.62672,0
0.17168,-0.19049,-0.73583,0.62674,0
0.17166,-0.19049,-0.73584,0.62673,0
0.17162,-0.1905,-0.73586,0.62671,0
0.17158,-0.19051,-0.7359,0.62668,0
0.17154,-0.19051,-0.73594,0.62664,0
0.17153,-0.1905,-0.73595,0.62663,0
0.17153,-0.19051,-0.73593,0.62665,0
0.17153,-0.19052,-0.73591,0.62667,0
0.17155,-0.19052,-0.73588,0.6267,0
0.17157,-0.1905,-0.73586,0.62673,0
0.17157,-0.19048,-0.73586,0.62673,0
0.17155,-0.19045,-0.73588,0.62672,0
0.17153,-0.19042,-0.73589,0.62672,0
0.17151,-0.1904,-0.7359,0.62673,0
0.1715,-0.19036,-0.7359,0.62674,0
0.17151,-0.1903,-0.73589,0.62676,0
0.17152,-0.19025,-0.73589,0.62678,0
0.1715,-0.19021,-0.7359,0.62679,0
0.17146,-0.1902,-0.73592,0.62677,0
0.17142,-0.1902,-0.73594,0.62676,0
0.17138,-0.19023,-0.73596,0.62674,0
0.17134,-0.19028,-0.73597,0.62673,0
0.1713,-0.19032,-0.73597,0.62672,0
0.17127,-0.19036,-0.73597,0.62672,0
0.17125,-0.19039,-0.73597,0.62671,0
0.17121,-0.19042,-0.73598,0.62671,0
0.17117,-0.19042,-0.736,0.62669,0
0.17114,-0.19041,-0.73602,0.62667,0
0.17114,-0.19038,-0.73604,0.62667,0
0.17116,-0.19035,-0.73605,0.62666,0
0.17117,-0.19031,-0.73605,0.62667,0
0.17121,-0.19028,-0.73602,0.6267,0
0.17124,-0.19025,-0.736,0.62672,0
0.17126,-0.19021,-0.736,0.62674,0
0.17127,-0.19015,-0.73599,0.62676,0
0.17129,-0.19008,-0.73597,0.6268,0
0.17129,-0.19001,-0.73597,0.62682,0
0.17127,-0.18993,-0.73597,0.62685,0
0.17127,-0.18986,-0.73596,0.62688,0
0.17128,-0.18978,-0.73595,0.62691,0
0.17129,-0.18972,-0.73595,0.62693,0
0.17128,-0.18968,-0.73595,0.62694,0
0.17128,-0.18968,-0.73596,0.62694,0
0.17127,-0.18968,-0.73596,0.62694,0
0.17126,-0.18969,-0.73597,0.62693,0
0.17123,-0.1897,-0.73597,0.62693,0
0.1712,-0.1897,-0.73597,0.62694,0
0.17118,-0.18971,-0.73598,0.62693,0
0.17117,-0.18973,-0.73598,0.62693,0
0.17118,-0.18975,-0.73596,0.62694,0
0.17121,-0.18978,-0.73593,0.62696,0
0.17125,-0.18979,-0.73588,0.627,0
0.17129,-0.18977,-0.73584,0.62704,0
0.17131,-0.1897,-0.73581,0.62709,0
0.17132,-0.18959,-0.7358,0.62714,0
0.1713,-0.18945,-0.7358,0.62718,0
0.17126,-0.18934,-0.73581,0.62722,0
0.17123,-0.18922,-0.7358,0.62727,0
0.17121,-0.18908,-0.73579,0.62734,0
0.17119,-0.18897,-0.73577,0.6274,0
0.17119,-0.18887,-0.73574,0.62746,0
0.17118,-0.1888,-0.73573,0.6275,0
0.17117,-0.18875,-0.73572,0.62753,0
0.17115,-0.18871,-0.73571,0.62756,0
0.17113,-0.18868,-0.7357,0.62758,0
0.17114,-0.18864,-0.7357,0.62759,0
0.17114,-0.18858,-0.7357,0.6276,0
0.17116,-0.18853,-0.73569,0.62763,0
0.17118,-0.1885,-0.73567,0.62766,0
0.17122,-0.1885,-0.73564,0.62768,0
0.17126,-0.18852,-0.7356,0.62771,0
0.17131,-0.18854,-0.73556,0.62774,0
0.17136,-0.18855,-0.73552,0.62777,0
0.1714,-0.18855,-0.73549,0.6278,0
0.17144,-0.18851,-0.73546,0.62783,0
0.17149,-0.18845,-0.73544,0.62786,0
0.17155,-0.18839,-0.7354,0.62791,0
0.17164,-0.18833,-0.73534,0.62797,0
0.17172,-0.18827,-0.73528,0.62804,0
0.17181,-0.18822,-0.73523,0.62809,0
0.17186,-0.18819,-0.7352,0.62812,0
0.17187,-0.18817,-0.73517,0.62815,0
0.17189,-0.18816,-0.73515,0.62817,0
0.17191,-0.18815,-0.73514,0.62819,0
0.17196,-0.18811,-0.73512,0.62821,0
0.17203,-0.18807,-0.7351,0.62823,0
0.17209,-0.18806,-0.7351,0.6282,0
0.17214,-0.18809,-0.73512,0.62816,0
0.17218,-0.18811,-0.73513,0.62814,0
0.17221,-0.18814,-0.73512,0.62812,0
0.17223,-0.18816,-0.73513,0.6281,0
0.17224,-0.18817,-0.73515,0.62808,0
0.17224,-0.18819,-0.73516,0.62806,0
0.17224,-0.18821,-0.73518,0.62803,0
0.17222,-0.18824,-0.73521,0.62799,0
0.17218,-0.18828,-0.73526,0.62794,0
0.17214,-0.18834,-0.73528,0.62789,0
0.17212,-0.1884,-0.7353,0.62787,0
0.17212,-0.18847,-0.73529,0.62785,0
0.17214,-0.18853,-0.73526,0.62786,0
0.17218,-0.18858,-0.73523,0.62788,0
0.17224,-0.18862,-0.73519,0.6279,0
0.17229,-0.18866,-0.73514,0.62793,0
0.17234,-0.18871,-0.7351,0.62794,0
0.17236,-0.18878,-0.73507,0.62795,0
0.17237,-0.18884,-0.73506,0.62794,0
0.17235,-0.18891,-0.73506,0.62793,0
0.17232,-0.18897,-0.73506,0.62791,0
0.17231,-0.18902,-0.73507,0.6279,0
0.17231,-0.18904,-0.73509,0.62787,0
0.1723,-0.18903,-0.73511,0.62785,0
0.17231,-0.18903,-0.73512,0.62784,0
0.17233,-0.18904,-0.7351,0.62784,0
0.17239,-0.18908,-0.73506,0.62787,0
0.17246,-0.18915,-0.735,0.6279,0
0.17253,-0.18923,-0.73493,0.62793,0
0.17258,-0.18931,-0.7349,0.62793,0
0.1726,-0.18938,-0.7349,0.62791,0
0.1726,-0.18942,-0.73492,0.62787,0
0.17258,-0.18943,-0.73496,0.62783,0
0.17256,-0.18946,-0.73499,0.62779,0
0.17255,-0.1895,-0.73501,0.62775,0
0.17253,-0.18957,-0.73503,0.62772,0
0.17253,-0.18965,-0.73503,0.6277,0
0.17253,-0.18972,-0.73502,0.62768,0
0.17254,-0.1898,-0.73501,0.62766,0
0.17256,-0.18988,-0.73499,0.62766,0
0.17259,-0.18994,-0.73497,0.62765,0
0.17261,-0.18995,-0.73497,0.62765,0
0.1726,-0.18993,-0.73499,0.62763,0
0.17256,-0.18988,-0.73504,0.62761,0
0.17252,-0.18984,-0.73508,0.62757,0
0.17249,-0.18981,-0.73513,0.62754,0
0.17247,-0.18981,-0.73515,0.62752,0
0.17247,-0.18981,-0.73516,0.62751,0
0.17247,-0.18983,-0.73517,0.62749,0
0.17245,-0.18984,-0.73519,0.62747,0
0.17243,-0.18984,-0.7352,0.62746,0
0.17239,-0.18985,-0.73522,0.62744,0
0.17237,-0.18985,-0.73524,0.62743,0
0.17236,-0.18985,-0.73524,0.62743,0
0.17237,-0.18985,-0.73525,0.62742,0
0.17238,-0.18984,-0.73525,0.62741,0
0.17237,-0.18982,-0.73526,0.62742,0
0.17235,-0.18979,-0.73528,0.62741,0
0.17232,-0.18975,-0.7353,0.6274,0
0.17228,-0.18973,-0.73533,0.62739,0
0.17226,-0.18969,-0.73535,0.62737,0
0.17225,-0.18965,-0.73538,0.62736,0
0.17225,-0.1896,-0.73541,0.62734,0
0.17224,-0.18953,-0.73544,0.62733,0
0.17222,-0.18948,-0.73545,0.62733,0
0.1722,-0.18945,-0.73545,0.62735,0
0.1722,-0.18945,-0.73543,0.62738,0
0.17221,-0.18947,-0.73539,0.62742,0
0.17225,-0.18949,-0.73534,0.62745,0
0.17228,-0.18951,-0.7353,0.62748,0
0.17231,-0.18951,-0.73528,0.62751,0
0.17234,-0.1895,-0.73526,0.62752,0
0.17235,-0.18946,-0.73525,0.62754,0
0.17235,-0.18942,-0.73525,0.62756,0
0.17234,-0.18935,-0.73526,0.62757,0
0.17231,-0.18927,-0.73528,0.62758,0
0.17229,-0.18923,-0.73529,0.62758,0
0.17227,-0.18922,-0.73529,0.62759,0
0.17225,-0.18921,-0.73529,0.62759,0
0.17224,-0.18923,-0.73528,0.6276,0
0.17224,-0.18924,-0.73527,0.62761,0
0.17223,-0.18924,-0.73527,0.62762,0
0.17222,-0.18922,-0.73527,0.62763,0
0.17224,-0.18919,-0.73526,0.62765,0
0.17225,-0.18917,-0.73523,0.62768,0
0.17227,-0.18914,-0.7352,0.62772,0
0.1723,-0.1891,-0.73517,0.62776,0
0.17233,-0.18906,-0.73515,0.62778,0
0.17237,-0.18901,-0.73514,0.6278,0
0.1724,-0.18898,-0.73513,0.62781,0
0.17242,-0.18895,-0.73512,0.62783,0
0.17245,-0.18893,-0.73511,0.62784,0
0.17247,-0.18893,-0.73509,0.62786,0
0.1725,-0.18894,-0.73505,0.62789,0
0.17254,-0.18896,-0.73501,0.62792,0
0.17258,-0.18899,-0.73496,0.62796,0
0.17261,-0.189,-0.73493,0.62799,0
0.17262,-0.18902,-0.73492,0.62799,0
0.17263,-0.18903,-0.73491,0.628,0
0.17264,-0.18902,-0.73491,0.628,0
0.17264,-0.18905,-0.73489,0.628,0
0.17266,-0.18908,-0.73487,0.62802,0
0.17268,-0.18914,-0.73483,0.62804,0
0.17272,-0.1892,-0.73478,0.62807,0
0.17275,-0.18925,-0.73474,0.62809,0
0.17279,-0.18929,-0.73471,0.6281,0
0.17282,-0.18931,-0.73469,0.62811,0
0.17285,-0.18933,-0.73467,0.62812,0
0.17292,-0.18934,-0.73463,0.62814,0
0.17302,-0.18937,-0.73457,0.62817,0
0.17312,-0.18942,-0.73451,0.62821,0
0.17323,-0.18948,-0.73444,0.62824,0
0.17331,-0.18954,-0.73439,0.62825,0
0.17336,-0.18963,-0.73436,0.62826,0
0.17338,-0.1897,-0.73434,0.62825,0
0.17339,-0.18975,-0.73432,0.62825,0
0.17342,-0.18978,-0.7343,0.62826,0
0.17345,-0.18978,-0.73427,0.62829,0
0.17349,-0.18978,-0.73423,0.62833,0
0.17354,-0.18978,-0.73419,0.62836,0
0.17357,-0.18979,-0.73415,0.62839,0
0.17359,-0.18983,-0.73412,0.62841,0
0.17359,-0.18987,-0.7341,0.62842,0
0.17358,-0.18991,-0.73409,0.62842,0
0.17355,-0.18992,-0.73411,0.6284,0
0.17351,-0.18992,-0.73414,0.62838,0
0.17345,-0.18989,-0.73419,0.62835,0
0.17338,-0.18984,-0.73425,0.62831,0
0.17332,-0.18982,-0.7343,0.62828,0
0.17329,-0.18981,-0.73433,0.62825,0
0.17328,-0.1898,-0.73434,0.62825,0
0.17328,-0.1898,-0.73434,0.62825,0
0.17326,-0.1898,-0.73435,0.62824,0
0.17323,-0.18979,-0.73436,0.62825,0
0.1732,-0.18977,-0.73436,0.62826,0
0.17317,-0.18976,-0.73436,0.62827,0
0.17315,-0.18976,-0.73436,0.62827,0
0.17313,-0.18977,-0.73436,0.62827,0
0.17312,-0.1898,-0.73435,0.62828,0
0.17312,-0.18981,-0.73433,0.6283,0
0.17313,-0.18981,-0.73431,0.62832,0
0.17314,-0.18978,-0.73431,0.62833,0
0.17313,-0.18975,-0.73433,0.62832,0
0.1731,-0.18974,-0.73436,0.62829,0
0.17306,-0.18977,-0.7344,0.62825,0
0.17301,-0.18982,-0.73445,0.62818,0
0.17294,-0.18989,-0.73451,0.62811,0
0.17287,-0.18996,-0.73457,0.62804,0
0.1728,-0.19,-0.73463,0.62799,0
0.17273,-0.19002,-0.73468,0.62793,0
0.17265,-0.19003,-0.73474,0.62788,0
0.17258,-0.19005,-0.7348,0.62782,0
0.17253,-0.19007,-0.73485,0.62777,0
0.17249,-0.1901,-0.7349,0.62772,0
0.17245,-0.19014,-0.73494,0.62767,0
0.17241,-0.19017,-0.73499,0.62762,0
0.17238,-0.19019,-0.73503,0.62757,0
0.17235,-0.19019,-0.73507,0.62753,0
0.17232,-0.19018,-0.7351,0.6275,0
0.17229,-0.19017,-0.73515,0.62746,0
0.17223,-0.19019,-0.73519,0.62742,0
0.17218,-0.19023,-0.73523,0.62738,0
0.17213,-0.19027,-0.73527,0.62733,0
0.17209,-0.19032,-0.73531,0.62729,0
0.17202,-0.19039,-0.73536,0.62722,0
0.17192,-0.19048,-0.73542,0.62715,0
0.17182,-0.19054,-0.73549,0.62708,0
0.17169,-0.19061,-0.73557,0.627,0
0.17154,-0.19067,-0.73566,0.62692,0
0.17139,-0.1907,-0.73574,0.62685,0
0.17123,-0.19068,-0.73582,0.62681,0
0.17106,-0.19064,-0.73591,0.62676,0
0.17088,-0.19058,-0.73602,0.6267,0
0.17071,-0.19052,-0.73615,0.62661,0
0.17053,-0.19043,-0.73631,0.6265,0
0.17037,-0.19028,-0.73646,0.62642,0
0.17021,-0.19009,-0.73659,0.62636,0
0.17007,-0.18987,-0.73671,0.62632,0
0.16994,-0.18964,-0.73682,0.6263,0
0.1698,-0.18942,-0.73695,0.62626,0
0.16965,-0.18919,-0.73706,0.62624,0
0.16953,-0.18898,-0.73714,0.62624,0
0.16945,-0.18875,-0.73719,0.62627,0
0.16943,-0.18853,-0.7372,0.62633,0
0.16947,-0.18831,-0.73718,0.6264,0
0.16953,-0.18811,-0.73716,0.62647,0
0.16959,-0.18795,-0.73713,0.62653,0
0.16967,-0.18788,-0.73712,0.62655,0
0.16976,-0.18792,-0.73716,0.62647,0
0.16979,-0.18806,-0.73732,0.62623,0
0.16979,-0.18822,-0.73753,0.62594,0
0.1698,-0.18838,-0.73772,0.62566,0
0.16982,-0.18857,-0.73791,0.62537,0
0.16983,-0.1888,-0.73808,0.6251,0
0.16988,-0.18906,-0.73818,0.62489,0
0.16997,-0.18936,-0.73823,0.62472,0
0.17012,-0.18972,-0.73826,0.62453,0
0.17031,-0.1901,-0.73829,0.62433,0
0.17057,-0.19045,-0.7383,0.62413,0
0.17088,-0.1907,-0.73833,0.62395,0
0.17119,-0.19088,-0.73836,0.62376,0
0.17153,-0.19099,-0.7384,0.62359,0
0.17196,-0.19104,-0.7384,0.62346,0
0.17266,-0.19106,-0.73827,0.62342,0
0.17362,-0.1911,-0.73801,0.62344,0
0.17468,-0.19131,-0.73776,0.62338,0
0.17577,-0.19167,-0.7376,0.62315,0
0.17705,-0.19187,-0.73737,0.623,0
0.17868,-0.19172,-0.73683,0.62322,0
0.18114,-0.19095,-0.73556,0.62424,0
0.18459,-0.18943,-0.73349,0.62613,0
0.18917,-0.18724,-0.73072,0.62865,0
0.19491,-0.18469,-0.72764,0.63122,0
0.20161,-0.18199,-0.72489,0.63307,0
0.20901,-0.17943,-0.7232,0.63332,0
0.21676,-0.17707,-0.72267,0.63198,0
0.22528,-0.17458,-0.72273,0.62963,0
0.23578,-0.17022,-0.72354,0.62604,0
0.24663,-0.16549,-0.7247,0.62177,0
0.25854,-0.15971,-0.72648,0.61634,0
0.27158,-0.153,-0.72849,0.61003,0
0.28525,-0.14572,-0.73088,0.60267,0
0.29916,-0.13792,-0.73325,0.59483,0
0.31234,-0.12999,-0.73553,0.58698,0
0.32423,-0.12178,-0.73756,0.5797,0
0.33378,-0.11338,-0.73898,0.57415,0
0.34161,-0.10567,-0.73937,0.5705,0
0.34883,-0.098859,-0.73875,0.56814,0
0.35411,-0.092921,-0.73774,0.5672,0
0.35704,-0.089347,-0.737,0.56689,0
0.35844,-0.088736,-0.73534,0.56826,0
0.35851,-0.090572,-0.73422,0.56937,0
0.35811,-0.094122,-0.7333,0.57024,0
0.357,-0.099265,-0.73145,0.57243,0
0.35477,-0.10641,-0.72931,0.57526,0
0.3518,-0.11521,-0.72707,0.57821,0
0.34812,-0.12562,-0.72468,0.58126,0
0.34367,-0.13735,-0.72205,0.58453,0
0.33843,-0.14978,-0.71918,0.58805,0
0.33233,-0.16262,-0.71623,0.59172,0
0.32542,-0.1757,-0.71326,0.59539,0
0.31785,-0.18888,-0.71032,0.59895,0
0.30957,-0.20211,-0.70753,0.60227,0
0.30066,-0.21534,-0.70491,0.60526,0
0.29113,-0.22842,-0.70248,0.60794,0
0.28102,-0.24102,-0.70015,0.61051,0
0.27016,-0.2528,-0.6979,0.61323,0
0.25857,-0.26379,-0.69576,0.61602,0
0.24647,-0.27404,-0.69379,0.61872,0
0.23395,-0.2836,-0.69214,0.62111,0
0.22105,-0.29254,-0.69074,0.62324,0
0.20766,-0.30085,-0.68935,0.62544,0
0.19392,-0.30864,-0.6877,0.62786,0
0.18016,-0.31607,-0.68572,0.63042,0
0.16665,-0.32319,-0.68353,0.6329,0
0.15378,-0.32959,-0.68112,0.63545,0
0.14147,-0.33528,-0.67837,0.63827,0
0.12974,-0.34024,-0.67539,0.64129,0
0.11877,-0.34468,-0.67261,0.64396,0
0.10896,-0.34867,-0.67061,0.64563,0
0.10056,-0.35166,-0.67006,0.64595,0
0.093458,-0.35289,-0.67077,0.6456,0
0.087509,-0.35184,-0.67234,0.64538,0
0.083008,-0.34823,-0.67455,0.64562,0
0.080469,-0.34251,-0.67739,0.64603,0
0.080238,-0.33508,-0.6806,0.64659,0
0.079927,-0.32797,-0.68381,0.64688,0
0.075996,-0.3258,-0.69007,0.64178,0
0.073132,-0.32326,-0.70223,0.6301,0
0.095536,-0.30544,-0.70589,0.63191,0
0.11676,-0.29411,-0.7079,0.63146,0
0.12852,-0.29161,-0.71219,0.62548,0
0.14481,-0.28925,-0.71572,0.61896,0
0.15719,-0.28488,-0.71849,0.61474,0
0.16129,-0.27885,-0.72164,0.61275,0
0.16171,-0.27158,-0.72554,0.6113,0
0.15984,-0.26493,-0.72728,0.61263,0
0.15933,-0.26183,-0.72652,0.61501,0
0.16207,-0.25917,-0.72528,0.61687,0
0.16414,-0.25574,-0.72522,0.61783,0
0.16584,-0.2525,-0.72546,0.61843,0
0.16831,-0.25002,-0.72518,0.6191,0
0.17087,-0.24786,-0.7249,0.61958,0
0.17245,-0.24552,-0.72522,0.6197,0
0.1734,-0.24322,-0.72575,0.61973,0
0.17432,-0.24109,-0.72615,0.61983,0
0.17533,-0.23899,-0.7264,0.62006,0
0.17639,-0.2369,-0.72662,0.62031,0
0.17752,-0.23502,-0.72699,0.62027,0
0.17861,-0.23343,-0.72753,0.61993,0
0.1795,-0.23205,-0.72812,0.61949,0
0.18021,-0.23076,-0.72862,0.61918,0
0.18086,-0.22931,-0.72896,0.61913,0
0.18153,-0.22774,-0.72918,0.61926,0
0.18212,-0.22625,-0.72932,0.61947,0
0.18259,-0.22494,-0.72939,0.61972,0
0.18317,-0.22376,-0.72932,0.62006,0
0.18408,-0.22267,-0.72908,0.62046,0
0.18528,-0.22174,-0.72875,0.62082,0
0.18653,-0.22103,-0.72842,0.62109,0
0.18768,-0.22047,-0.72815,0.62126,0
0.1887,-0.21994,-0.7279,0.62143,0
0.18963,-0.21933,-0.72765,0.62166,0
0.19051,-0.21865,-0.72741,0.62191,0
0.19136,-0.21807,-0.72718,0.62212,0
0.19218,-0.21765,-0.72702,0.6222,0
0.193,-0.21739,-0.7269,0.62218,0
0.19382,-0.21727,-0.72681,0.62207,0
0.19466,-0.21732,-0.72676,0.62185,0
0.19546,-0.21748,-0.72673,0.62158,0
0.19611,-0.21765,-0.72676,0.62129,0
0.19664,-0.21776,-0.72681,0.62101,0
0.19709,-0.21784,-0.72689,0.62075,0
0.1975,-0.21794,-0.72701,0.62045,0
0.19787,-0.21812,-0.72721,0.62003,0
0.1982,-0.21841,-0.72749,0.6195,0
0.1985,-0.21876,-0.72786,0.61884,0
0.19876,-0.21915,-0.7283,0.61811,0
0.19898,-0.21955,-0.72877,0.61733,0
0.19917,-0.21993,-0.72928,0.61653,0
0.19932,-0.22031,-0.72982,0.61571,0
0.19941,-0.22063,-0.73035,0.61494,0
0.19944,-0.22079,-0.73085,0.61427,0
0.19944,-0.22079,-0.73129,0.61375,0
0.1994,-0.2206,-0.73162,0.61344,0
0.19933,-0.22018,-0.73177,0.61343,0
0.19934,-0.21956,-0.73168,0.61376,0
0.19969,-0.21902,-0.73132,0.61427,0
0.20058,-0.21897,-0.73075,0.61467,0
0.20187,-0.21917,-0.73013,0.61492,0
0.20323,-0.21932,-0.72957,0.61507,0
0.20458,-0.21952,-0.72912,0.61509,0
0.20593,-0.21975,-0.72874,0.61501,0
0.20726,-0.21992,-0.72835,0.61497,0
0.20861,-0.22001,-0.72785,0.61508,0
0.21006,-0.21998,-0.72725,0.6153,0
0.21168,-0.21986,-0.72657,0.6156,0
0.21341,-0.21967,-0.72582,0.61594,0
0.21522,-0.21944,-0.72508,0.61627,0
0.21707,-0.21922,-0.72436,0.61654,0
0.21888,-0.21903,-0.72373,0.61671,0
0.22057,-0.2189,-0.72321,0.61677,0
0.22208,-0.21881,-0.72279,0.61674,0
0.22334,-0.21872,-0.72246,0.61671,0
0.22436,-0.21859,-0.72216,0.61673,0
0.22525,-0.2183,-0.72186,0.61687,0
0.22615,-0.21783,-0.72156,0.61706,0
0.22721,-0.21732,-0.72129,0.61716,0
0.22847,-0.21692,-0.72109,0.61707,0
0.22981,-0.2166,-0.72095,0.61685,0
0.23116,-0.21627,-0.72085,0.61658,0
0.23249,-0.21589,-0.7208,0.61626,0
0.23379,-0.21539,-0.72081,0.61594,0
0.23499,-0.21476,-0.72089,0.61561,0
0.2361,-0.21401,-0.72102,0.61529,0
0.23717,-0.21316,-0.72123,0.61493,0
0.2382,-0.21231,-0.72151,0.61449,0
0.23918,-0.2115,-0.72187,0.61398,0
0.24005,-0.21067,-0.72227,0.61345,0
0.24076,-0.20982,-0.72272,0.61293,0
0.24124,-0.20898,-0.7232,0.61246,0
0.24138,-0.20829,-0.72373,0.61202,0
0.24066,-0.20823,-0.72436,0.61158,0
0.24029,-0.20828,-0.72503,0.61091,0
0.24051,-0.20803,-0.72532,0.61057,0
0.24075,-0.20786,-0.72544,0.61038,0
0.24111,-0.2077,-0.7255,0.61023,0
0.24141,-0.20763,-0.72537,0.61028,0
0.24159,-0.20762,-0.72515,0.61048,0
0.24166,-0.20761,-0.72486,0.6108,0
0.24164,-0.20768,-0.72452,0.61118,0
0.24164,-0.20784,-0.72421,0.6115,0
0.24163,-0.20805,-0.72394,0.61176,0
0.24158,-0.20832,-0.72368,0.61199,2
0.24147,-0.20858,-0.72342,0.61225,0
0.24126,-0.20884,-0.72318,0.61253,0
0.24095,-0.20919,-0.72297,0.61278,0
0.24053,-0.2097,-0.72277,0.613,0
0.23998,-0.21038,-0.72258,0.61322,0
0.23932,-0.21121,-0.72233,0.61348,0
0.23855,-0.21215,-0.72201,0.61383,0
0.2377,-0.21312,-0.72159,0.61432,0
0.23668,-0.21407,-0.72107,0.61499,0
0.23539,-0.21502,-0.72051,0.61581,0
0.23368,-0.21592,-0.71987,0.61689,0
0.23168,-0.21675,-0.7192,0.61814,0
0.22956,-0.21748,-0.71844,0.61955,0
0.22748,-0.21838,-0.71778,0.62077,0
0.2256,-0.21979,-0.71758,0.62119,0
0.22386,-0.22168,-0.71811,0.62053,0
0.22204,-0.22364,-0.71933,0.61908,0
0.22011,-0.2252,-0.72074,0.61755,0
0.21816,-0.22618,-0.722,0.61641,0
0.21644,-0.2268,-0.72307,0.61554,0
0.2151,-0.2275,-0.72409,0.61455,0
0.21389,-0.22854,-0.72523,0.61324,0
0.21262,-0.22977,-0.72651,0.6117,0
0.21127,-0.23094,-0.72784,0.61015,0
0.20997,-0.23194,-0.72904,0.60878,0
0.20885,-0.23274,-0.72998,0.60774,0
0.20796,-0.23321,-0.73049,0.60725,0
0.20735,-0.23359,-0.73063,0.60714,0
0.20703,-0.23409,-0.7305,0.60721,0
0.20683,-0.23453,-0.73024,0.60743,0
0.20668,-0.23483,-0.73,0.60764,0
0.20648,-0.23509,-0.7299,0.60773,0
0.20615,-0.23523,-0.7299,0.6078,0
0.20591,-0.23503,-0.72957,0.60835,0
0.20606,-0.2346,-0.72869,0.60952,0
0.20652,-0.23423,-0.72747,0.61095,0
0.20694,-0.23406,-0.72627,0.61231,0
0.20718,-0.23398,-0.72534,0.61336,0
0.20733,-0.23388,-0.72461,0.6142,0
0.20738,-0.23371,-0.72406,0.6149,0
0.20733,-0.23341,-0.72357,0.61561,0
0.20725,-0.23304,-0.72306,0.61638,0
0.20712,-0.23274,-0.72258,0.6171,0
0.20696,-0.23255,-0.72219,0.61768,0
0.20679,-0.23251,-0.72193,0.61805,0
0.2066,-0.23252,-0.7218,0.61827,0
0.20632,-0.23253,-0.72175,0.61842,0
0.20597,-0.23256,-0.72173,0.61855,0
0.20553,-0.2326,-0.72173,0.61868,0
0.20498,-0.23266,-0.72176,0.6188,0
0.2044,-0.23281,-0.72182,0.61886,0
0.20391,-0.23309,-0.72195,0.61877,0
0.20345,-0.23344,-0.72219,0.61851,0
0.20293,-0.23379,-0.72258,0.61809,0
0.20228,-0.23411,-0.72313,0.61754,0
0.20144,-0.23435,-0.72381,0.61693,0
0.20038,-0.23441,-0.72453,0.6164,0
0.19925,-0.23435,-0.72523,0.61598,0
0.19815,-0.23424,-0.72582,0.61567,0
0.19722,-0.23414,-0.72632,0.61542,0
0.19647,-0.23409,-0.72676,0.61516,0
0.19583,-0.23406,-0.7272,0.61486,0
0.19524,-0.23403,-0.72769,0.61448,0
0.19462,-0.23408,-0.72824,0.614,0
0.19397,-0.23419,-0.72885,0.61344,0
0.19333,-0.23429,-0.72937,0.61298,0
0.19273,-0.23429,-0.7297,0.61278,0
0.19221,-0.23421,-0.72982,0.61283,0
0.1918,-0.2341,-0.72977,0.61306,0
0.19155,-0.23397,-0.72953,0.61348,0
0.19139,-0.23384,-0.72916,0.61401,0
0.19124,-0.23372,-0.72878,0.61456,0
0.19112,-0.23363,-0.72839,0.6151,0
0.19106,-0.23355,-0.72793,0.61569,0
0.19104,-0.23352,-0.72739,0.61634,0
0.19107,-0.2336,-0.7268,0.617,0
0.19111,-0.23378,-0.72618,0.61765,0
0.19118,-0.23407,-0.72554,0.61827,0
0.19123,-0.2345,-0.72488,0.61886,0
0.19121,-0.23498,-0.72421,0.61947,0
0.19115,-0.23542,-0.72351,0.62014,0
0.19111,-0.23581,-0.72276,0.62087,0
0.19114,-0.23614,-0.72198,0.62165,0
0.19125,-0.23635,-0.72114,0.62251,0
0.1914,-0.23649,-0.72018,0.62352,0
0.1916,-0.2366,-0.71905,0.62472,0
0.19186,-0.23663,-0.7178,0.62606,0
0.19217,-0.23649,-0.71653,0.62747,0
0.19253,-0.23608,-0.71528,0.62895,0
0.1929,-0.23542,-0.71396,0.63058,0
0.19321,-0.2345,-0.71244,0.63254,0
0.19324,-0.2331,-0.7107,0.635,0
0.19284,-0.23076,-0.7087,0.6382,0
0.19225,-0.22693,-0.70638,0.64232,0
0.19185,-0.22173,-0.70388,0.64697,0
0.19197,-0.21585,-0.70148,0.65153,0
0.19256,-0.20998,-0.69945,0.65543,0
0.193,-0.20469,-0.69807,0.65845,0
0.19289,-0.2001,-0.69739,0.66061,0
0.19236,-0.19606,-0.69733,0.66203,0
0.19138,-0.1923,-0.69771,0.66302,0
0.18988,-0.18871,-0.69828,0.66389,0
0.18797,-0.18457,-0.69876,0.66509,0
0.1856,-0.17913,-0.69943,0.66653,0
0.18252,-0.17323,-0.70047,0.66785,0
0.17865,-0.16722,-0.70129,0.66956,0
0.17415,-0.16031,-0.7017,0.672,0
0.16867,-0.15303,-0.702,0.67478,0
0.16246,-0.14583,-0.70251,0.67736,0
0.15711,-0.13913,-0.70338,0.67913,0
0.15349,-0.13409,-0.70425,0.68007,0
0.15159,-0.13107,-0.7049,0.68041,0
0.15157,-0.12918,-0.70527,0.6804,0
0.15298,-0.1276,-0.70538,0.68026,0
0.15559,-0.12574,-0.70539,0.68001,0
0.15937,-0.12294,-0.70522,0.67982,0
0.16382,-0.1189,-0.70491,0.6798,0
0.16819,-0.11352,-0.70487,0.6797,0
0.17187,-0.10633,-0.70532,0.67947,0
0.17469,-0.096453,-0.70624,0.67927,0
0.17688,-0.08352,-0.70747,0.67914,0
0.17814,-0.068226,-0.70859,0.67935,0
0.17778,-0.051326,-0.70905,0.68045,0
0.17552,-0.03372,-0.7086,0.6826,0
0.17218,-0.016483,-0.70753,0.68519,0
0.16909,-0.00021923,-0.7064,0.68732,0
0.16728,0.015333,-0.7055,0.68851,0
0.16697,0.030388,-0.70437,0.68924,0
0.16684,0.041631,-0.70226,0.69084,0
0.164,0.04639,-0.69908,0.69443,0
0.15818,0.047378,-0.69539,0.69941,0
0.15125,0.049935,-0.69116,0.70493,0
0.14242,0.051646,-0.68503,0.71259,0
0.13545,0.050686,-0.67697,0.72167,0
0.13089,0.048119,-0.66917,0.72991,0
0.12665,0.043711,-0.66245,0.73702,0
0.12301,0.038644,-0.65623,0.74347,0
0.11915,0.033081,-0.65041,0.74945,0
0.11413,0.027369,-0.6455,0.75469,0
0.10908,0.022453,-0.64194,0.75862,0
0.10497,0.018824,-0.64009,0.76087,0
0.10248,0.017268,-0.63996,0.76135,0
0.10301,0.018549,-0.64146,0.75999,0
0.10699,0.022654,-0.64455,0.7567,0
0.11434,0.029039,-0.64925,0.75137,0
0.12474,0.036437,-0.65551,0.74393,0
0.13738,0.043659,-0.66309,0.73453,0
0.15204,0.049206,-0.67221,0.72291,0
0.16789,0.052518,-0.68231,0.70959,0
0.18351,0.053815,-0.69237,0.69574,0
0.19637,0.055124,-0.70048,0.6839,0
0.20527,0.057537,-0.70563,0.67575,0
0.21004,0.060338,-0.70838,0.67115,0
0.21148,0.060425,-0.70968,0.66931,0
0.21126,0.049258,-0.70888,0.67114,0
0.21118,0.034516,-0.70473,0.67644,0
0.2079,0.0203,-0.69988,0.68303,0
0.19979,0.007999,-0.69604,0.6896,0
0.19176,0.00098269,-0.69455,0.69342,0
0.1837,-0.00062067,-0.69565,0.6945,0
0.17512,0.0037767,-0.69797,0.69437,0
0.16561,0.012216,-0.69983,0.69474,0
0.15515,0.021054,-0.70063,0.69614,0
0.14571,0.029368,-0.70034,0.69817,0
0.14013,0.037948,-0.6994,0.69983,0
0.13901,0.046608,-0.69751,0.70141,0
0.13419,0.052106,-0.69427,0.70517,0
0.12402,0.056012,-0.68737,0.71345,0
0.11265,0.056775,-0.67864,0.72356,0
0.10446,0.054201,-0.67181,0.73131,0
0.097209,0.049031,-0.66592,0.73804,0
0.09209,0.041757,-0.66066,0.74384,0
0.090428,0.033332,-0.65638,0.74825,0
0.091099,0.02524,-0.65239,0.75197,0
0.091853,0.01812,-0.64821,0.75569,0
0.092186,0.011702,-0.64433,0.75908,0
0.090992,0.0063799,-0.64163,0.76157,0
0.089448,0.0032274,-0.64277,0.76081,0
0.086742,0.0024559,-0.64543,0.75887,0
0.0866,0.0058787,-0.64574,0.75861,0
0.087893,0.0092069,-0.6462,0.75804,0
0.089263,0.010938,-0.64756,0.75669,0
0.091617,0.013733,-0.64974,0.75449,0
0.094768,0.017288,-0.65351,0.75077,0
0.099473,0.022069,-0.6586,0.74556,0
0.1061,0.027858,-0.66442,0.73927,0
0.11443,0.033899,-0.67138,0.73144,0
0.12445,0.039953,-0.6786,0.72279,0
0.13413,0.043525,-0.68651,0.71332,0
0.14241,0.04494,-0.69401,0.70431,0
0.15009,0.045257,-0.70056,0.69616,0
0.15753,0.04529,-0.70561,0.68939,0
0.16405,0.04529,-0.70888,0.68449,0
0.16842,0.045172,-0.71027,0.68199,0
0.17094,0.044019,-0.71069,0.681,0
0.17247,0.042964,-0.7102,0.68119,0
0.17328,0.041472,-0.70752,0.68386,0
0.17589,0.035782,-0.70291,0.68825,0
0.17967,0.032274,-0.69839,0.69205,0
0.18211,0.034275,-0.69449,0.69523,0
0.18093,0.041289,-0.69192,0.69772,0
0.17321,0.046662,-0.69105,0.7002,0
0.16446,0.046428,-0.68958,0.70376,0
0.15949,0.043658,-0.68826,0.70636,0
0.15462,0.041153,-0.6882,0.70766,0
0.14764,0.038988,-0.68856,0.70892,0
0.13884,0.038241,-0.68783,0.71145,0
0.1291,0.039089,-0.68711,0.71392,0
0.11927,0.040405,-0.68611,0.71651,0
0.11075,0.041368,-0.68419,0.71966,0
0.10405,0.03954,-0.68213,0.7227,0
0.10095,0.033174,-0.68075,0.72476,0
0.10058,0.023362,-0.67945,0.72642,0
0.1007,0.012193,-0.67822,0.72783,0
0.09888,0.0040314,-0.67996,0.72654,0
0.094667,0.0038576,-0.68625,0.72116,0
0.091691,0.0075686,-0.68653,0.72126,0
0.093399,0.011162,-0.68439,0.72302,0
0.09598,0.010774,-0.68332,0.7237,0
0.099613,0.010108,-0.68264,0.72387,0
0.10383,0.010993,-0.68262,0.72328,0
0.10842,0.013277,-0.68433,0.72095,0
0.11333,0.017176,-0.68748,0.7171,0
0.1192,0.022157,-0.69139,0.71223,0
0.12698,0.027731,-0.69662,0.70557,0
0.13521,0.033328,-0.70213,0.6983,0
0.1429,0.03767,-0.7073,0.69129,0
0.1505,0.038874,-0.71239,0.68435,0
0.15792,0.037238,-0.71699,0.67794,0
0.16465,0.034394,-0.72054,0.67271,0
0.16991,0.031266,-0.723,0.6689,0
0.17294,0.027623,-0.72441,0.66675,0
0.1736,0.022804,-0.72435,0.66683,0
0.1728,0.015414,-0.72212,0.66966,0
0.1722,0.0074774,-0.71906,0.67323,0
0.17296,0.0040089,-0.71688,0.67539,0
0.17374,0.0059345,-0.71647,0.67561,0
0.17291,0.012623,-0.71778,0.67434,0
0.16948,0.022496,-0.72013,0.67244,0
0.16478,0.032865,-0.72277,0.67035,0
0.16056,0.04197,-0.72399,0.66955,0
0.15476,0.045684,-0.72259,0.67218,0
0.14472,0.041784,-0.72068,0.67671,0
0.133,0.037779,-0.71953,0.68056,0
0.12077,0.037313,-0.71737,0.68513,0
0.10874,0.034524,-0.7142,0.69058,0
0.099095,0.028636,-0.71037,0.69622,0
0.091481,0.01889,-0.70673,0.70129,0
0.085903,0.0063276,-0.70409,0.70487,0
0.083121,-0.00025019,-0.70767,0.70164,0
0.08121,0.0013841,-0.71223,0.69723,0
0.080972,0.0054567,-0.70997,0.69954,0
0.084605,0.0080674,-0.70678,0.70231,0
0.088169,0.0072684,-0.70538,0.70329,0
0.092313,0.0057259,-0.70393,0.70423,0
0.097071,0.0048537,-0.70219,0.70532,0
0.10231,0.0048731,-0.70064,0.70613,0
0.10805,0.0064608,-0.70031,0.70559,0
0.11294,0.0089443,-0.70164,0.70346,0
0.11889,0.012149,-0.70388,0.70019,0
0.12786,0.017151,-0.70687,0.69548,0
0.13721,0.023704,-0.71006,0.69023,0
0.14619,0.030056,-0.71279,0.68531,0
0.15504,0.034745,-0.71555,0.68026,0
0.1629,0.036836,-0.71834,0.67534,0
0.16935,0.036379,-0.7207,0.67125,0
0.17497,0.03321,-0.72203,0.66855,0
0.17887,0.027707,-0.72224,0.66754,0
0.17727,0.020789,-0.72082,0.66975,0
0.17058,0.01262,-0.71927,0.67335,0
0.16502,0.0067068,-0.71835,0.6758,0
0.16301,0.0058757,-0.71777,0.67691,0
0.16145,0.0093169,-0.71742,0.67761,0
0.15874,0.016442,-0.71663,0.67895,0
0.15541,0.025672,-0.71506,0.68109,0
0.15278,0.035305,-0.71269,0.68372,0
0.15149,0.044837,-0.7096,0.68666,0
0.14975,0.051024,-0.70606,0.69026,0
0.14155,0.04842,-0.70302,0.69526,0
0.1311,0.042659,-0.69935,0.70136,0
0.12201,0.036913,-0.69437,0.70824,0
0.11213,0.02778,-0.69011,0.71443,0
0.10293,0.016825,-0.68709,0.71904,0
0.096033,0.0065888,-0.68389,0.72321,0
0.089529,-0.0026272,-0.68049,0.72726,0
0.084228,-0.0085735,-0.68735,0.72137,0
0.082583,-0.0096354,-0.69064,0.7184,0
0.089182,-0.0059804,-0.68448,0.72353,0
0.10103,-0.0030279,-0.6825,0.72386,0
0.11487,-0.0031529,-0.6871,0.71742,0
0.13211,0.0011319,-0.69282,0.7089,0
0.15114,0.0085206,-0.69854,0.69937,0
0.16994,0.017763,-0.70407,0.68927,0
0.1853,0.025379,-0.7101,0.67881,0
0.19724,0.029829,-0.71659,0.66836,0
0.20598,0.032792,-0.72202,0.65968,0
0.20884,0.031299,-0.72316,0.65761,0
0.20655,0.019653,-0.71855,0.6638,0
0.20721,0.0060269,-0.7089,0.67416,0
0.20378,-0.0047909,-0.69876,0.6857,0
0.19569,-0.012394,-0.69165,0.69511,0
0.18451,-0.015526,-0.68848,0.70122,0
0.17074,-0.014649,-0.6888,0.70441,0
0.1573,-0.0092492,-0.69279,0.70372,0
0.14586,0.00067993,-0.69837,0.70072,0
0.13632,0.012615,-0.70239,0.6985,0
0.12965,0.023308,-0.70356,0.69832,0
0.12772,0.031629,-0.70185,0.70006,0
0.13081,0.040041,-0.69867,0.70225,0
0.13288,0.052063,-0.69524,0.70447,0
0.12498,0.056931,-0.69028,0.71039,0
0.12265,0.056471,-0.68479,0.71613,0
0.11976,0.054862,-0.67996,0.72132,0
0.11305,0.052498,-0.67756,0.72483,0
0.10905,0.051084,-0.6755,0.72746,0
0.10443,0.047509,-0.67273,0.73094,0
0.098743,0.041506,-0.67056,0.73409,0
0.095145,0.035478,-0.66964,0.73571,0
0.094046,0.029822,-0.66927,0.73644,0
0.094345,0.024674,-0.66916,0.73669,0
0.095608,0.019717,-0.66991,0.736,0
0.096561,0.015671,-0.67128,0.73472,0
0.096278,0.013666,-0.67283,0.73337,0
0.095399,0.013276,-0.67417,0.73227,0
0.095306,0.012728,-0.67537,0.73118,0
0.09646,0.011444,-0.67651,0.73,0
0.098327,0.010132,-0.6774,0.72894,0
0.10012,0.0098859,-0.67793,0.72821,0
0.1021,0.011072,-0.67859,0.7273,0
0.10485,0.013627,-0.67998,0.72556,0
0.10851,0.017399,-0.68251,0.72257,0
0.11423,0.022385,-0.68482,0.71935,0
0.12356,0.029402,-0.68776,0.71474,0
0.13289,0.035221,-0.69131,0.70936,0
0.14026,0.037145,-0.69675,0.70249,0
0.1443,0.035626,-0.70169,0.6968,0
0.14518,0.033844,-0.70454,0.69383,0
0.14336,0.030346,-0.70302,0.69591,0
0.14222,0.024054,-0.6984,0.70103,0
0.14163,0.020294,-0.69289,0.7067,0
0.13668,0.024051,-0.69093,0.70947,0
0.13005,0.03533,-0.69418,0.70707,0
0.12314,0.049885,-0.70047,0.7012,0
0.1187,0.064816,-0.70625,0.69493,0
0.11421,0.069561,-0.70063,0.70088,0
0.10976,0.062244,-0.69358,0.70924,0
0.10526,0.06096,-0.68985,0.71366,0
0.098276,0.056711,-0.68593,0.71876,0
0.095138,0.052803,-0.6825,0.72274,0
0.093215,0.047704,-0.67896,0.72667,0
0.093,0.041788,-0.67615,0.72967,0
0.093218,0.036133,-0.67417,0.73177,0
0.093161,0.031167,-0.6724,0.73364,0
0.091973,0.027459,-0.67044,0.73573,0
0.089217,0.024402,-0.66874,0.73772,0
0.085739,0.021466,-0.66733,0.7395,0
0.082406,0.01847,-0.66678,0.74046,0
0.080523,0.015411,-0.66734,0.74023,0
0.080808,0.013727,-0.66687,0.74065,0
0.082182,0.013895,-0.66502,0.74216,0
0.083294,0.014787,-0.66347,0.74341,0
0.083805,0.015827,-0.66229,0.74438,0
0.084127,0.017296,-0.66111,0.74536,0
0.084535,0.019295,-0.6601,0.74615,0
0.085336,0.022083,-0.65982,0.74624,0
0.086568,0.025702,-0.66064,0.74525,0
0.088136,0.029879,-0.66256,0.74321,0
0.091213,0.035136,-0.66597,0.73955,0
0.096002,0.04115,-0.67036,0.73465,0
0.1018,0.04625,-0.67549,0.72884,0
0.10666,0.048354,-0.68124,0.72263,0
0.1104,0.047813,-0.68692,0.7167,0
0.11285,0.045605,-0.6913,0.71224,0
0.11421,0.042869,-0.69417,0.7094,0
0.1147,0.039242,-0.69575,0.70798,0
0.11443,0.034274,-0.69603,0.70801,0
0.11313,0.029256,-0.69556,0.7089,0
0.11169,0.026487,-0.69544,0.70935,0
0.11062,0.027052,-0.69605,0.7089,0
0.11008,0.030862,-0.69741,0.70749,0
0.11082,0.037058,-0.69848,0.70602,0
0.11083,0.038508,-0.69655,0.70785,0
0.10902,0.031375,-0.69325,0.71171,0
0.10717,0.022949,-0.69136,0.71415,0
0.10351,0.018325,-0.68943,0.71669,0
0.098882,0.01338,-0.68673,0.72003,0
0.096089,0.008221,-0.68523,0.72191,0
0.093635,0.0024326,-0.68468,0.7228,0
0.090103,-0.0027875,-0.68469,0.72324,0
0.085116,-0.0062848,-0.68695,0.72168,0
0.081552,-0.010029,-0.69325,0.716,0
0.082255,-0.013853,-0.69772,0.7115,0
0.086454,-0.015475,-0.69758,0.71111,0
0.090171,-0.016179,-0.69834,0.70988,0
0.090847,-0.016935,-0.70124,0.70692,0
0.089881,-0.016893,-0.70478,0.7035,0
0.089457,-0.016303,-0.70711,0.70123,0
0.090282,-0.015827,-0.70735,0.70089,0
0.091637,-0.015107,-0.70615,0.70195,0
0.092726,-0.013841,-0.70416,0.70383,0
0.094146,-0.012021,-0.70147,0.70635,0
0.096404,-0.0097736,-0.69873,0.70879,0
0.099368,-0.0069771,-0.69737,0.70975,0
0.10266,-0.0037402,-0.69838,0.70831,0
0.10588,-4.8537e-05,-0.70129,0.70497,0
0.10924,0.0044724,-0.70564,0.70008,0
0.1137,0.010053,-0.711,0.69387,0
0.11848,0.015864,-0.71635,0.68742,0
0.12096,0.020524,-0.72071,0.6823,0
0.12109,0.024462,-0.72372,0.67895,0
0.11972,0.028438,-0.72522,0.67744,0
0.11714,0.032196,-0.72526,0.67767,0
0.11477,0.034402,-0.72328,0.68008,0
0.11581,0.031707,-0.71751,0.68612,0
0.12111,0.023361,-0.70867,0.69468,0
0.12952,0.014291,-0.69939,0.70276,0
0.13852,0.011414,-0.69184,0.70854,0
0.14446,0.016987,-0.68755,0.71142,0
0.14085,0.0253,-0.68803,0.71144,0
0.12608,0.029179,-0.6911,0.71108,0
0.11138,0.031696,-0.69375,0.71085,0
0.10319,0.034569,-0.69552,0.71021,0
0.094307,0.034341,-0.69716,0.70986,0
0.084501,0.031479,-0.69776,0.71064,0
0.075556,0.025874,-0.69725,0.71236,0
0.067238,0.019238,-0.6963,0.71434,0
0.059823,0.013685,-0.69624,0.71518,0
0.053822,0.011566,-0.70023,0.71179,0
0.049966,0.011717,-0.70318,0.70915,0
0.051788,0.012884,-0.70289,0.70929,0
0.058579,0.014178,-0.70283,0.7088,0
0.067739,0.013153,-0.70546,0.70538,0
0.07833,0.0096549,-0.71106,0.69869,0
0.0899,0.0035164,-0.71816,0.69004,0
0.1034,-0.004092,-0.72564,0.68025,0
0.11684,-0.011104,-0.7324,0.67068,0
0.12722,-0.017707,-0.7386,0.66179,0
0.13045,-0.023248,-0.74471,0.6541,0
0.12499,-0.031138,-0.74995,0.64883,0
0.11907,-0.042667,-0.75221,0.64667,0
0.11717,-0.059895,-0.74966,0.6486,0
0.11536,-0.083091,-0.74348,0.65348,0
0.11244,-0.10771,-0.73488,0.66009,0
0.10799,-0.12905,-0.72623,0.66654,0
0.10219,-0.14373,-0.71932,0.67192,0
0.093273,-0.15152,-0.71499,0.67611,0
0.085237,-0.15121,-0.71333,0.67899,0
0.082459,-0.14119,-0.7149,0.67984,0
0.084878,-0.12483,-0.71929,0.67811,0
0.091079,-0.10559,-0.72376,0.67582,0
0.09875,-0.084258,-0.72393,0.67755,0
0.10747,-0.061392,-0.72035,0.68248,0
0.10554,-0.041321,-0.71792,0.68684,0
0.10034,-0.035888,-0.71513,0.69082,0
0.091615,-0.05366,-0.71528,0.69072,0
0.10227,-0.056946,-0.72478,0.67897,0
0.11079,-0.052617,-0.72507,0.67766,0
0.11408,-0.055585,-0.72279,0.67932,0
0.11697,-0.055029,-0.72454,0.677,0
0.11946,-0.055319,-0.72491,0.67615,0
0.12379,-0.054476,-0.72383,0.67659,0
0.13,-0.053441,-0.72249,0.67694,0
0.13914,-0.051264,-0.72038,0.67754,0
0.14629,-0.05069,-0.72135,0.67504,0
0.15521,-0.060048,-0.7239,0.66953,0
0.182,-0.061309,-0.72968,0.65626,0
0.21148,-0.053549,-0.73639,0.64043,0
0.23414,-0.045112,-0.74398,0.62421,0
0.25063,-0.034302,-0.75218,0.60847,0
0.25867,-0.025993,-0.75716,0.59926,0
0.25591,-0.030601,-0.75544,0.6024,0
0.24461,-0.039397,-0.75167,0.61123,0
0.22491,-0.052055,-0.74574,0.62496,0
0.20316,-0.074169,-0.73634,0.64112,0
0.18327,-0.10291,-0.72341,0.65764,0
0.16455,-0.13554,-0.70773,0.67355,0
0.14952,-0.16626,-0.69224,0.68616,0
0.13739,-0.19109,-0.68211,0.69234,0
0.12525,-0.20719,-0.67697,0.69505,0
0.11117,-0.21342,-0.6744,0.69805,0
0.097035,-0.21079,-0.67541,0.69998,0
0.084782,-0.20107,-0.67966,0.70032,0
0.074382,-0.18774,-0.6851,0.6999,0
0.069712,-0.17264,-0.69225,0.69723,0
0.071394,-0.15388,-0.69963,0.69407,0
0.077261,-0.13129,-0.70599,0.69164,0
0.083943,-0.10776,-0.7123,0.68846,0
0.087421,-0.085981,-0.71829,0.68485,0
0.079901,-0.069583,-0.70882,0.69738,0
0.080915,-0.083145,-0.72775,0.67596,0
0.08498,-0.078402,-0.71229,0.6923,0
0.093272,-0.060992,-0.70186,0.70354,0
0.089997,-0.05811,-0.70308,0.70299,0
0.088463,-0.051795,-0.70146,0.7053,0
0.094452,-0.04805,-0.69824,0.70797,0
0.099586,-0.045502,-0.69601,0.70964,0
0.10213,-0.042095,-0.69547,0.71001,0
0.10236,-0.042767,-0.69683,0.70861,0
0.10415,-0.044146,-0.69724,0.70786,0
0.10606,-0.043899,-0.69672,0.7081,0
0.10772,-0.042326,-0.69751,0.70717,0
0.10923,-0.040429,-0.69927,0.7053,0
0.11021,-0.038403,-0.70034,0.7042,0
0.11095,-0.036441,-0.70011,0.70443,0
0.11212,-0.035388,-0.69955,0.70485,0
0.11351,-0.035926,-0.69907,0.70507,0
0.1151,-0.036947,-0.69889,0.70494,0
0.11669,-0.03838,-0.69896,0.70453,0
0.11818,-0.040105,-0.69917,0.70398,0
0.12023,-0.041679,-0.6994,0.70331,0
0.12309,-0.043182,-0.69947,0.70266,0
0.1266,-0.044704,-0.69932,0.70208,0
0.13078,-0.046036,-0.69919,0.70136,0
0.13482,-0.047444,-0.6999,0.6998,0
0.13894,-0.048819,-0.70133,0.69745,0
0.14433,-0.049512,-0.70293,0.6947,0
0.14921,-0.050177,-0.70486,0.69166,0
0.15291,-0.050577,-0.70743,0.68819,0
0.15497,-0.050325,-0.70978,0.68532,0
0.15506,-0.050142,-0.71175,0.68327,0
0.15385,-0.050855,-0.71333,0.68184,0
0.15177,-0.052887,-0.71452,0.68091,0
0.14913,-0.056501,-0.71532,0.68036,0
0.14656,-0.062122,-0.71583,0.67989,0
0.14429,-0.068911,-0.71622,0.67931,0
0.1418,-0.075886,-0.71658,0.67871,0
0.13956,-0.081445,-0.71729,0.67778,0
0.13968,-0.084297,-0.71769,0.67698,0
0.14223,-0.084054,-0.71766,0.67652,0
0.14517,-0.082842,-0.71841,0.67524,0
0.14729,-0.082324,-0.7195,0.67368,0
0.14883,-0.082125,-0.72057,0.67222,0
0.14943,-0.082309,-0.72131,0.67128,0
0.14883,-0.08348,-0.72197,0.67055,0
0.14694,-0.086011,-0.72296,0.66959,0
0.14404,-0.089699,-0.72444,0.66812,0
0.14127,-0.093548,-0.72564,0.66689,0
0.14004,-0.096405,-0.72537,0.66703,0
0.14031,-0.097313,-0.72472,0.66755,0
0.14101,-0.096985,-0.72439,0.66781,0
0.14123,-0.096583,-0.72443,0.66777,0
0.14115,-0.096304,-0.72447,0.66779,0
0.14123,-0.096156,-0.72411,0.66819,0
0.14138,-0.095991,-0.72348,0.66885,0
0.14143,-0.095848,-0.72271,0.6697,0
0.1416,-0.095718,-0.72172,0.67075,0
0.14199,-0.095106,-0.72076,0.67178,0
0.14255,-0.09384,-0.72009,0.67256,0
0.14322,-0.092269,-0.71982,0.67293,0
0.14374,-0.090701,-0.71984,0.67301,0
0.14406,-0.089135,-0.72017,0.6728,0
0.14419,-0.087585,-0.72065,0.67245,0
0.14416,-0.085922,-0.72123,0.67206,0
0.14393,-0.084102,-0.72165,0.67188,0
0.14371,-0.082342,-0.72155,0.67226,0
0.14361,-0.080765,-0.72104,0.67302,0
0.14343,-0.079385,-0.72057,0.67373,0
0.1432,-0.078205,-0.72031,0.67419,0
0.14308,-0.077109,-0.72023,0.67443,0
0.14304,-0.075783,-0.72038,0.67442,0
0.14299,-0.073953,-0.72074,0.67425,0
0.14277,-0.071781,-0.72126,0.67398,0
0.14217,-0.069521,-0.72203,0.67351,0
0.14108,-0.067209,-0.72317,0.67276,0
0.13983,-0.064925,-0.72451,0.67181,0
0.13883,-0.062829,-0.72584,0.67077,0
0.13823,-0.060864,-0.72742,0.66936,0
0.13821,-0.059225,-0.72974,0.66698,0
0.13957,-0.058523,-0.73359,0.66252,0
0.14333,-0.059229,-0.73909,0.65551,0
0.14928,-0.061114,-0.74523,0.647,0
0.15665,-0.06452,-0.75137,0.63777,0
0.16506,-0.070091,-0.75697,0.62836,0
0.17537,-0.077672,-0.76071,0.62011,0
0.1869,-0.085513,-0.76292,0.61295,0
0.19774,-0.091901,-0.76439,0.60676,0
0.21021,-0.098816,-0.76288,0.60337,0
0.226,-0.10925,-0.75631,0.60413,0
0.24055,-0.12034,-0.74852,0.60611,0
0.25143,-0.12895,-0.74287,0.60688,0
0.2586,-0.13512,-0.73996,0.60608,0
0.26359,-0.13927,-0.73975,0.60323,0
0.269,-0.14166,-0.74169,0.59789,0
0.27631,-0.14319,-0.74416,0.59108,0
0.28486,-0.14448,-0.74511,0.58548,0
0.28851,-0.14935,-0.7436,0.58439,0
0.28668,-0.15892,-0.74118,0.58584,0
0.28341,-0.16773,-0.73932,0.58732,0
0.28016,-0.17761,-0.7367,0.58927,0
0.27773,-0.18952,-0.73263,0.59179,0
0.27492,-0.20148,-0.7263,0.59692,0
0.27171,-0.21054,-0.71896,0.6041,0
0.26835,-0.21528,-0.71176,0.6124,0
0.26328,-0.21808,-0.71059,0.61497,0
0.25881,-0.22135,-0.71232,0.6137,0
0.26089,-0.22093,-0.70971,0.61599,0
0.26717,-0.21756,-0.70609,0.61865,0
0.27148,-0.21711,-0.70579,0.61727,0
0.27459,-0.21854,-0.70777,0.61311,0
0.2771,-0.22124,-0.71057,0.60775,0
0.27911,-0.22565,-0.71331,0.60197,0
0.28139,-0.23105,-0.71579,0.59588,0
0.28303,-0.23766,-0.71836,0.58938,0
0.28457,-0.24527,-0.72039,0.58302,0
0.28693,-0.25424,-0.72079,0.57749,0
0.2911,-0.26527,-0.71805,0.57384,0
0.297,-0.27883,-0.71343,0.57015,0
0.30313,-0.29314,-0.70906,0.56516,0
0.30953,-0.30805,-0.70379,0.56034,0
0.31656,-0.324,-0.69659,0.5564,0
0.32485,-0.34013,-0.68719,0.55368,0
0.33386,-0.35551,-0.67592,0.55252,0
0.34214,-0.36894,-0.6636,0.55358,0
0.34818,-0.37915,-0.65343,0.55502,0
0.34972,-0.38275,-0.65036,0.55519,0
0.34357,-0.38051,-0.65225,0.55834,0
0.33234,-0.37734,-0.65963,0.55861,0
0.32863,-0.37507,-0.66467,0.55637,0
0.33374,-0.37064,-0.6625,0.55887,0
0.33649,-0.36546,-0.66219,0.56099,0
0.33639,-0.36438,-0.66145,0.56263,0
0.33702,-0.36422,-0.66146,0.56235,0
0.33791,-0.36373,-0.66192,0.56159,0
0.33801,-0.36377,-0.66233,0.56101,0
0.33756,-0.36483,-0.66262,0.56025,0
0.33722,-0.36646,-0.66272,0.55928,0
0.33702,-0.36836,-0.66253,0.55838,0
0.33674,-0.37064,-0.66222,0.55741,0
0.33603,-0.37332,-0.66203,0.55627,0
0.33466,-0.37595,-0.66211,0.55523,0
0.33266,-0.37834,-0.66251,0.55433,0
0.33043,-0.3803,-0.66308,0.55364,0
0.32856,-0.38157,-0.66371,0.55312,0
0.32744,-0.38196,-0.66432,0.55279,0
0.32661,-0.38199,-0.66482,0.55264,0
0.32588,-0.38183,-0.66516,0.55278,0
0.32533,-0.38156,-0.66527,0.55316,0
0.32525,-0.38115,-0.66503,0.55379,0
0.32556,-0.38061,-0.66455,0.55455,0
0.32608,-0.38011,-0.66398,0.55526,0
0.32668,-0.37976,-0.66343,0.55581,0
0.32728,-0.37953,-0.66296,0.55618,0
0.32783,-0.37942,-0.66255,0.55642,0
0.32831,-0.3794,-0.66217,0.5566,0
0.32873,-0.37944,-0.66179,0.55677,0
0.32916,-0.37954,-0.66141,0.5569,0
0.32964,-0.37973,-0.661,0.55697,0
0.33015,-0.37997,-0.66055,0.55704,0
0.33067,-0.38015,-0.66004,0.55721,0
0.33117,-0.38021,-0.65951,0.55751,0
0.33164,-0.38004,-0.65897,0.55798,0
0.33215,-0.37962,-0.65835,0.5587,0
0.33266,-0.37912,-0.65775,0.55944,0
0.33309,-0.37856,-0.65724,0.56016,0
0.33343,-0.37792,-0.65681,0.5609,0
0.33368,-0.37728,-0.65647,0.56156,0
0.33383,-0.37669,-0.65622,0.56218,0
0.33391,-0.37615,-0.65603,0.5627,0
0.33395,-0.37571,-0.65589,0.56314,0
0.334,-0.37536,-0.65575,0.56351,0
0.33407,-0.37527,-0.65561,0.56369,0
0.33411,-0.37537,-0.65548,0.56375,0
0.33413,-0.37555,-0.65531,0.56382,0
0.33413,-0.3758,-0.65517,0.56381,0
0.33409,-0.37619,-0.65508,0.56368,0
0.334,-0.37664,-0.65504,0.56348,0
0.33392,-0.37702,-0.65501,0.56331,0
0.33386,-0.37731,-0.65497,0.5632,0
0.3338,-0.37755,-0.65494,0.56311,0
0.33374,-0.3778,-0.65493,0.56298,0
0.33367,-0.37803,-0.65494,0.56286,0
0.33361,-0.37817,-0.65494,0.56279,0
0.33355,-0.37821,-0.65495,0.5628,0
0.33351,-0.37818,-0.65494,0.56285,0
0.33352,-0.3782,-0.65491,0.56287,0
0.33349,-0.37827,-0.65489,0.56287,0
0.33342,-0.37834,-0.6549,0.56285,0
0.33333,-0.37838,-0.65494,0.56283,0
0.33324,-0.37841,-0.655,0.56279,0
0.33315,-0.37846,-0.65507,0.56272,0
0.33307,-0.3786,-0.65515,0.56259,0
0.33297,-0.37895,-0.65525,0.5623,0
0.33274,-0.3795,-0.65542,0.56186,0
0.33245,-0.38001,-0.65563,0.56144,0
0.33218,-0.38038,-0.65583,0.56112,0
0.33195,-0.38066,-0.65602,0.56084,0
0.33175,-0.38087,-0.65622,0.56059,0
0.33156,-0.38101,-0.65642,0.56037,0
0.3314,-0.38108,-0.65661,0.56019,0
0.33127,-0.38108,-0.6568,0.56004,0
0.33115,-0.38101,-0.65699,0.55995,0
0.33105,-0.38083,-0.65717,0.55991,0
0.33098,-0.38051,-0.65732,0.55999,0
0.33097,-0.38007,-0.6574,0.56021,0
0.33098,-0.3796,-0.65745,0.56046,0
0.33104,-0.37917,-0.65748,0.56068,0
0.33109,-0.37887,-0.65749,0.56084,0
0.33113,-0.37861,-0.65752,0.56096,0
0.33118,-0.37831,-0.65756,0.56108,0
0.33121,-0.37801,-0.65763,0.56118,0
0.33119,-0.37775,-0.65771,0.56127,0
0.33113,-0.37754,-0.65781,0.56134,0
0.33107,-0.37738,-0.6579,0.56137,0
0.33102,-0.37729,-0.65801,0.56134,0
0.33095,-0.37722,-0.65814,0.56127,0
0.33085,-0.37713,-0.65831,0.56119,0
0.33071,-0.37701,-0.65848,0.56116,0
0.33055,-0.37689,-0.65863,0.56115,0
0.33041,-0.37682,-0.65875,0.56114,0
0.33028,-0.37685,-0.65885,0.56109,0
0.33014,-0.37689,-0.65893,0.56104,0
0.33003,-0.37688,-0.659,0.56103,0
0.32996,-0.37679,-0.65907,0.56106,0
0.32994,-0.37658,-0.65913,0.56114,0
0.32994,-0.37631,-0.65917,0.56127,0
0.32996,-0.376,-0.6592,0.56144,0
0.33001,-0.37567,-0.6592,0.56163,0
0.33011,-0.3753,-0.65915,0.56187,0
0.33023,-0.37491,-0.65909,0.56214,0
0.33035,-0.37452,-0.65903,0.56239,0
0.33045,-0.37413,-0.65897,0.56266,0
0.33051,-0.37372,-0.65896,0.56291,0
0.33051,-0.37335,-0.65901,0.5631,0
0.33043,-0.37308,-0.6591,0.56322,0
0.33034,-0.37289,-0.6592,0.56328,0
0.33025,-0.37272,-0.65931,0.56331,0
0.33017,-0.37254,-0.65943,0.56335,0
0.33013,-0.37231,-0.65952,0.56342,0
0.33013,-0.37204,-0.65958,0.56352,0
0.33016,-0.37181,-0.65961,0.56362,0
0.33019,-0.37166,-0.65962,0.56369,0
0.33024,-0.37157,-0.6596,0.56374,0
0.3303,-0.37151,-0.65957,0.56378,0
0.33037,-0.37145,-0.65956,0.56379,0
0.3304,-0.37138,-0.65959,0.56378,0
0.33042,-0.37128,-0.65964,0.56378,0
0.33043,-0.37116,-0.65969,0.56379,0
0.33049,-0.37104,-0.6597,0.56383,0
0.33058,-0.37093,-0.65967,0.56389,0
0.33068,-0.37084,-0.65962,0.56394,0
0.33081,-0.37076,-0.65955,0.564,0
0.33094,-0.37064,-0.65948,0.56408,0
0.33105,-0.37045,-0.65941,0.56422,0
0.33115,-0.3702,-0.65933,0.56442,0
0.33124,-0.36991,-0.65923,0.56468,0
0.33135,-0.36959,-0.6591,0.56498,3
0.33148,-0.36927,-0.65894,0.56529,0
0.33162,-0.36899,-0.65877,0.56559,0
0.33178,-0.36876,-0.65862,0.56582,0
0.33191,-0.36859,-0.65853,0.56596,0
0.33199,-0.36845,-0.65848,0.56606,0
0.33203,-0.36831,-0.65848,0.56613,0
0.33206,-0.3682,-0.6585,0.56617,0
0.33207,-0.36815,-0.65848,0.56621,0
0.33209,-0.36814,-0.65846,0.56623,0
0.33212,-0.36817,-0.65844,0.56623,0
0.33214,-0.36823,-0.65842,0.56619,0
0.33216,-0.36827,-0.65842,0.56615,0
0.33217,-0.36832,-0.65843,0.56611,0
0.33218,-0.36835,-0.65845,0.56606,0
0.33215,-0.36836,-0.6585,0.56601,0
0.33209,-0.36836,-0.65857,0.56597,0
0.33202,-0.36837,-0.65863,0.56592,0
0.33196,-0.36841,-0.65871,0.56585,0
0.33191,-0.36844,-0.65877,0.56578,0
0.3319,-0.36846,-0.65883,0.56571,0
0.3319,-0.36847,-0.65889,0.56563,0
0.33191,-0.36847,-0.65895,0.56556,0
0.33191,-0.36847,-0.65901,0.56548,0
0.33189,-0.36848,-0.65908,0.5654,0
0.33186,-0.3685,-0.65917,0.5653,0
0.33182,-0.36853,-0.65927,0.56519,0
0.33177,-0.36857,-0.65938,0.56507,0
0.33172,-0.36862,-0.65951,0.56492,0
0.33168,-0.36865,-0.65964,0.56476,0
0.33166,-0.36865,-0.65978,0.56461,0
0.33165,-0.36864,-0.65992,0.56446,0
0.33167,-0.3686,-0.66003,0.56435,0
0.33171,-0.36853,-0.66012,0.56426,0
0.33178,-0.36841,-0.66022,0.56418,0
0.33185,-0.36826,-0.66035,0.56409,0
0.33186,-0.36811,-0.66054,0.56396,0
0.33177,-0.36794,-0.6608,0.56382,0
0.33156,-0.36773,-0.66112,0.56371,0
0.33131,-0.36747,-0.66146,0.56363,0
0.33093,-0.36713,-0.66194,0.5635,0
0.33029,-0.3668,-0.66265,0.56325,0
0.32957,-0.36672,-0.66351,0.56272,0
0.32886,-0.36681,-0.66443,0.56199,0
0.3281,-0.36695,-0.66544,0.56114,0
0.32731,-0.36708,-0.6665,0.56027,0
0.32645,-0.3671,-0.6676,0.55944,0
0.32558,-0.36699,-0.6687,0.55871,0
0.32475,-0.36682,-0.66977,0.55802,0
0.32394,-0.36668,-0.67082,0.55733,0
0.32307,-0.36669,-0.67195,0.55645,0
0.32219,-0.36702,-0.67312,0.55534,0
0.32148,-0.36743,-0.67426,0.55409,0
0.32097,-0.3676,-0.67545,0.55283,0
0.32042,-0.36762,-0.6766,0.55173,0
0.31971,-0.36757,-0.67777,0.55073,0
0.31886,-0.36756,-0.679,0.54972,0
0.31787,-0.36764,-0.68028,0.54865,0
0.31685,-0.36772,-0.6816,0.54755,0
0.31594,-0.36781,-0.68284,0.54647,0
0.31525,-0.36792,-0.68389,0.54547,0
0.31465,-0.36807,-0.68481,0.54457,0
0.31401,-0.36834,-0.68568,0.54366,0
0.31323,-0.36871,-0.68665,0.54264,0
0.31232,-0.36914,-0.68767,0.54158,0
0.3115,-0.36953,-0.68859,0.54061,0
0.31104,-0.36976,-0.68928,0.53984,0
0.31102,-0.36973,-0.68967,0.53937,0
0.31124,-0.36963,-0.68987,0.53905,0
0.31152,-0.36961,-0.68999,0.53875,0
0.31179,-0.36974,-0.69008,0.53839,0
0.31211,-0.36994,-0.69009,0.53806,0
0.31259,-0.37013,-0.68992,0.53788,0
0.31323,-0.37028,-0.68959,0.53782,0
0.31393,-0.37046,-0.68922,0.53776,0
0.31455,-0.37074,-0.6889,0.53762,0
0.31502,-0.37118,-0.68865,0.53735,0
0.31543,-0.37171,-0.68845,0.537,0
0.31583,-0.37223,-0.68828,0.53662,0
0.31628,-0.37266,-0.68811,0.53628,0
0.31674,-0.37302,-0.68796,0.53595,0
0.31714,-0.3734,-0.68785,0.53559,0
0.31744,-0.3738,-0.68784,0.53515,0
0.31762,-0.37421,-0.6879,0.53467,0
0.31771,-0.37466,-0.688,0.53418,0
0.31781,-0.37518,-0.68808,0.53365,0
0.318,-0.37579,-0.68808,0.53311,0
0.31839,-0.37652,-0.68794,0.53254,0
0.31898,-0.37742,-0.68769,0.53187,0
0.31965,-0.3785,-0.68741,0.53107,0
0.32023,-0.3796,-0.68714,0.53028,0
0.32069,-0.38064,-0.68691,0.52955,0
0.3211,-0.38162,-0.6867,0.52887,0
0.32151,-0.38252,-0.68651,0.52821,0
0.32192,-0.38341,-0.68632,0.52756,0
0.32234,-0.38438,-0.68612,0.52687,0
0.32279,-0.38546,-0.68589,0.5261,0
0.32329,-0.38659,-0.68564,0.52529,0
0.32389,-0.38765,-0.68536,0.5245,0
0.32458,-0.38854,-0.68508,0.52379,0
0.32528,-0.38933,-0.68482,0.52311,0
0.32595,-0.39015,-0.68457,0.5224,0
0.32662,-0.39107,-0.68432,0.52163,0
0.32731,-0.39213,-0.68407,0.52072,0
0.32807,-0.3933,-0.6838,0.51971,0
0.32887,-0.39461,-0.6835,0.51861,0
0.32966,-0.39596,-0.6832,0.51747,0
0.33048,-0.39724,-0.68293,0.51632,0
0.33138,-0.39846,-0.6827,0.51511,0
0.33246,-0.39965,-0.68247,0.5138,0
0.33376,-0.4008,-0.68224,0.51236,0
0.33531,-0.40204,-0.68202,0.51067,0
0.33703,-0.40353,-0.68184,0.5086,0
0.33884,-0.40523,-0.68172,0.5062,0
0.34064,-0.40702,-0.68169,0.50359,0
0.34231,-0.4088,-0.6818,0.50086,0
0.34374,-0.41053,-0.68208,0.49807,0
0.34493,-0.41199,-0.68265,0.49525,0
0.34602,-0.41298,-0.68351,0.49247,0
0.34713,-0.41331,-0.6847,0.48976,0
0.3483,-0.41301,-0.68625,0.48701,0
0.34978,-0.4123,-0.68811,0.4839,0
0.35211,-0.41128,-0.69018,0.48012,0
0.35535,-0.40996,-0.69224,0.47587,0
0.35897,-0.40903,-0.69415,0.47117,0
0.36289,-0.4084,-0.69591,0.46607,0
0.36749,-0.40772,-0.69766,0.46042,0
0.37255,-0.40745,-0.69943,0.45387,0
0.37808,-0.40754,-0.70106,0.44663,0
0.38425,-0.40773,-0.70257,0.43876,0
0.39115,-0.40765,-0.70405,0.43027,0
0.39851,-0.4074,-0.70577,0.42083,0
0.40622,-0.40706,-0.70773,0.41037,0
0.4142,-0.40682,-0.70974,0.399,0
0.42273,-0.40645,-0.7116,0.38693,0
0.43172,-0.40574,-0.71357,0.37392,0
0.44055,-0.40485,-0.71622,0.35922,0
0.44966,-0.40399,-0.7188,0.34341,0
0.45917,-0.40344,-0.72076,0.32696,0
0.46864,-0.40355,-0.72191,0.31043,0
0.47786,-0.4049,-0.72172,0.29466,0
0.48639,-0.40695,-0.72064,0.28016,0
0.49444,-0.4094,-0.71844,0.26791,0
0.50287,-0.41364,-0.71354,0.25863,0
0.51229,-0.42103,-0.70429,0.2535,0
0.52303,-0.43111,-0.6902,0.25339,0
0.53481,-0.44207,-0.67349,0.25487,0
0.54678,-0.45296,-0.65612,0.25565,0
0.55805,-0.46425,-0.6385,0.25567,0
0.56802,-0.47618,-0.62075,0.2555,0
0.57656,-0.48832,-0.6031,0.25573,0
0.5833,-0.50105,-0.58564,0.25638,0
0.58815,-0.5145,-0.56841,0.25745,0
0.59125,-0.52837,-0.55151,0.25901,0
0.59292,-0.54222,-0.535,0.26117,0
0.59341,-0.55586,-0.51885,0.26396,0
0.59274,-0.56927,-0.5031,0.26737,0
0.59093,-0.58243,-0.4878,0.27134,0
0.58803,-0.59529,-0.47304,0.27584,0
0.58423,-0.60781,-0.45875,0.2807,0
